gesture,feature_0,feature_1,feature_2,feature_3,feature_4,feature_5,feature_6,feature_7,feature_8,feature_9,feature_10,feature_11,feature_12,feature_13,feature_14,feature_15,feature_16,feature_17,feature_18,feature_19,feature_20,feature_21,feature_22,feature_23,feature_24,feature_25,feature_26,feature_27,feature_28,feature_29,feature_30,feature_31,feature_32,feature_33,feature_34,feature_35,feature_36,feature_37,feature_38,feature_39,feature_40,feature_41,feature_42,feature_43,feature_44,feature_45,feature_46,feature_47,feature_48,feature_49,feature_50,feature_51,feature_52,feature_53,feature_54,feature_55,feature_56,feature_57,feature_58,feature_59,feature_60,feature_61,feature_62,feature_63,feature_64,feature_65,feature_66,feature_67,feature_68,feature_69,feature_70,feature_71,feature_72,feature_73,feature_74,feature_75,feature_76,feature_77,feature_78
open_palm,0.0,0.0,0.0,0.0634407699108123,-0.0254727602005004,-0.0196748990565538,0.1122801303863525,-0.1190225481986999,-0.0274084378033876,0.108323335647583,-0.2073550820350647,-0.0350005105137825,0.0933690667152404,-0.2697563171386719,-0.0373788550496101,0.0786696970462799,-0.2390657067298889,-0.0065567083656787,0.1086740493774414,-0.2705104947090149,-0.038370531052351,0.1122856736183166,-0.1938390731811523,-0.0541360490024089,0.1009199023246765,-0.1584454178810119,-0.0603026449680328,0.0351494848728179,-0.242516279220581,-0.0103784929960966,0.0736412107944488,-0.2583697438240051,-0.0393083319067955,0.0794147551059722,-0.1711006164550781,-0.0462744161486625,0.0640892386436462,-0.1490865349769592,-0.0463309958577156,-0.0047502517700195,-0.2252248525619506,-0.0196060836315155,0.041377305984497,-0.2280146479606628,-0.0561766102910041,0.0482510924339294,-0.1434080004692077,-0.0502231530845165,0.0310514271259307,-0.1257198452949524,-0.039576381444931,-0.0425802171230316,-0.1925896406173706,-0.0298422928899526,0.0121541321277618,-0.1894396543502807,-0.0565364025533199,0.0145266652107238,-0.1281765699386596,-0.050392497330904,-0.0060731172561645,-0.1149571537971496,-0.0409135818481445,0.2517624497413635,0.2452699393033981,0.2261265069246292,0.1994853615760803,0.0994149297475814,0.1042075306177139,0.107618860900402,0.0864993929862976,0.0404881872236728,0.0410258956253528,0.0386762879788875,0.1138974577188491,0.0994149297475814,0.0438237525522708,0.1138974577188491,0.1319234073162078
open_palm,0.0,0.0,0.0,0.0770549476146698,-0.0508736371994018,-0.0094589721411466,0.1269778609275818,-0.1506378054618835,-0.0092274192720651,0.1369648575782776,-0.2293873429298401,-0.0131403906270861,0.1201044917106628,-0.2799144983291626,-0.0132951522246003,0.0938039422035217,-0.2294068932533264,0.0279616303741931,0.1196194291114807,-0.2615000009536743,0.0069665824994444,0.1277347207069397,-0.2228975296020507,-0.0088914642110466,0.1262504458427429,-0.2075381278991699,-0.0189553909003734,0.0608629584312438,-0.2409554123878479,0.0208590123802423,0.0903311073780059,-0.2706313133239746,-0.0049184863455593,0.0991312563419342,-0.2178540229797363,-0.0175038781017065,0.0928912162780761,-0.2062494158744812,-0.0207548625767231,0.0241582989692688,-0.2407773733139038,0.0073606064543128,0.061887502670288,-0.2612111568450928,-0.0244338866323232,0.0653062462806701,-0.1966386437416076,-0.0222533624619245,0.0511513948440551,-0.181670606136322,-0.0138600571081042,-0.0173301994800567,-0.2282244563102722,-0.0075399158522486,0.0316483080387115,-0.2311698794364929,-0.0305647794157266,0.0359377264976501,-0.1799238324165344,-0.0271522421389818,0.0199516415596008,-0.1685614585876464,-0.0200337469577789,0.2494164258241653,0.2493970841169357,0.2420982122421264,0.2290056496858596,0.0610919445753097,0.062944658100605,0.0683560743927955,0.0714542120695114,0.0334325730800628,0.0489271804690361,0.0344004184007644,0.0728570520877838,0.0610919445753097,0.0356219559907913,0.0728570520877838,0.116672858595848
open_palm,0.0,0.0,0.0,0.0782533288002014,-0.0254184007644653,-0.0195302348583936,0.1286153793334961,-0.1332806944847107,-0.0253795888274908,0.114436388015747,-0.2299461364746093,-0.0324881002306938,0.0749624371528625,-0.2848445177078247,-0.0357673466205596,0.0969813466072082,-0.2267654538154602,0.0114966034889221,0.1343543529510498,-0.249899685382843,-0.0217999704182147,0.1357415318489074,-0.1940694451332092,-0.0458374433219432,0.1218578815460205,-0.1766099333763122,-0.0602959394454956,0.0537564754486084,-0.2398521900177002,0.0048541319556534,0.1010017395019531,-0.2677561044692993,-0.0284485667943954,0.0996153950691223,-0.1964286565780639,-0.0417007878422737,0.0782146453857421,-0.1825994253158569,-0.0451992526650428,0.0138366222381591,-0.2345447540283203,-0.0088168196380138,0.0675538182258606,-0.250646710395813,-0.0496811419725418,0.0642152428627014,-0.1666280627250671,-0.0441259779036045,0.039541870355606,-0.1517837643623352,-0.032474797219038,-0.0275067687034606,-0.2141266465187072,-0.0241040680557489,0.0347533822059631,-0.2062035202980041,-0.0537250079214572,0.0338647663593292,-0.1429622173309326,-0.0476141944527626,0.0113116204738616,-0.1332667469978332,-0.0382098965346813,0.246901050209999,0.2458503544330597,0.2351179122924804,0.2172276526689529,0.0910416767001152,0.0798838064074516,0.0898322984576225,0.0907973870635032,0.04656732827425,0.0510597713291645,0.0342449732124805,0.1204805374145507,0.0910416767001152,0.0456483773887157,0.1204805374145507,0.1300939619541168
open_palm,0.0,0.0,0.0,0.0712956190109252,-0.0221880674362182,-0.020645348355174,0.1209068298339843,-0.130222201347351,-0.0275336652994155,0.1137266159057617,-0.2253946661949157,-0.0337544754147529,0.0830419659614563,-0.2841612696647644,-0.0349166393280029,0.0798777937889099,-0.242959976196289,-0.0009805401787161,0.1224690079689025,-0.2584215402603149,-0.0310934334993362,0.1206063032150268,-0.1894712448120117,-0.0484145730733871,0.1027771830558776,-0.1691802144050598,-0.0581987760961055,0.0348021686077117,-0.2507697939872741,-0.0049547492526471,0.083919882774353,-0.2694752812385559,-0.0348826274275779,0.083573043346405,-0.181814968585968,-0.0420222543179988,0.0629439949989318,-0.1668658256530761,-0.041933536529541,-0.0048721134662628,-0.2375990748405456,-0.0146344937384128,0.0512594580650329,-0.2429267168045044,-0.0517952553927898,0.0543909072875976,-0.1562396883964538,-0.0445379056036472,0.0313913822174072,-0.1439502239227295,-0.0328144431114196,-0.0415304899215698,-0.2119936347007751,-0.0255452543497085,0.0212191343307495,-0.2031774520874023,-0.0523401796817779,0.0270732343196868,-0.143243134021759,-0.046227391809225,0.0057332217693328,-0.1356391906738281,-0.0370390079915523,0.2557556927204132,0.2532216906547546,0.2380991876125335,0.2175284922122955,0.0961340889334678,0.0959128215909004,0.1020571365952491,0.0905315726995468,0.043088249862194,0.0400480963289737,0.0272994767874479,0.1189629361033439,0.0961340889334678,0.0459194891154766,0.1189629361033439,0.1276805102825164
open_palm,0.0,0.0,0.0,0.0670811235904693,-0.0015308856964111,-0.0220087431371212,0.1261573731899261,-0.1106756925582885,-0.0258739348500967,0.1258383691310882,-0.2166908383369445,-0.0286711249500513,0.0910234153270721,-0.2666448950767517,-0.0270066000521183,0.0863296687602996,-0.2218167781829834,-0.0008917825762182,0.1300689876079559,-0.2440952062606811,-0.0285301879048347,0.1238867938518524,-0.1775429844856262,-0.0431169830262661,0.1080006062984466,-0.1546598672866821,-0.0512415021657943,0.0406047403812408,-0.2323024868965149,-0.0026351411361247,0.0896362960338592,-0.2573295831680298,-0.0339247249066829,0.0842706859111785,-0.1682546734809875,-0.0410183407366275,0.0624167025089263,-0.148143470287323,-0.0393815152347087,0.0015046000480651,-0.2244265079498291,-0.0100989183411002,0.0507987141609191,-0.2422451376914978,-0.045149203389883,0.0527612268924713,-0.1576743721961975,-0.0372410975396633,0.031071662902832,-0.1378511786460876,-0.0252782590687274,-0.0396904647350311,-0.2078499794006347,-0.0191635750234127,0.0162132978439331,-0.2113902568817138,-0.0425144359469413,0.0272167026996612,-0.1508606076240539,-0.0365644730627536,0.0157529413700103,-0.1357713341712951,-0.0282382015138864,0.238025814294815,0.2358392179012298,0.224658653140068,0.2124716192483902,0.086687795817852,0.0943864211440086,0.0927357077598571,0.0913873687386512,0.0475501306354999,0.035879585891962,0.0157400835305452,0.1158283278346061,0.086687795817852,0.0469442084431648,0.1158283278346061,0.1281015425920486
open_palm,0.0,0.0,0.0,0.0650657415390014,0.0039066076278686,-0.0200785975903272,0.1265119910240173,-0.111993670463562,-0.0236107632517814,0.1192289590835571,-0.2236753702163696,-0.0259999614208936,0.0813704133033752,-0.2786483764648437,-0.0250877011567354,0.0857014656066894,-0.2266769409179687,-0.0006334902136586,0.1291143298149109,-0.2325572967529297,-0.0250156093388795,0.1204668283462524,-0.1786977648735046,-0.0392355397343635,0.1023998856544494,-0.1647555828094482,-0.0483498238027095,0.0358340740203857,-0.2389989495277404,-0.0028806410264223,0.0894115567207336,-0.2514410018920898,-0.0297732017934322,0.0830583572387695,-0.1657708287239074,-0.0365937612950801,0.0595648884773254,-0.1499547958374023,-0.0363971106708049,-0.0036970973014831,-0.229888379573822,-0.0100557571277022,0.050070583820343,-0.2392165064811706,-0.0420764908194541,0.0525496006011962,-0.1557117700576782,-0.0337806306779384,0.0287297964096069,-0.1370726227760315,-0.0231126863509416,-0.0441053807735443,-0.2114199995994568,-0.0184929110109806,0.0152800381183624,-0.211655855178833,-0.0404629670083522,0.0258532762527465,-0.1501010060310363,-0.0337316282093524,0.0123056173324584,-0.1352866888046264,-0.0257409326732158,0.2423377484083175,0.2416875660419464,0.230137899518013,0.216761827468872,0.0799371004104614,0.0980579778552055,0.0991803929209709,0.0950316563248634,0.0468696877360343,0.0359614938497543,0.0167287439107894,0.1181310042738914,0.0799371004104614,0.0514163225889205,0.1181310042738914,0.1319149285554886
open_palm,0.0,0.0,0.0,0.0646049678325653,-0.0057822465896606,-0.0152014717459678,0.1250822246074676,-0.121317446231842,-0.0132715990766882,0.1170233786106109,-0.2260116934776306,-0.0113405557349324,0.0814162194728851,-0.2743680477142334,-0.0098661892116069,0.075374037027359,-0.203564703464508,0.0057552182115614,0.100884348154068,-0.2206411361694336,-0.0009408803889527,0.1064277589321136,-0.2145546674728393,-0.008118150755763,0.1079189479351043,-0.2184951305389404,-0.0164865814149379,0.0244181454181671,-0.2208123803138733,0.0044962135143578,0.0592081844806671,-0.2439984679222107,-0.0082777123898267,0.0681700408458709,-0.2048712968826294,-0.0178459472954273,0.0662815868854522,-0.2037467956542968,-0.022978339344263,-0.0163986682891845,-0.2146381139755249,0.0005232717958278,0.02353435754776,-0.2388843894004821,-0.0203358735889196,0.0396487414836883,-0.1838107109069824,-0.0173802226781845,0.0388200879096984,-0.170247197151184,-0.0128465173766016,-0.0557611882686615,-0.1974814534187317,-0.0043925810605287,-0.0190735161304473,-0.2168548107147216,-0.0231535173952579,0.0063741505146026,-0.1892384886741638,-0.0213146638125181,0.0198691189289093,-0.1872925758361816,-0.017995286732912,0.2171473056077957,0.2222038954496383,0.2152642756700515,0.2052499204874038,0.0421519465744495,0.0529021061956882,0.0721000432968139,0.077516384422779,0.044646680355072,0.0444860756397247,0.0260037295520305,0.0621933043003082,0.0421519465744495,0.0538105033338069,0.0621933043003082,0.1316678822040558
open_palm,0.0,0.0,0.0,0.1002270877361297,-0.0148985385894775,-0.0534856729209423,0.170464426279068,-0.0685929059982299,-0.083326056599617,0.218165785074234,-0.1198095679283142,-0.1080197319388389,0.2619069516658783,-0.1476826071739196,-0.1319647431373596,0.1621154844760894,-0.2643142342567444,-0.0646425262093544,0.2361626923084259,-0.3772732019424438,-0.0983561724424362,0.2723223268985748,-0.4540853500366211,-0.1232945919036865,0.2964941561222076,-0.5201902389526367,-0.1421299129724502,0.0885976552963256,-0.3120489120483398,-0.0601336695253849,0.1219798624515533,-0.4500081837177276,-0.0884811431169509,0.1325716078281402,-0.5368139743804932,-0.1096609085798263,0.1364248096942901,-0.6060236692428589,-0.1247787997126579,0.0131518542766571,-0.3141945004463196,-0.0601126626133918,0.0077926814556121,-0.4450489282608032,-0.0882982984185218,0.0054976940155029,-0.5299913883209229,-0.1101228520274162,0.0038077533245086,-0.6010552644729614,-0.1248049363493919,-0.0598292052745819,-0.2764405608177185,-0.064023233950138,-0.0904935896396637,-0.3622521758079529,-0.0926261767745018,-0.1121911704540252,-0.4152085781097412,-0.1051878184080123,-0.1268556416034698,-0.4624121189117431,-0.1114879101514816,0.31673663854599,0.3299092650413513,0.3201635181903839,0.2899963557720184,0.2992230355739593,0.304774671792984,0.2942133247852325,0.2032999247312545,0.1824572533369064,0.1327100992202758,0.1909769028425216,0.3742479383945465,0.2992230355739593,0.0877712965011596,0.3742479383945465,0.2222765833139419
open_palm,0.0,0.0,0.0,0.104881465435028,-0.0086152553558349,-0.0576221346855163,0.2030827403068542,-0.0348495244979858,-0.0917284339666366,0.2875078320503235,-0.0058887004852294,-0.1241074353456497,0.3563824892044067,0.0424810647964477,-0.1559177190065384,0.1691058874130249,-0.2990291118621826,-0.0434530340135097,0.2346862554550171,-0.4093608260154724,-0.0710382685065269,0.2688784599304199,-0.4828667938709259,-0.0948773398995399,0.2922728061676025,-0.5463045239448547,-0.1137967705726623,0.1005217730998992,-0.3434323668479919,-0.0421213768422603,0.1249094605445861,-0.4824933409690857,-0.0628235787153244,0.1361465454101562,-0.5662046074867249,-0.0824448615312576,0.1398234367370605,-0.6300110816955566,-0.0964541286230087,0.0321922600269317,-0.3413108587265014,-0.0481832288205623,0.0248345434665679,-0.472029447555542,-0.0697667524218559,0.0210888385772705,-0.5529531240463257,-0.0924627259373664,0.0190882086753845,-0.6230732202529907,-0.107922613620758,-0.0365574955940246,-0.2989890575408935,-0.0605853348970413,-0.0724961757659912,-0.3791862726211548,-0.0826471671462059,-0.0951575636863708,-0.4328636527061462,-0.0945883467793464,-0.1111541986465454,-0.4839911460876465,-0.101159781217575,0.3462706804275512,0.3603118360042572,0.3461951315402984,0.3072482645511627,0.285067468881607,0.294319599866867,0.2883236408233642,0.2035601288080215,0.1747809052467346,0.1214769780635833,0.190663680434227,0.5937615036964417,0.285067468881607,0.0817141532897949,0.5937615036964417,0.2063757330179214
open_palm,0.0,0.0,0.0,0.1032738089561462,-0.014317512512207,-0.0518978014588356,0.2108689248561859,-0.0312476754188537,-0.0826693102717399,0.3021006882190704,0.0060176253318786,-0.1150419935584068,0.3727711737155914,0.0487120151519775,-0.1481155753135681,0.1637082397937774,-0.3031396269798279,-0.0217815544456243,0.2251568138599395,-0.4169043302536011,-0.0471145026385784,0.2585429251194,-0.4878628849983215,-0.0737208947539329,0.2844185531139374,-0.552058219909668,-0.0950827151536941,0.0920999646186828,-0.3432511687278747,-0.0226905234158039,0.115179032087326,-0.4875165820121765,-0.0396052226424217,0.1247476041316986,-0.5684097409248352,-0.0626309216022491,0.1280597150325775,-0.6321195363998413,-0.0812884420156478,0.0238154232501983,-0.3393971920013428,-0.0316929891705513,0.0128371715545654,-0.4717517793178558,-0.0492120459675788,0.0066934525966644,-0.5506941080093384,-0.0708047896623611,0.0038459002971649,-0.6219645142555237,-0.0874894484877586,-0.0438157021999359,-0.2982639074325561,-0.0475188717246055,-0.0831036269664764,-0.3814989924430847,-0.0653238743543624,-0.1044936776161193,-0.4342398345470428,-0.0745747983455658,-0.1166890859603881,-0.48564013838768,-0.080826498568058,0.3452078402042389,0.3561160266399383,0.3417046666145324,0.3051871955394745,0.2861896157264709,0.2969372868537903,0.2887149453163147,0.2037885636091232,0.1762049496173858,0.1247824057936668,0.1820917725563049,0.6095436811447144,0.2861896157264709,0.0820823237299919,0.6095436811447144,0.2091706693172454
open_palm,0.0,0.0,0.0,0.1024855077266693,-0.0129632949829101,-0.0521713979542255,0.2126011252403259,-0.0291199088096618,-0.0855247601866722,0.2993587851524353,0.0067622661590576,-0.120920330286026,0.3697856068611145,0.0513274669647216,-0.1575727462768554,0.1620033979415893,-0.3051599264144897,-0.0284681487828493,0.2231259942054748,-0.422324001789093,-0.0593434907495975,0.2564195394515991,-0.4935090541839599,-0.0896512791514396,0.2836313247680664,-0.5575919151306152,-0.1129223182797432,0.0874369144439697,-0.3445677161216736,-0.0305586606264114,0.1099504232406616,-0.4933587908744812,-0.0510674752295017,0.1192449331283569,-0.5729848146438599,-0.0743122398853302,0.1243650317192077,-0.6354292631149292,-0.0931587368249893,0.0180351138114929,-0.3399636745452881,-0.0406275652348995,0.0056912302970886,-0.4744834303855896,-0.0602951049804687,0.0001336336135864,-0.5525524616241455,-0.0791467875242233,-0.0011866092681884,-0.622444212436676,-0.0939043015241622,-0.0494093894958496,-0.2976857423782348,-0.0577565878629684,-0.0879035592079162,-0.3850912451744079,-0.0764060840010643,-0.1097078621387481,-0.4406759738922119,-0.0835872069001197,-0.1228939294815063,-0.4961530566215515,-0.0882591158151626,0.3466671705245971,0.3567996025085449,0.3428573608398437,0.3072359263896942,0.2926563620567322,0.2998047173023224,0.2881026566028595,0.2138215601444244,0.1783676147460937,0.1262235343456268,0.1754821836948394,0.6166028380393982,0.2926563620567322,0.0843653082847595,0.6166028380393982,0.2135627418756485
open_palm,0.0,0.0,0.0,0.0994622707366943,-0.011386215686798,-0.0508327484130859,0.2092393636703491,-0.0246039628982543,-0.0842135474085807,0.2943634390830993,0.0141292810440063,-0.1200183928012847,0.3673735857009887,0.0595965981483459,-0.1571606546640396,0.1630645990371704,-0.3015833497047424,-0.0264044273644685,0.2204660773277282,-0.4169556498527527,-0.0568279698491096,0.2532755136489868,-0.4852694571018219,-0.0877015590667724,0.2814652919769287,-0.5477586984634399,-0.1115748584270477,0.0886561274528503,-0.3406031727790832,-0.0291729550808668,0.1091226637363433,-0.4858391880989074,-0.04874699562788,0.1188178062438964,-0.5616508722305298,-0.0725562795996666,0.1252054572105407,-0.6207190752029419,-0.0922179818153381,0.0182993710041046,-0.3375700712203979,-0.039849404245615,0.0059312582015991,-0.4709529280662536,-0.0591398552060127,-0.0002702474594116,-0.5501541495323181,-0.0779948830604553,-0.0016603171825408,-0.6216628551483154,-0.0928229242563247,-0.0508038997650146,-0.2979563474655151,-0.0573788210749626,-0.0878200531005859,-0.3871554136276245,-0.0755144581198692,-0.1087687015533447,-0.4409743249416351,-0.0817109197378158,-0.1217877864837646,-0.4946005344390869,-0.0856501087546348,0.3438601195812225,0.3531593084335327,0.340406209230423,0.3076545894145965,0.2861381471157074,0.289439857006073,0.2896779477596283,0.2109666168689727,0.1735368371009826,0.1268707364797592,0.1750054210424423,0.6150925755500793,0.2861381471157074,0.0840644538402557,0.6150925755500793,0.2161303013563156
open_palm,0.0,0.0,0.0,0.1009594500064849,-0.0124353766441345,-0.0492726378142833,0.210306704044342,-0.0260193943977355,-0.0805610194802284,0.2922248244285583,0.0106498599052429,-0.1147003844380378,0.3593336343765259,0.0586573481559753,-0.1499872505664825,0.1650153398513794,-0.3029226064682007,-0.0183458570390939,0.2216424942016601,-0.4182783961296081,-0.0452420823276042,0.2537115216255188,-0.4864680767059326,-0.0738049745559692,0.2806107997894287,-0.5484068393707275,-0.095990240573883,0.0903384387493133,-0.341280996799469,-0.0206962451338768,0.1110725998878479,-0.4850768148899078,-0.0367458947002887,0.1204550862312316,-0.5610665678977966,-0.0585173778235912,0.1264960169792175,-0.6205175518989563,-0.0766545981168747,0.0201063752174377,-0.3387155532836914,-0.0313234217464923,0.0085113048553466,-0.4709796905517578,-0.0473440065979957,0.0032310783863067,-0.5504489541053772,-0.0654585808515548,0.0023500025272369,-0.6217671632766724,-0.0798911303281784,-0.0495330095291137,-0.3001779317855835,-0.0489124990999698,-0.0854925811290741,-0.3888354897499084,-0.0640655979514122,-0.1062804460525512,-0.4431181848049164,-0.0694424882531166,-0.1189488768577575,-0.4965455234050751,-0.0730364397168159,0.3454399108886719,0.3536411821842193,0.3407545387744903,0.3081440329551697,0.2822294533252716,0.287074476480484,0.2877365946769714,0.2096682041883468,0.1712460070848465,0.1241944804787635,0.1744731217622757,0.6145240664482117,0.2822294533252716,0.083985298871994,0.6145240664482117,0.2167322039604187
open_palm,0.0,0.0,0.0,0.1004175245761871,-0.0201961398124694,-0.0503238551318645,0.2020513713359832,-0.0567094087600708,-0.0807421430945396,0.2859468758106231,-0.0547226667404174,-0.111447624862194,0.3553394973278045,-0.0280093550682067,-0.1424733400344848,0.1437762081623077,-0.3303139209747314,-0.0315603166818618,0.197133868932724,-0.452144980430603,-0.0608935244381427,0.2291136682033538,-0.5157666206359863,-0.0886430963873863,0.255431979894638,-0.5712246894836426,-0.108712650835514,0.0759148299694061,-0.3648786544799804,-0.0320935100317001,0.0986021757125854,-0.5121129751205444,-0.0506291799247264,0.1113281548023223,-0.5899730920791626,-0.0711936205625534,0.1174262464046478,-0.6487277746200562,-0.0875658839941024,0.0103302001953125,-0.3585710525512695,-0.0399022027850151,0.0023480653762817,-0.4881554245948791,-0.0569775067269802,0.0012368261814117,-0.5654900074005127,-0.0748863145709037,0.0018054842948913,-0.6321554780006409,-0.0889982432126998,-0.0543773472309112,-0.3172072768211365,-0.0542824976146221,-0.0923413932323455,-0.4038289785385132,-0.0696396455168724,-0.1144405305385589,-0.4557335972785949,-0.0760139673948288,-0.1309521496295929,-0.5025585889816284,-0.080166257917881,0.3616281747817993,0.3740715086460113,0.3609322607517242,0.326380044221878,0.2765094637870788,0.2921826839447021,0.2780854701995849,0.2022097706794738,0.1596856415271759,0.1168111935257911,0.185736209154129,0.5533571839332581,0.2765094637870788,0.0761588588356971,0.5533571839332581,0.1998822540044784
open_palm,0.0,0.0,0.0,0.0918023586273193,-0.0866978168487548,-0.0228132512420415,0.1651479005813598,-0.1840201616287231,-0.0323926322162151,0.2191713452339172,-0.2777787446975708,-0.049236137419939,0.2520509362220764,-0.3540508151054382,-0.0648366510868072,0.1223127841949462,-0.3594250679016113,0.0449263490736484,0.1448984146118164,-0.4642113447189331,0.0210295412689447,0.1659830808639526,-0.4768813252449035,-0.012850827537477,0.1765823364257812,-0.4633789658546448,-0.0338328592479229,0.0700745582580566,-0.3797182440757751,0.036041997373104,0.0757040977478027,-0.5149364471435547,0.0081837158650159,0.100361555814743,-0.5187558531761169,-0.0336208082735538,0.1142915487289428,-0.4785859584808349,-0.058782260864973,0.0128023028373718,-0.3846076130867004,0.0186958499252796,0.0067295432090759,-0.5144407749176025,-0.0067507461644709,0.0345207452774047,-0.5281092524528503,-0.0374544486403465,0.0554208755493164,-0.4878901243209839,-0.0541070476174354,-0.0476021766662597,-0.3724718689918518,-0.0022857927251607,-0.0671673417091369,-0.4839037358760834,-0.0185093190521001,-0.04791721701622,-0.5105069875717163,-0.0299154408276081,-0.02288818359375,-0.4920360445976257,-0.0356734842061996,0.3823155462741852,0.3878084719181061,0.3852745294570923,0.3755083084106445,0.1412607878446579,0.1439500153064727,0.1333562284708023,0.1265745311975479,0.0688031092286109,0.0597844570875167,0.0805561542510986,0.1364162415266037,0.1412607878446579,0.0567413158714771,0.1364162415266037,0.1768341064453125
open_palm,0.0,0.0,0.0,0.0835986733436584,-0.0900708436965942,-0.0170694440603256,0.1360710859298706,-0.1873900890350341,-0.0193764027208089,0.1682118773460388,-0.2861653566360473,-0.0267678778618574,0.1888970732688903,-0.3662008047103882,-0.02910309843719,0.0942067503929138,-0.32454514503479,0.0523993261158466,0.1472487449645996,-0.405602216720581,0.0343309305608272,0.17926025390625,-0.3974146246910095,0.0097544342279434,0.1932070851325988,-0.3922711014747619,-0.0051858169026672,0.0647324323654174,-0.3368361592292785,0.0492337681353092,0.1216524541378021,-0.4298860430717468,0.0283143986016511,0.1550390124320984,-0.402390718460083,0.0017567308386787,0.1729983687400818,-0.380096435546875,-0.0115063702687621,0.0330459773540496,-0.3386926054954529,0.0376921072602272,0.0882423222064971,-0.4177988767623901,0.0151776047423481,0.125912070274353,-0.3855113983154297,0.0024999480228871,0.1478269100189209,-0.356873869895935,0.000217728986172,-0.0002079606056213,-0.3301657438278198,0.0234388168901205,0.0500450432300567,-0.3835656642913818,0.0138179343193769,0.0832577347755432,-0.3711163401603699,0.015931237488985,0.1049452424049377,-0.356940746307373,0.0213434863835573,0.3419797718524933,0.3465152978897095,0.3423819541931152,0.3309967219829559,0.1330560743808746,0.131462275981903,0.1221046671271324,0.1085287407040596,0.0244246609508991,0.0361986793577671,0.0478031337261199,0.0356408879160881,0.1330560743808746,0.0320908911526203,0.0356408879160881,0.0989163294434547
open_palm,0.0,0.0,0.0,0.0902576446533203,-0.0707699656486511,-0.0156220784410834,0.1563811600208282,-0.1818776130676269,-0.0229188315570354,0.1483312547206878,-0.2854772210121155,-0.0357235632836818,0.0887492597103118,-0.3116276860237121,-0.0416927672922611,0.128935307264328,-0.2889897227287292,0.0280495360493659,0.1639349162578582,-0.3702785968780517,-0.0088116182014346,0.1566804945468902,-0.3001949191093445,-0.0345952548086643,0.1358248889446258,-0.2724213600158691,-0.0480807498097419,0.0803399682044982,-0.2980433106422424,0.0176773201674222,0.117340475320816,-0.3636385798454284,-0.0212029982358217,0.1134533584117889,-0.2792608141899109,-0.0369440577924251,0.0941856503486633,-0.2570310831069946,-0.0389856807887554,0.0324696600437164,-0.2916949391365051,-0.0010069083655253,0.0744588971138,-0.3399780392646789,-0.0386359021067619,0.0740829110145568,-0.2596907019615173,-0.0335258841514587,0.0526742339134216,-0.2383502125740051,-0.021311730146408,-0.0160573720932006,-0.2767689824104309,-0.0223655477166175,0.0332383811473846,-0.2932246923446655,-0.0389317087829113,0.0338107049465179,-0.2399926781654358,-0.0277210101485252,0.0143326222896575,-0.2278794646263122,-0.0154983093962073,0.3176887631416321,0.3091873526573181,0.2934982478618622,0.2781350910663605,0.0782163515686988,0.0713049843907356,0.0605489090085029,0.0579732321202755,0.045314535498619,0.0488317646086216,0.0401685386896133,0.0615959204733371,0.0782163515686988,0.0505079925060272,0.0615959204733371,0.1539931893348693
open_palm,0.0,0.0,0.0,0.0890580117702484,-0.0610466003417968,-0.0255766827613115,0.160413920879364,-0.1702842712402343,-0.0320521891117095,0.1583349704742431,-0.2909774780273437,-0.0413080789148807,0.1131465435028076,-0.357100248336792,-0.0430804900825023,0.1449155807495117,-0.2583105564117431,0.0311836767941713,0.1820352673530578,-0.3282625079154968,-0.005082422401756,0.1730685234069824,-0.272361159324646,-0.029296051710844,0.1567161083221435,-0.2572351694107055,-0.0410464629530906,0.0944733023643493,-0.273771584033966,0.0277865137904882,0.1302853226661682,-0.3332172036170959,-0.0166486762464046,0.1192315816879272,-0.2474783062934875,-0.0371004194021225,0.0983755588531494,-0.2255886793136596,-0.0389423929154872,0.0449502766132354,-0.2764952182769775,0.0151315508410334,0.082370787858963,-0.3195058703422546,-0.0343551971018314,0.0764881372451782,-0.2352688312530517,-0.0343151204288005,0.0555928945541381,-0.2139736413955688,-0.0201317183673381,-0.0082024335861206,-0.271419882774353,0.0003601552452892,0.0411085486412048,-0.2882474064826965,-0.0277482215315103,0.0390886962413787,-0.2341057658195495,-0.0209826454520225,0.0192886590957641,-0.2228795289993286,-0.0077537456527352,0.297820895910263,0.2909435927867889,0.2805335819721222,0.2715440392494201,0.0731956362724304,0.0823988318443298,0.0725652202963829,0.0563716366887092,0.0664044171571731,0.0481571070849895,0.0393767245113849,0.1089746728539466,0.0731956362724304,0.0528678297996521,0.1089746728539466,0.1567388623952865
open_palm,0.0,0.0,0.0,0.1001643538475036,-0.0255009531974792,-0.0370869413018226,0.1893374323844909,-0.0694367289543151,-0.0421744175255298,0.2591586112976074,-0.1018328070640564,-0.0470414571464061,0.3073298931121826,-0.1440871357917785,-0.049188744276762,0.1341031789779663,-0.2683929204940796,0.0467136278748512,0.1655523180961609,-0.3436683416366577,0.0494187884032726,0.1871564984321594,-0.3771275877952575,0.034805916249752,0.2057392001152038,-0.4008128046989441,0.0235127471387386,0.0800936818122863,-0.2961222529411316,0.0550918839871883,0.0992469191551208,-0.387306272983551,0.0627645775675773,0.1147984862327575,-0.4383679628372192,0.0445923842489719,0.1302319765090942,-0.4662301540374756,0.0299977902323007,0.0230127274990081,-0.301468551158905,0.0538748577237129,0.0326659977436065,-0.3834969401359558,0.0510641299188137,0.0422372221946716,-0.399411678314209,0.0366009548306465,0.0546148419380188,-0.3944047689437866,0.0282941740006208,-0.0360929667949676,-0.2870095372200012,0.0473392307758331,-0.0302433967590332,-0.3522430062294006,0.0431091301143169,-0.0228232741355896,-0.3673774003982544,0.0411573052406311,-0.0077837705612182,-0.3609519600868225,0.0417186096310615,0.3036454916000366,0.3116705119609833,0.307108074426651,0.2931180298328399,0.1523319631814956,0.1791096329689026,0.1014406532049179,0.0793755874037742,0.100114069879055,0.1043059900403022,0.0720617249608039,0.2855069935321808,0.1523319631814956,0.0612873286008834,0.2855069935321808,0.1712124347686767
open_palm,0.0,0.0,0.0,0.0962989032268524,-0.0140990018844604,-0.058738138526678,0.1859369575977325,-0.0463042259216308,-0.087555319070816,0.2578039467334747,-0.0533190369606018,-0.1121977195143699,0.3184907138347626,-0.0484803318977355,-0.1354538202285766,0.1625854074954986,-0.2783313989639282,-0.0395811349153518,0.231759637594223,-0.3837228417396545,-0.0612266846001148,0.2697228491306305,-0.4545275568962097,-0.0828082859516143,0.2962176501750946,-0.5190907716751099,-0.1015103608369827,0.0939977765083313,-0.3228871822357178,-0.0344685576856136,0.1229568421840667,-0.4542980790138244,-0.0489985458552837,0.1369414031505584,-0.5340014696121216,-0.0703234449028968,0.1450499594211578,-0.5985608696937561,-0.0883138626813888,0.0239002704620361,-0.3236580491065979,-0.0366305895149707,0.022687941789627,-0.449998676776886,-0.0572662465274333,0.0230720341205596,-0.5304484367370605,-0.0830559432506561,0.0226894617080688,-0.5997058153152466,-0.1019914448261261,-0.0480545461177825,-0.2865458130836487,-0.0444471351802349,-0.0778056681156158,-0.3771989941596985,-0.0700286254286766,-0.1006287038326263,-0.4336122870445251,-0.085364893078804,-0.1161532998085022,-0.486847847700119,-0.0948148071765899,0.3247599899768829,0.3380529284477234,0.3265999853610992,0.2939273416996002,0.2822372615337372,0.2854849100112915,0.2836827337741852,0.2174746990203857,0.1712930798530578,0.1231278926134109,0.1790691018104553,0.4723583459854126,0.2822372615337372,0.081948883831501,0.4723583459854126,0.2108562141656875
open_palm,0.0,0.0,0.0,0.1030590534210205,-0.0157810449600219,-0.0306518636643886,0.1857232451438903,-0.0479826927185058,-0.042819358408451,0.247071087360382,-0.0597995519638061,-0.0585482753813266,0.3009494543075561,-0.0614839792251586,-0.0735275447368621,0.1517530083656311,-0.2885186672210693,0.0137487258762121,0.2145482897758484,-0.4004567861557007,0.0040896153077483,0.2505686283111572,-0.4728935956954956,-0.011059726588428,0.277815043926239,-0.5345402359962463,-0.0243365000933408,0.0841513574123382,-0.3290950655937195,0.0108423447236418,0.1106070280075073,-0.4689258933067322,0.0090194894000887,0.1199862360954284,-0.5568800568580627,-0.0057228533551096,0.1248272061347961,-0.6284945607185364,-0.019376341253519,0.0152594447135925,-0.3326514363288879,0.000535889994353,0.0093935132026672,-0.4675863981246948,-0.0065082809887826,0.0062843561172485,-0.5552197694778442,-0.0260396245867013,0.0044546723365783,-0.6302881240844727,-0.0423039160668849,-0.0559993982315063,-0.3022263050079345,-0.014200079254806,-0.0915652513504028,-0.395872414112091,-0.027446137741208,-0.114612340927124,-0.4547929167747497,-0.0363940186798572,-0.1299266517162323,-0.509182333946228,-0.042403008788824,0.3262836635112762,0.3398566842079162,0.3330016732215881,0.3076984286308288,0.2790496945381164,0.3036572933197021,0.3008979856967926,0.2215658575296402,0.1796031594276428,0.1225497350096702,0.180900439620018,0.4761692881584167,0.2790496945381164,0.0788978710770607,0.4761692881584167,0.2100716382265091
open_palm,0.0,0.0,0.0,0.1006445586681366,-0.0189345479011535,-0.036051969975233,0.1838440001010894,-0.0433647632598876,-0.053012479096651,0.2445674836635589,-0.0424190759658813,-0.0723175480961799,0.2983015477657318,-0.0342676043510437,-0.0908478274941444,0.1546747386455536,-0.2964087724685669,0.0043011531233787,0.2181010544300079,-0.4059618711471557,-0.0057837893255054,0.2528733909130096,-0.4758697152137756,-0.0213290192186832,0.2776355445384979,-0.5385543704032898,-0.0350981466472148,0.0870416462421417,-0.3376215696334839,0.002669813344255,0.1168151199817657,-0.4746747016906738,0.0001367630902677,0.1282344162464141,-0.5587387084960938,-0.0161611717194318,0.1337179839611053,-0.6290329694747925,-0.031509019434452,0.0184075832366943,-0.3402573466300964,-0.0063398880884051,0.0145822167396545,-0.4692211151123047,-0.0142691824585199,0.0116988718509674,-0.5561829209327698,-0.0380860641598701,0.0079488456249237,-0.6320277452468872,-0.0572565644979476,-0.0540824234485626,-0.3094606399536133,-0.0197920501232147,-0.0892402827739715,-0.4056224226951599,-0.0332335419952869,-0.1123787462711334,-0.4647958874702453,-0.0442918762564659,-0.128838449716568,-0.518120288848877,-0.0520401783287525,0.3343664705753326,0.3486713469028473,0.3408138751983642,0.3147737681865692,0.2744196653366089,0.2970984578132629,0.296364426612854,0.2239804863929748,0.1700339019298553,0.1284125447273254,0.1780811250209808,0.5077797770500183,0.2744196653366089,0.0792173668742179,0.5077797770500183,0.2105478197336197
open_palm,0.0,0.0,0.0,0.1002941131591796,-0.0181998014450073,-0.0410651005804538,0.188346266746521,-0.0449868440628051,-0.0624924227595329,0.2534158229827881,-0.0437526106834411,-0.0857506170868873,0.3109647631645202,-0.0333766341209411,-0.1080935299396514,0.1584150791168213,-0.2945966124534607,-0.0048742443323135,0.2205055952072143,-0.4043861627578735,-0.0210083182901144,0.2549642920494079,-0.4744447469711303,-0.0408141463994979,0.2804344296455383,-0.5371350049972534,-0.0572522617876529,0.0894337594509124,-0.3352803587913513,-0.0065413434058427,0.1188536882400512,-0.474922239780426,-0.014723458327353,0.1303820013999939,-0.5609128475189209,-0.0333756692707538,0.1361073851585388,-0.6314051151275635,-0.0497988052666187,0.0194676518440246,-0.3377137780189514,-0.0158768128603696,0.0162946581840515,-0.4694565534591675,-0.0276696756482124,0.0137205719947814,-0.5558360815048218,-0.0501446016132831,0.0113333761692047,-0.6305959820747375,-0.0679972618818283,-0.0525572299957275,-0.3061199784278869,-0.0303351320326328,-0.0874907970428466,-0.3998681902885437,-0.0455186255276203,-0.109419971704483,-0.459489107131958,-0.0555076301097869,-0.1236686110496521,-0.514746367931366,-0.0624016784131526,0.3345239162445068,0.3470650017261505,0.338646799325943,0.3120767772197723,0.2765086591243744,0.3028852641582489,0.2975948452949524,0.2227331548929214,0.1725476682186126,0.1260967552661895,0.1779830902814865,0.5072370767593384,0.2765086591243744,0.0801022425293922,0.5072370767593384,0.2128153145313263
open_palm,0.0,0.0,0.0,0.1084933578968048,-0.0184063911437988,-0.0492721162736415,0.1987263858318328,-0.0569716691970825,-0.0694312527775764,0.2651648819446563,-0.1028708219528198,-0.0895425081253051,0.3213848173618316,-0.1442528963088989,-0.1076757535338401,0.1556789577007293,-0.2940077781677246,-0.0018274885369464,0.212922602891922,-0.405744194984436,-0.0173472743481397,0.2473805248737335,-0.4789889454841614,-0.0372914597392082,0.2737602293491363,-0.5422662496566772,-0.0535092912614345,0.0859861075878143,-0.3347312211990356,0.0022311818320304,0.1133351027965545,-0.4723920226097107,-0.004768069833517,0.1241047084331512,-0.559664249420166,-0.022556148469448,0.1305186450481414,-0.6334284543991089,-0.0380053520202636,0.0143719911575317,-0.3384066224098205,-0.0027628182433545,0.010940283536911,-0.4713820219039917,-0.0149741163477301,0.0077374577522277,-0.5568895936012268,-0.0339890196919441,0.0065445601940155,-0.6319690942764282,-0.0494805239140987,-0.0582921802997589,-0.3090310096740722,-0.0138736683875322,-0.0905485451221466,-0.4025859236717224,-0.0312417820096015,-0.1122870147228241,-0.4628252983093261,-0.0409737043082714,-0.1276188790798187,-0.5175271034240723,-0.0471390523016452,0.3326857984066009,0.345606118440628,0.3387229442596435,0.3147866129875183,0.2797257304191589,0.3046672642230987,0.2973595857620239,0.2222237288951873,0.1704965084791183,0.1245125830173492,0.1763583868741989,0.4044956564903259,0.2797257304191589,0.0808205753564834,0.4044956564903259,0.2148358821868896
open_palm,0.0,0.0,0.0,0.1014266014099121,-0.017236053943634,-0.0362715050578117,0.1814677715301513,-0.0379795432090759,-0.0536485090851783,0.2371481657028198,-0.0347598791122436,-0.0749743059277534,0.2895743250846863,-0.02937912940979,-0.0954670459032058,0.1548407673835754,-0.2996070981025696,0.0154961235821247,0.2160373330116272,-0.4121267795562744,0.0084045827388763,0.25035160779953,-0.4842840433120727,-0.0066044414415955,0.274472177028656,-0.5481419563293457,-0.0202092546969652,0.0851463079452514,-0.3407126665115356,0.0137674231082201,0.1135675907135009,-0.4798834323883056,0.0158989913761615,0.1242145299911499,-0.5652532577514648,0.0007368778460659,0.1304382085800171,-0.6378069519996643,-0.0140359140932559,0.0160750150680542,-0.3426249027252197,0.0038766984362155,0.0112158060073852,-0.476024329662323,0.0015429349150508,0.0074791610240936,-0.5614290237426758,-0.0184639226645231,0.0037914514541625,-0.6375923156738281,-0.0355434007942676,-0.0563843250274658,-0.3101187348365783,-0.0113485213369131,-0.0887312293052673,-0.4059591293334961,-0.0196978654712438,-0.1104400157928466,-0.4663450717926025,-0.027157949283719,-0.1255421638488769,-0.5208740234375,-0.0325374826788902,0.3376095592975616,0.3514606058597564,0.3430237174034118,0.3154070675373077,0.2781297266483307,0.3018102049827575,0.2978432178497314,0.2228218615055084,0.169775441288948,0.1284601837396621,0.1742393970489502,0.5244107842445374,0.2781297266483307,0.0809319093823432,0.5244107842445374,0.2131834179162979
open_palm,0.0,0.0,0.0,0.0988189876079559,-0.014147937297821,-0.0452590696513652,0.1819389164447784,-0.0355358123779296,-0.068780742585659,0.2409155666828155,-0.030032992362976,-0.0938613414764404,0.2962729036808014,-0.0157136917114257,-0.1179038360714912,0.1498529016971588,-0.2921531796455383,-0.0068218167871236,0.2098018825054168,-0.4039219617843628,-0.0239486489444971,0.2442457973957061,-0.4754060506820678,-0.0447289831936359,0.2705578505992889,-0.5408763885498047,-0.0621454678475856,0.0804337859153747,-0.3334442377090454,-0.0068506766110658,0.1094516217708587,-0.4715843200683594,-0.0156593788415193,0.1210133731365203,-0.5584357380867004,-0.0350002944469451,0.1279871761798858,-0.6325948238372803,-0.0522957853972911,0.0114778578281402,-0.3349918723106384,-0.0150944087654352,0.0070374310016632,-0.4676908254623413,-0.027128143236041,0.0031768679618835,-0.55523681640625,-0.0503513626754283,-0.0001345574855804,-0.6324928998947144,-0.0687123537063598,-0.0591547787189483,-0.3017717003822326,-0.0289930161088705,-0.0921120941638946,-0.397841215133667,-0.044292714446783,-0.1144135892391204,-0.458384096622467,-0.0548534281551837,-0.1298199594020843,-0.5149134397506714,-0.0623287037014961,0.3284142315387726,0.3430766463279724,0.3355281352996826,0.3088786900043487,0.2819461822509765,0.306296706199646,0.3025170862674713,0.2270115315914154,0.1698107272386551,0.1291692405939102,0.1751684546470642,0.5287401080131531,0.2819461822509765,0.0807710736989975,0.5287401080131531,0.2104002982378006
open_palm,0.0,0.0,0.0,0.0975743234157562,-0.0160447359085083,-0.0475652143359184,0.1802590191364288,-0.0362199544906616,-0.0750997141003608,0.2399332821369171,-0.0290631651878356,-0.1038999482989311,0.2965284883975982,-0.0156174302101135,-0.13187275826931,0.1506054103374481,-0.2932712435722351,-0.0157343856990337,0.2120314538478851,-0.4067237377166748,-0.0365815907716751,0.2461661398410797,-0.4784421920776367,-0.0592875517904758,0.2719029486179352,-0.5437768697738647,-0.07765893638134,0.0825183689594268,-0.3331998586654663,-0.0157948583364486,0.113607257604599,-0.4735046029090881,-0.0283538270741701,0.1247327625751495,-0.5613199472427368,-0.0491922870278358,0.1305032074451446,-0.6353132128715515,-0.0673430785536766,0.0135850012302398,-0.3349156379699707,-0.0238331146538257,0.0099842250347137,-0.4688040018081665,-0.0382542125880718,0.0060948431491851,-0.5562702417373657,-0.0615290813148021,0.0022720098495483,-0.6326808333396912,-0.0798411667346954,-0.057745337486267,-0.3029083013534546,-0.0375300012528896,-0.090613305568695,-0.3990516662597656,-0.0538878366351127,-0.1121156513690948,-0.459987998008728,-0.0643357932567596,-0.1269507110118866,-0.5168789625167847,-0.0717396214604377,0.3300569355487823,0.3436290323734283,0.336037278175354,0.3106387853622436,0.2851329743862152,0.3102132081985473,0.3031979501247406,0.2274711579084396,0.168757826089859,0.1288657188415527,0.1737072765827179,0.5315053462982178,0.2851329743862152,0.0789312571287155,0.5315053462982178,0.2097092121839523
open_palm,0.0,0.0,0.0,0.0973302721977233,-0.0142971873283386,-0.0484792664647102,0.1818416714668274,-0.0335765480995178,-0.0759781748056411,0.2438370585441589,-0.030624508857727,-0.1047874838113784,0.3006101250648498,-0.0206513404846191,-0.132608488202095,0.1512654423713684,-0.293001651763916,-0.0142592601478099,0.2107061743736267,-0.4056769609451294,-0.0347413718700408,0.2449264526367187,-0.4773297309875488,-0.0572730787098407,0.2709184288978576,-0.5420824289321899,-0.0756073296070098,0.0817138850688934,-0.3333160281181335,-0.0144582875072956,0.1113656163215637,-0.4738633036613464,-0.027111243456602,0.1231299042701721,-0.561430811882019,-0.0481921061873436,0.130226194858551,-0.6361854076385498,-0.0664449110627174,0.012483388185501,-0.3348501324653625,-0.0228819232434034,0.0086230039596557,-0.468152642250061,-0.0380674079060554,0.0054078102111816,-0.5559705495834351,-0.061930738389492,0.0024941861629486,-0.6336463689804077,-0.0805553644895553,-0.0590849816799163,-0.302385151386261,-0.0370874479413032,-0.0907342433929443,-0.3990574479103088,-0.0544126741588115,-0.1119511127471923,-0.460492193698883,-0.0655991956591606,-0.1263946592807769,-0.5185683965682983,-0.073527380824089,0.3300523161888122,0.3434905707836151,0.3358631134033203,0.3103277087211609,0.2830576598644256,0.3111043572425842,0.3044752478599548,0.2293330729007721,0.1695099622011184,0.1285341084003448,0.1729296445846557,0.525377094745636,0.2830576598644256,0.0803909674286842,0.525377094745636,0.2117934674024582
open_palm,0.0,0.0,0.0,0.0945285260677337,-0.015153169631958,-0.0445690713822841,0.1809331178665161,-0.0347480177879333,-0.0715338587760925,0.2466301321983337,-0.026918888092041,-0.1000693440437316,0.3049991726875305,-0.0106381177902221,-0.1280998140573501,0.1519073843955993,-0.2911381721496582,-0.0173447728157043,0.2124194502830505,-0.4010750651359558,-0.0392791703343391,0.2466207146644592,-0.4715200662612915,-0.0625325739383697,0.2721868753433227,-0.5364283323287964,-0.0813208371400833,0.0847365856170654,-0.3314508199691772,-0.0194304697215557,0.1159625053405761,-0.4687906503677368,-0.0335813611745834,0.1269763112068176,-0.5551841259002686,-0.0550173334777355,0.1319829821586609,-0.6288677453994751,-0.0736888647079467,0.0166357159614563,-0.3333513736724853,-0.0288676377385854,0.0132961869239807,-0.4634543061256408,-0.0445621311664581,0.0101828277111053,-0.5489180088043213,-0.0678313747048378,0.0065237283706665,-0.6241761445999146,-0.0861832648515701,-0.054174393415451,-0.3013409376144409,-0.043630875647068,-0.087817907333374,-0.3969051837921142,-0.0608576908707618,-0.1095200181007385,-0.4577004313468933,-0.0713801681995391,-0.1246270537376403,-0.5147647857666016,-0.0788835361599922,0.3288436233997345,0.3426623344421386,0.3350122570991516,0.3092650473117828,0.2805839478969574,0.3059951066970825,0.2965912222862243,0.2274995893239975,0.1681083440780639,0.1261671334505081,0.1709522008895874,0.5288858413696289,0.2805839478969574,0.0783669278025627,0.5288858413696289,0.2080018073320388
open_palm,0.0,0.0,0.0,0.0912534892559051,-0.019216239452362,-0.0464694760739803,0.1767415702342987,-0.0421358346939086,-0.074207030236721,0.2427233755588531,-0.0359327793121337,-0.103231243789196,0.3013363778591156,-0.0186183452606201,-0.1313524693250656,0.1554602682590484,-0.2982364296913147,-0.015891658142209,0.2163377106189727,-0.4067457914352417,-0.0370239131152629,0.2496269047260284,-0.4763195514678955,-0.0602078400552272,0.2746709883213043,-0.5401381254196167,-0.0791333392262458,0.0891431272029876,-0.3387125730514526,-0.01666378416121,0.1206807196140289,-0.4760211110115051,-0.0297166779637336,0.1321775019168853,-0.5604684352874756,-0.0502961687743663,0.1381142437458038,-0.6322121024131775,-0.0681465864181518,0.0209087133407592,-0.3403524160385132,-0.0251236595213413,0.0183470845222473,-0.4685397744178772,-0.0394767224788665,0.016265869140625,-0.5518423914909363,-0.0614061765372753,0.0137566924095153,-0.6257110238075256,-0.0789659172296524,-0.0515742599964141,-0.3088225722312927,-0.0393054746091365,-0.0820152461528778,-0.4007291793823242,-0.0554398596286773,-0.1023794412612915,-0.4591683149337768,-0.0652308911085128,-0.116526573896408,-0.5143787860870361,-0.072242334485054,0.3366978168487549,0.3506428301334381,0.3419183194637298,0.3155569732189178,0.2769966721534729,0.3019778430461883,0.2904818058013916,0.2180756479501724,0.1650638282299041,0.1249964907765388,0.1715045422315597,0.5248054265975952,0.2769966721534729,0.0776973441243171,0.5248054265975952,0.2086230367422104
open_palm,0.0,0.0,0.0,0.092027336359024,-0.0163015127182006,-0.0450688637793064,0.1754936873912811,-0.0395066738128662,-0.0718695148825645,0.2414263188838958,-0.0367525815963745,-0.0995736047625541,0.2990981638431549,-0.0240659713745117,-0.1263512969017028,0.1481898725032806,-0.2910051941871643,-0.0188018735498189,0.2094862163066864,-0.4017446041107178,-0.040540974587202,0.2426500618457794,-0.4721065759658813,-0.0629804357886314,0.2669323980808258,-0.5354999899864197,-0.0810794830322265,0.0827599763870239,-0.3305402994155884,-0.0197682883590459,0.1151962578296661,-0.4690607786178589,-0.0344895385205745,0.1272860467433929,-0.5557640790939331,-0.0550374798476696,0.1323916614055633,-0.6271028518676758,-0.0725163370370864,0.0147882401943206,-0.3331623077392578,-0.0280099250376224,0.0121709108352661,-0.4646826982498169,-0.044179406017065,0.0100058019161224,-0.5510913729667664,-0.0666503235697746,0.0070789158344268,-0.6256868839263916,-0.0841782987117767,-0.0563102066516876,-0.303533136844635,-0.0414503328502178,-0.0885760486125946,-0.3988956809043884,-0.0590352155268192,-0.1095909774303436,-0.457729160785675,-0.0692881867289543,-0.1242009997367858,-0.5120895504951477,-0.0763208791613578,0.3271051347255707,0.3413164019584656,0.3346645832061767,0.3114824891090393,0.2788476049900055,0.3052785694599151,0.2979680001735687,0.2220830768346786,0.1629896312952041,0.1258621960878372,0.1737829148769378,0.5144404172897339,0.2788476049900055,0.0764527916908264,0.5144404172897339,0.2061314731836319
open_palm,0.0,0.0,0.0,0.0916490852832794,-0.016558289527893,-0.0455864146351814,0.1797980368137359,-0.0390427112579345,-0.0745858177542686,0.2481918036937713,-0.0320392847061157,-0.1038879379630088,0.3075483739376068,-0.0160956382751464,-0.1324172914028167,0.1515436470508575,-0.2957518696784973,-0.0270923618227243,0.2133409082889557,-0.404505968093872,-0.0513300560414791,0.2465937435626983,-0.4717936217784881,-0.0750233903527259,0.2705853283405304,-0.5336462259292603,-0.0937964767217636,0.0858221352100372,-0.3353292346000671,-0.0286579746752977,0.1208786070346832,-0.4739304184913635,-0.0453367009758949,0.1332226693630218,-0.558810830116272,-0.0665987730026245,0.1369787752628326,-0.6277154684066772,-0.084500104188919,0.0173795521259307,-0.3368610143661499,-0.0369297638535499,0.0163461863994598,-0.46571946144104,-0.0543700121343135,0.0142185986042022,-0.5507181882858276,-0.0773093402385711,0.0100814998149871,-0.6235125064849854,-0.0949377790093422,-0.0535543859004974,-0.3057193160057068,-0.0501830838620662,-0.0853717029094696,-0.4013245105743408,-0.068269595503807,-0.1061048209667205,-0.4589012861251831,-0.0783157423138618,-0.1214295327663421,-0.5117070078849792,-0.0849829837679863,0.3334196209907532,0.3473217785358429,0.3393246233463287,0.3144053220748901,0.2742518782615661,0.3020348250865936,0.292553037405014,0.2196565419435501,0.1636647433042526,0.1273951679468155,0.172900915145874,0.5203042030334473,0.2742518782615661,0.0767341926693916,0.5203042030334473,0.2066342979669571
open_palm,0.0,0.0,0.0,0.0984280705451965,-0.0248407125473022,-0.0469074100255966,0.1889479160308838,-0.0726162195205688,-0.0732919201254844,0.257682740688324,-0.1057355999946594,-0.0994734689593315,0.3183628916740417,-0.1136717796325683,-0.1237540915608406,0.1467147469520568,-0.3204050064086914,-0.0195405632257461,0.1980981230735778,-0.4143687486648559,-0.0491197481751441,0.234663724899292,-0.4598504304885864,-0.0789338871836662,0.2708845734596252,-0.4992430210113525,-0.1001615449786186,0.0852911174297332,-0.3562558889389038,-0.0218783747404813,0.1126520633697509,-0.4781817197799682,-0.0435680337250232,0.1397193074226379,-0.5498642325401306,-0.067554585635662,0.1691352725028991,-0.6089852452278137,-0.0865392908453941,0.0214613080024719,-0.3545388579368591,-0.0326953679323196,0.0218077898025512,-0.4618699550628662,-0.0566737316548824,0.0314576923847198,-0.5204652547836304,-0.0771911442279815,0.0498014390468597,-0.5723037719726562,-0.0914816632866859,-0.0421317219734191,-0.3226063251495361,-0.0496135652065277,-0.0764147341251373,-0.4140985608100891,-0.0718726441264152,-0.0979784727096557,-0.4798775315284729,-0.0837481617927551,-0.1084650456905365,-0.5424314737319946,-0.0915410593152046,0.3529396951198578,0.3669761419296264,0.3566894829273224,0.3291070163249969,0.2321657240390777,0.2740127742290497,0.227333590388298,0.2334119379520416,0.1502725630998611,0.1249420642852783,0.1610609740018844,0.3891991674900055,0.2321657240390777,0.0711590722203254,0.3891991674900055,0.1912386566400528
open_palm,0.0,0.0,0.0,0.0879261493682861,-0.0844341516494751,-0.0167618375271558,0.1468577682971954,-0.1778387427330017,-0.0234677325934171,0.1829738914966583,-0.2711920142173767,-0.0359992757439613,0.191735953092575,-0.3522230982780456,-0.045701790601015,0.1283348500728607,-0.3153994083404541,0.0329004079103469,0.1575163304805755,-0.4141022562980652,0.0027139163576066,0.1839255392551422,-0.4114449024200439,-0.0300820767879486,0.2008789479732513,-0.3879513740539551,-0.0493776947259902,0.0840562582015991,-0.3311893939971924,0.0255475752055645,0.11436727643013,-0.4311062097549438,-0.004281953908503,0.1402516067028045,-0.4164708852767944,-0.0349474847316741,0.1588399708271026,-0.3858308792114258,-0.0523993968963623,0.0338816046714782,-0.3340694308280945,0.0102787911891937,0.0677471458911895,-0.4168575406074524,-0.0178266800940036,0.0959286093711853,-0.4004138112068176,-0.0337020345032215,0.1161223351955413,-0.3702994585037231,-0.0408405400812625,-0.0205997228622436,-0.3223628997802734,-0.0080069648101925,0.0121653974056243,-0.3745248913764953,-0.027171291410923,0.0379615128040313,-0.3624739050865173,-0.0312116760760545,0.0595624446868896,-0.3444898128509521,-0.0310739167034626,0.3420951068401336,0.3426434695720672,0.3359404802322387,0.3231196403503418,0.1315147131681442,0.1210538148880004,0.1033892557024955,0.0862998142838478,0.042200744152069,0.0469001978635787,0.06293286383152,0.037062332034111,0.1315147131681442,0.0475813150405883,0.037062332034111,0.154607281088829
open_palm,0.0,0.0,0.0,0.0913873016834259,-0.0689177513122558,-0.0190053675323724,0.1508921682834625,-0.1738713979721069,-0.0270626656711101,0.1641292870044708,-0.2810373306274414,-0.0409120991826057,0.1411228477954864,-0.3595314025878906,-0.0469738543033599,0.1185596883296966,-0.308884859085083,0.0323539748787879,0.1603181660175323,-0.3656424283981323,-0.0074510956183075,0.1526803076267242,-0.2989906668663025,-0.0312006454914808,0.1372692883014679,-0.2845665216445923,-0.0421245768666267,0.0742559432983398,-0.3175755143165588,0.0236489120870828,0.1267355382442474,-0.3454707264900207,-0.0213817562907934,0.1155905425548553,-0.2563798427581787,-0.0365496613085269,0.0958463251590728,-0.2480342984199524,-0.0359052382409572,0.0302045941352844,-0.3111413717269897,0.0050306734628975,0.0887047350406646,-0.3177651762962341,-0.0453336425125598,0.0803065598011016,-0.2314969301223755,-0.0434028133749961,0.0573184192180633,-0.2234991788864135,-0.0290215127170085,-0.0123570561408996,-0.2936181426048279,-0.015706093981862,0.0507415235042572,-0.2793505191802978,-0.0448726639151573,0.0470386445522308,-0.2218861579895019,-0.0395149067044258,0.0260305404663085,-0.2199423313140869,-0.0275501515716314,0.3324350118637085,0.3269975781440735,0.3126444816589355,0.294297456741333,0.0805511325597763,0.0940681770443916,0.0978563502430915,0.0839167088270187,0.0555800795555114,0.0461926124989986,0.031523760408163,0.075220339000225,0.0805511325597763,0.0459796413779258,0.075220339000225,0.140292689204216
open_palm,0.0,0.0,0.0,0.0836356282234191,-0.0531328320503234,-0.0233892668038606,0.1512172222137451,-0.1605414748191833,-0.0307296048849821,0.1531704068183899,-0.2667857408523559,-0.0404562018811702,0.1200833916664123,-0.332655668258667,-0.0416941680014133,0.1185746192932128,-0.3019053339958191,0.0175779424607753,0.1584926843643188,-0.3426900506019592,-0.0209299307316541,0.1429016590118408,-0.2581697702407837,-0.0403090305626392,0.1215463876724243,-0.2488788962364196,-0.0491020642220974,0.0719662308692932,-0.3118320107460022,0.0119843771681189,0.1177266836166381,-0.3244742751121521,-0.0293358396738767,0.1055667996406555,-0.2289513349533081,-0.0402965694665908,0.0848985910415649,-0.2357819080352783,-0.0387875624001026,0.0271598994731903,-0.3012864589691162,-0.0024424737785011,0.0766425132751464,-0.3025893568992615,-0.0507091805338859,0.0713701844215393,-0.2098540663719177,-0.0450748316943645,0.0498870313167572,-0.2117902040481567,-0.030125506222248,-0.0178703367710113,-0.2790457606315613,-0.0187608487904071,0.0400059223175048,-0.2698116302490234,-0.0484080463647842,0.0386781096458435,-0.2048388719558715,-0.0404929257929325,0.0182763636112213,-0.2031812071800232,-0.0269367266446352,0.3248319029808044,0.3202529847621918,0.3025180399417877,0.2802460789680481,0.0852458626031875,0.0923507064580917,0.0963973701000213,0.0844325721263885,0.040261410176754,0.0433179214596748,0.0329168252646923,0.0841163769364357,0.0852458626031875,0.0479809194803237,0.0841163769364357,0.1430394798517227
open_palm,0.0,0.0,0.0,0.0829182863235473,-0.0122761130332946,-0.0406375378370285,0.167172372341156,-0.0566363334655761,-0.0618553683161735,0.2395253181457519,-0.0599275231361389,-0.0826462358236312,0.2996858358383178,-0.050528347492218,-0.1035417765378952,0.1225817203521728,-0.2493189573287964,-0.007218784186989,0.1421632766723632,-0.329277753829956,-0.0243030413985252,0.1570979356765747,-0.3701776266098022,-0.0459332950413227,0.1716547012329101,-0.3992400169372558,-0.0617322213947773,0.067941814661026,-0.2685389518737793,-0.0044190529733896,0.0776411890983581,-0.3553119897842407,-0.0176072567701339,0.0812094807624816,-0.3896974325180053,-0.0363699086010456,0.0872819423675537,-0.4127570390701294,-0.0492261685431003,0.0105485320091247,-0.2698365449905395,-0.0084978602826595,0.0189294815063476,-0.3613757491111755,-0.0240538511425256,0.0247343182563781,-0.3937939405441284,-0.0352787226438522,0.0312510430812835,-0.4164283871650696,-0.0414852797985076,-0.0491785705089569,-0.2542909979820251,-0.017436308786273,-0.043112963438034,-0.3305228352546692,-0.0295670162886381,-0.0356881320476532,-0.3454645276069641,-0.0290794316679239,-0.0259741246700286,-0.3505825400352478,-0.0269700344651937,0.2779178619384765,0.2770357131958008,0.2701763212680816,0.2595890164375305,0.1669017523527145,0.1522516757249832,0.1516770720481872,0.0995057746767997,0.0863589793443679,0.0566821098327636,0.0884369164705276,0.3738179206848144,0.1669017523527145,0.0579893626272678,0.3738179206848144,0.1721357554197311
open_palm,0.0,0.0,0.0,0.0883328318595886,-0.0090734958648681,-0.0617691539227962,0.166818082332611,-0.0325608849525451,-0.0985529944300651,0.2265413999557495,-0.0344170331954956,-0.1303664892911911,0.2812238931655884,-0.0298272967338562,-0.1625632047653198,0.1488046646118164,-0.262366235256195,-0.062951810657978,0.2186008095741272,-0.3747922778129577,-0.0918295830488205,0.2562561631202698,-0.4499154090881347,-0.1166128516197204,0.2831031084060669,-0.5181916952133179,-0.1370563954114914,0.0769383311271667,-0.3027546405792236,-0.0578078590333461,0.1052668094635009,-0.4384050369262695,-0.0809552669525146,0.1205413341522216,-0.5273401737213135,-0.1079263612627983,0.1300736665725708,-0.6054035425186157,-0.1299995481967926,0.0045769214630126,-0.3010922074317932,-0.0583859011530876,-0.0006297528743743,-0.4385154843330383,-0.0879263654351234,-0.0010550618171691,-0.5296541452407837,-0.1209977865219116,-0.0021687448024749,-0.6067924499511719,-0.1443244963884353,-0.0662920176982879,-0.2621668577194214,-0.0633613318204879,-0.1019005179405212,-0.3594962954521179,-0.0971149355173111,-0.131848394870758,-0.4195306301116943,-0.1175795719027519,-0.1537238955497741,-0.4746451377868652,-0.1299714595079422,0.3081262707710266,0.3176816403865814,0.3067350387573242,0.2777422368526459,0.2982855141162872,0.3156443238258362,0.3176217675209045,0.239224299788475,0.1762773543596267,0.1330232620239257,0.2015884071588516,0.4890336990356445,0.2982855141162872,0.0825981423258781,0.4890336990356445,0.2150971591472625
open_palm,0.0,0.0,0.0,0.0919849276542663,-0.0097374320030212,-0.0526051558554172,0.1762798428535461,-0.0382474660873413,-0.0850545838475227,0.241647183895111,-0.0444116592407226,-0.1170523837208747,0.3009373545646667,-0.0358555912971496,-0.1484467089176178,0.1630568504333496,-0.2876433134078979,-0.0413432903587818,0.2333663702011108,-0.4076917171478271,-0.0750250518321991,0.2735299468040466,-0.4850543737411499,-0.1031618267297744,0.3053953647613525,-0.5536110997200012,-0.1248305886983871,0.0930851697921752,-0.3312345743179321,-0.0422951988875865,0.1238982081413269,-0.4775344133377075,-0.0687279477715492,0.1379542350769043,-0.5689644813537598,-0.0926814898848533,0.1476650834083557,-0.6452196836471558,-0.1110095009207725,0.0223747193813323,-0.3311313986778259,-0.0506045632064342,0.018378347158432,-0.4734426736831665,-0.0787380710244178,0.0161022841930389,-0.5670579671859741,-0.1040095314383506,0.0156557559967041,-0.649063229560852,-0.1217078492045402,-0.0479235053062438,-0.2928138375282287,-0.0643260329961776,-0.0838328003883361,-0.3903238773345947,-0.0946004912257194,-0.1113185286521911,-0.4509987235069275,-0.1098401695489883,-0.1311224699020385,-0.5096750855445862,-0.1184709593653678,0.3332198560237884,0.3466555476188659,0.3357222974300384,0.3036024272441864,0.3130004107952118,0.3260172605514526,0.325855016708374,0.2385006099939346,0.1829261928796768,0.1324978917837143,0.2024435549974441,0.5183129906654358,0.3130004107952118,0.0824447721242904,0.5183129906654358,0.2122914344072342
open_palm,0.0,0.0,0.0,0.0979205965995788,-0.0176837444305419,-0.0494949109852314,0.1823451519012451,-0.0470234155654907,-0.0766042098402977,0.2482911348342895,-0.0624375343322753,-0.1036050841212272,0.3052676916122436,-0.0657781958580017,-0.1295745968818664,0.1546366810798645,-0.2943162322044372,-0.0285657867789268,0.2177533507347107,-0.410622775554657,-0.055338330566883,0.2545099854469299,-0.4828190803527832,-0.0808169245719909,0.2838680148124695,-0.5503271818161011,-0.1013128384947776,0.0860693752765655,-0.3360941410064697,-0.0288856066763401,0.1113714575767517,-0.4791691899299621,-0.0496384277939796,0.1236701607704162,-0.5684512853622437,-0.0745987296104431,0.1311662793159485,-0.6442558765411377,-0.0949482098221778,0.0155757665634155,-0.3353805541992187,-0.0363463349640369,0.0084648132324218,-0.4686168432235718,-0.0598525181412696,0.0048431754112243,-0.5585047006607056,-0.0868723839521408,0.0021518766880035,-0.6379928588867188,-0.1071356758475303,-0.0551510155200958,-0.2995225191116333,-0.0489740036427974,-0.0923509001731872,-0.3921481370925903,-0.075191281735897,-0.1196946501731872,-0.4509486556053161,-0.091046042740345,-0.1408430337905883,-0.5063112378120422,-0.1012488678097724,0.3336923122406006,0.3481401801109314,0.337703675031662,0.3084701299667358,0.2958622276782989,0.3183735013008117,0.3110716044902801,0.2298637777566909,0.1793904602527618,0.1297400295734405,0.1944794207811355,0.4858439564704895,0.2958622276782989,0.0802930369973182,0.4858439564704895,0.2108423113822937
open_palm,0.0,0.0,0.0,0.098194807767868,-0.0153158903121948,-0.047149408608675,0.1808023750782013,-0.0501983165740966,-0.0707309171557426,0.2358069121837616,-0.0785392522811889,-0.0940746963024139,0.2882422506809234,-0.0916749835014343,-0.1165388226509094,0.1458298861980438,-0.2931885719299316,-0.0232967119663953,0.20844367146492,-0.4115608334541321,-0.0482068620622158,0.2451074421405792,-0.4858546853065491,-0.0729216039180755,0.2743147909641266,-0.5550816655158997,-0.0929732769727706,0.0778949260711669,-0.3329505920410156,-0.0238472782075405,0.1062598526477813,-0.4787666797637939,-0.0431046448647975,0.1182749569416046,-0.5726743340492249,-0.0682092010974884,0.1249246299266815,-0.6545048952102661,-0.0890070796012878,0.0075286626815795,-0.3322296142578125,-0.0315485522150993,0.0024378597736358,-0.4715063571929931,-0.0552995279431343,-0.0016868710517883,-0.566033124923706,-0.0828936845064163,-0.0055767595767974,-0.6500449180603027,-0.1033793464303016,-0.0641865134239196,-0.2965878844261169,-0.0439570136368274,-0.1007830500602722,-0.3959658145904541,-0.0710776969790458,-0.1270486414432525,-0.45789635181427,-0.0868768393993377,-0.1474736034870147,-0.5167344808578491,-0.0969413667917251,0.3282813429832458,0.3427716493606567,0.3338090777397156,0.306621104478836,0.2999186217784881,0.3314434587955475,0.3260950744152069,0.241264596581459,0.1794940829277038,0.1313661485910415,0.1948020607233047,0.4642144739627838,0.2999186217784881,0.0787177234888076,0.4642144739627838,0.2110575586557388
open_palm,0.0,0.0,0.0,0.092813491821289,-0.0137073993682861,-0.0553552843630313,0.1735624074935913,-0.0477887392044067,-0.0878727734088897,0.2324019074440002,-0.0674368143081665,-0.1186446547508239,0.288037896156311,-0.0712780952453613,-0.1485717743635177,0.1463395953178405,-0.2897563576698303,-0.0456090383231639,0.2104158401489257,-0.4088635444641113,-0.0790820866823196,0.2481374740600586,-0.4844858050346374,-0.1081055849790573,0.2780361771583557,-0.5558265447616577,-0.1304786503314972,0.0771476030349731,-0.3285623788833618,-0.0449497103691101,0.1077629923820495,-0.4752530455589294,-0.0718480795621872,0.1213171482086181,-0.5693390369415283,-0.0986676290631294,0.1297630071640014,-0.6537812948226929,-0.1199127808213234,0.006813645362854,-0.3270500302314758,-0.0511530712246894,0.0023586750030517,-0.4655588865280151,-0.0803554281592369,-0.0004406869411468,-0.558688759803772,-0.1071874797344207,-0.0027567148208618,-0.6420686841011047,-0.1260888874530792,-0.0638260841369628,-0.2913058996200561,-0.0625673681497573,-0.1007472276687622,-0.3922969698905945,-0.0923053845763206,-0.1264565289020538,-0.452519416809082,-0.1071390211582183,-0.1461083889007568,-0.5107566118240356,-0.1160075142979621,0.3278020918369293,0.3404782712459564,0.3310963213443756,0.3047089874744415,0.3087720870971679,0.3378686308860779,0.3239501714706421,0.2403847575187683,0.178021639585495,0.1331796050071716,0.1946643441915512,0.4849892854690552,0.3087720870971679,0.0793339386582374,0.4849892854690552,0.2108544558286667
open_palm,0.0,0.0,0.0,0.0940543711185455,-0.0126075744628906,-0.0577481538057327,0.1749192774295807,-0.0481191873550415,-0.0890869051218032,0.2330020368099212,-0.0760543942451477,-0.118049532175064,0.2877034842967987,-0.085907757282257,-0.1458376944065094,0.1473093330860138,-0.2867286801338196,-0.0429862104356288,0.2121982872486114,-0.4057618975639343,-0.0747940838336944,0.2491643130779266,-0.4816687107086181,-0.1031141355633735,0.2782547771930694,-0.5533298254013062,-0.1252434700727462,0.0774617493152618,-0.3247730731964111,-0.0405568219721317,0.1066093146800994,-0.4715800285339355,-0.0662331655621528,0.1204341351985931,-0.5651447772979736,-0.0934154242277145,0.1299859583377838,-0.6489018201828003,-0.1152823790907859,0.0067020952701568,-0.3229022026062011,-0.0454162992537021,0.0025995373725891,-0.4584843516349792,-0.0744382292032241,-0.0002405643463134,-0.5521189570426941,-0.1022492945194244,-0.0025470554828643,-0.634902834892273,-0.1218931004405021,-0.0644612312316894,-0.2878347635269165,-0.0557029210031032,-0.1002621352672576,-0.3897425532341003,-0.0861823707818985,-0.1256534159183502,-0.4515556693077087,-0.1022554114460945,-0.1451776027679443,-0.5108213424682617,-0.1120475083589553,0.3252094388008117,0.3363372385501861,0.3261493444442749,0.3001781404018402,0.3082030713558197,0.336752325296402,0.3213699162006378,0.2437475323677063,0.1766829490661621,0.1334341466426849,0.1893056184053421,0.4679709374904632,0.3082030713558197,0.0795736312866211,0.4679709374904632,0.2121549248695373
open_palm,0.0,0.0,0.0,0.0942798256874084,-0.0163276195526123,-0.058691918849945,0.1779942512512207,-0.0557424426078796,-0.0906503051519393,0.2366224527359008,-0.082938551902771,-0.1202228963375091,0.2926492094993591,-0.0904788970947265,-0.1487035304307937,0.145030677318573,-0.2914808392524719,-0.0440674126148223,0.2062426209449768,-0.4096853733062744,-0.0770076662302017,0.2429248094558715,-0.4844681620597839,-0.1060973778367042,0.2721659541130066,-0.5548995733261108,-0.128657579421997,0.0750287771224975,-0.3285951018333435,-0.0423747077584266,0.1038203835487365,-0.4751036167144775,-0.0690059512853622,0.1175097227096557,-0.5690239667892456,-0.0963526964187622,0.1268162131309509,-0.6530807614326477,-0.1180019155144691,0.0044455528259277,-0.3255858421325683,-0.0482513234019279,-0.0005093812942504,-0.4631872177124023,-0.077946051955223,-0.0030128359794616,-0.5576805472373962,-0.1054794043302536,-0.004899650812149,-0.6421184539794922,-0.124883621931076,-0.0664362907409668,-0.2888996601104736,-0.0597760751843452,-0.1031961739063263,-0.390428364276886,-0.0905534103512764,-0.1280288100242614,-0.452894926071167,-0.1063160374760627,-0.1464576721191406,-0.513867974281311,-0.1159577593207359,0.3285375237464905,0.3397052884101867,0.3291718363761902,0.3024069666862488,0.3044803738594055,0.3371829688549042,0.3258108794689178,0.2452968209981918,0.1757260262966156,0.132350280880928,0.1912237852811813,0.4653041660785675,0.3044803738594055,0.079250231385231,0.4653041660785675,0.2120653241872787
open_palm,0.0,0.0,0.0,0.0942491590976715,-0.0133099555969238,-0.0593463964760303,0.1793501079082489,-0.0494104027748107,-0.093183122575283,0.2400115430355072,-0.0718509554862976,-0.1246853545308113,0.2979166805744171,-0.0753904581069946,-0.1549778133630752,0.1496072709560394,-0.2929937243461609,-0.0462655387818813,0.2114896476268768,-0.4114419817924499,-0.0800426974892616,0.2474789321422577,-0.4873514175415039,-0.1098329797387123,0.27610644698143,-0.5595576763153076,-0.1330214887857437,0.0795855522155761,-0.3322486877441406,-0.0447006858885288,0.1098760664463043,-0.4781586527824402,-0.0718568339943885,0.1234499514102935,-0.5715456008911133,-0.0992716774344444,0.1326653063297271,-0.6560695767402649,-0.1209767609834671,0.0093843042850494,-0.3303478956222534,-0.0506044700741767,0.0049631595611572,-0.4664964079856872,-0.0802519619464874,0.002154141664505,-0.5596321821212769,-0.1074271947145462,-9.85562801361084e-05,-0.6437511444091797,-0.1265379041433334,-0.0611717402935028,-0.2936877012252807,-0.0622745566070079,-0.0979703366756439,-0.3947263956069946,-0.0925432443618774,-0.1230840384960174,-0.4570052623748779,-0.107814997434616,-0.1419270634651184,-0.5184148550033569,-0.1170786246657371,0.3322170376777649,0.3445594310760498,0.3343330919742584,0.3063863217830658,0.3075467348098755,0.3368908762931824,0.3226103484630584,0.2450044751167297,0.1733060181140899,0.1334500312805175,0.1895098984241485,0.4851553440093994,0.3075467348098755,0.0802897363901138,0.4851553440093994,0.2113872319459915
open_palm,0.0,0.0,0.0,0.0956777036190033,-0.0154904127120971,-0.0577709302306175,0.1816332042217254,-0.053219199180603,-0.0896164029836654,0.2444244921207428,-0.077858567237854,-0.1191984042525291,0.3025847971439361,-0.0848744511604309,-0.1478263437747955,0.1460019648075103,-0.2932055592536926,-0.0451179482042789,0.2090249955654144,-0.4136682748794555,-0.0785107463598251,0.2454735338687896,-0.4902099967002868,-0.1079595685005188,0.2739820182323456,-0.5633950233459473,-0.130959540605545,0.0769939422607421,-0.3320116996765136,-0.043751485645771,0.1056632101535797,-0.4805377721786499,-0.0711555853486061,0.1175993382930755,-0.5761770009994507,-0.0989002883434295,0.1238661706447601,-0.6607090830802917,-0.1209101155400276,0.0068001151084899,-0.3299324512481689,-0.0495934449136257,0.0006647408008575,-0.4675946235656738,-0.0790889635682106,-0.002544492483139,-0.5617668628692627,-0.1060424745082855,-0.0056102573871612,-0.646468997001648,-0.1253479421138763,-0.0638571679592132,-0.2937121391296386,-0.0610770620405674,-0.0993575453758239,-0.3942660689353943,-0.0913738012313842,-0.123542308807373,-0.4566461443901062,-0.1067264452576637,-0.1418076455593109,-0.5176258087158203,-0.1162009537220001,0.3306383192539215,0.3436190187931061,0.3337081968784332,0.3067164123058319,0.3110466599464416,0.3408701121807098,0.3257117867469787,0.2434178590774536,0.1791808754205703,0.1303327232599258,0.1877071410417556,0.47967129945755,0.3110466599464416,0.0791826397180557,0.47967129945755,0.2104656845331192
open_palm,0.0,0.0,0.0,0.0950699150562286,-0.0140029191970825,-0.0580963939428329,0.1793520748615265,-0.047521948814392,-0.0892452597618103,0.2365985214710235,-0.0678316354751586,-0.1184173375368118,0.2906207740306854,-0.0729875564575195,-0.1465500444173813,0.1480759680271148,-0.2948440909385681,-0.0395399294793605,0.2108345925807953,-0.4132757186889648,-0.0706241801381111,0.2469373643398285,-0.4893010258674621,-0.099610686302185,0.2746983468532562,-0.561517059803009,-0.1223850175738334,0.0788045227527618,-0.3353707790374756,-0.0374725572764873,0.107580155134201,-0.4850114583969116,-0.0621709264814853,0.1190370023250579,-0.5815021991729736,-0.0897692963480949,0.1248478591442108,-0.666106104850769,-0.1119065657258033,0.0080359280109405,-0.3338064551353454,-0.0430222451686859,0.0013442337512969,-0.4714826345443725,-0.0702911615371704,-0.0019501745700836,-0.5652035474777222,-0.0981040000915527,-0.0050477683544158,-0.6486955881118774,-0.1180929765105247,-0.0638484060764312,-0.2977607250213623,-0.0543670542538166,-0.098892718553543,-0.3975939750671386,-0.0828534588217735,-0.1230867505073547,-0.4596118927001953,-0.0982999801635742,-0.1409047544002533,-0.5198519825935364,-0.1079843342304229,0.3322994709014892,0.3465370237827301,0.3366633951663971,0.3093442022800445,0.3066121339797973,0.3421202600002289,0.3239783346652984,0.2411161959171295,0.1830405294895172,0.1312031745910644,0.1875099390745163,0.4893859028816223,0.3066121339797973,0.0802821218967437,0.4893859028816223,0.2124624401330948
open_palm,0.0,0.0,0.0,0.0909517109394073,-0.0133817791938781,-0.0515829101204872,0.1715115010738372,-0.0405337810516357,-0.0834582448005676,0.2303512990474701,-0.0546178221702575,-0.1139948740601539,0.2843217551708221,-0.0557747483253479,-0.1443999409675598,0.1480894386768341,-0.2784541249275207,-0.0484199896454811,0.2105740010738372,-0.3951228260993957,-0.082093559205532,0.2484719455242157,-0.4681624174118042,-0.1105649098753929,0.2785243093967438,-0.538242757320404,-0.1322563588619232,0.0804159343242645,-0.3171141743659973,-0.050127774477005,0.1138212382793426,-0.462920606136322,-0.0781628265976905,0.1283591091632843,-0.5557082891464233,-0.1059378907084465,0.1363483965396881,-0.6388628482818604,-0.1282583326101303,0.0100013613700866,-0.317205548286438,-0.0580672919750213,0.0074365735054016,-0.4455438256263733,-0.0897819027304649,0.0072537958621978,-0.5352959632873535,-0.119478516280651,0.0061548054218292,-0.6157398223876953,-0.1398835927248001,-0.0619861483573913,-0.28719562292099,-0.0704794004559516,-0.0992567837238311,-0.3929494023323059,-0.1024638414382934,-0.12643763422966,-0.4546160101890564,-0.1195470914244651,-0.1476192772388458,-0.515870213508606,-0.1300851851701736,0.3190794289112091,0.3309696614742279,0.322631686925888,0.302143931388855,0.3025424480438232,0.3357901573181152,0.309566468000412,0.2513522505760193,0.1742250770330429,0.1327410787343979,0.1836202889680862,0.4826556146144867,0.3025424480438232,0.0779565200209617,0.4826556146144867,0.2114114165306091
open_palm,0.0,0.0,0.0,0.089866429567337,-0.0120991468429565,-0.0510726049542427,0.1772690117359161,-0.0432329177856445,-0.0856901779770851,0.2521797120571136,-0.033803641796112,-0.120394580066204,0.3231969177722931,-0.003469169139862,-0.1541552394628524,0.1422535479068756,-0.3048725724220276,-0.033717542886734,0.1920119822025299,-0.4056371450424194,-0.0681833401322364,0.2296549379825592,-0.451029896736145,-0.1011911407113075,0.2699427306652069,-0.4908934235572815,-0.1251131296157837,0.081475168466568,-0.3362715244293213,-0.03676638007164,0.1068409979343414,-0.456986665725708,-0.0614886730909347,0.1333567798137664,-0.5300918817520142,-0.0889537781476974,0.1629891693592071,-0.5919265747070312,-0.1117651164531707,0.0177160203456878,-0.3327100276947021,-0.0478966496884822,0.0192445814609527,-0.436415433883667,-0.0724280700087547,0.0270069539546966,-0.5028609037399292,-0.0960399508476257,0.0410790145397186,-0.5635770559310913,-0.1134036034345626,-0.0490753948688507,-0.3000925183296203,-0.0654247552156448,-0.0801810622215271,-0.3978516459465027,-0.0872145071625709,-0.0997684895992279,-0.4637259840965271,-0.0985079184174537,-0.1112564206123352,-0.5302962064743042,-0.1067912727594375,0.3381127417087555,0.3479489982128143,0.3366064727306366,0.3110374808311462,0.2434367090463638,0.2786195278167724,0.2411152720451355,0.2420153319835662,0.1477326303720474,0.125173732638359,0.1560686379671096,0.4911841452121734,0.2434367090463638,0.0684777423739433,0.4911841452121734,0.1939973086118698
open_palm,0.0,0.0,0.0,0.0893521010875701,-0.0619138479232788,-0.0277408584952354,0.1528844535350799,-0.1521860957145691,-0.0461899824440479,0.1945107281208038,-0.2381854057312011,-0.0690164640545845,0.236096054315567,-0.3098365068435669,-0.0882856845855712,0.145669013261795,-0.3114941716194153,0.0089108413085341,0.1671618521213531,-0.4317480325698852,-0.0362372994422912,0.1867248117923736,-0.4212586879730224,-0.0751263573765754,0.1889244616031646,-0.3763271570205688,-0.0952344536781311,0.0959627926349639,-0.3280202746391296,0.001067099161446,0.1190861761569976,-0.4447479248046875,-0.039975319057703,0.1361921727657318,-0.4185963869094848,-0.0710987374186515,0.1385083496570587,-0.3777733445167541,-0.0858009755611419,0.0401918888092041,-0.325201153755188,-0.0151253081858158,0.0633029043674469,-0.3990809321403503,-0.0538127906620502,0.0796292126178741,-0.3627130389213562,-0.0673735439777374,0.0829280912876129,-0.3303961753845215,-0.0710085183382034,-0.0211316347122192,-0.3045331239700317,-0.0349764786660671,0.0020842254161834,-0.3268833756446838,-0.0629962235689163,0.0187145769596099,-0.2846255302429199,-0.0657673552632331,0.0245360732078552,-0.2539985775947571,-0.0629314258694648,0.3439876139163971,0.3417708277702331,0.3280243277549743,0.3072626292705536,0.1300791800022125,0.1087729558348655,0.0705429315567016,0.0736258029937744,0.0513114631175994,0.0745156183838844,0.0964959040284156,0.0818196237087249,0.1300791800022125,0.0529655069112777,0.0818196237087249,0.172618106007576
open_palm,0.0,0.0,0.0,0.0865752100944519,-0.0600810050964355,-0.0218249130994081,0.1497955918312072,-0.1669597625732422,-0.0366438664495945,0.1684789061546325,-0.2638767957687378,-0.0544166527688503,0.1674192547798156,-0.3409430384635925,-0.0625072121620178,0.1295731663703918,-0.3427375555038452,-0.0071783452294766,0.1735153198242187,-0.3795778155326843,-0.0515594258904457,0.1669568419456482,-0.2819977402687073,-0.0695368647575378,0.1497159004211425,-0.256530225276947,-0.0769310891628265,0.0767435729503631,-0.3570390939712524,-0.0172815714031457,0.1327565312385559,-0.3517234325408935,-0.0618147067725658,0.1232677698135376,-0.2423684000968933,-0.0689649581909179,0.100476861000061,-0.2445761561393737,-0.0662401765584945,0.0274956226348876,-0.3430833220481872,-0.0346019752323627,0.0857259035110473,-0.3061208128929138,-0.0852189809083938,0.0830742716789245,-0.2055706977844238,-0.0782966613769531,0.0579745173454284,-0.2086809873580932,-0.0642003491520881,-0.0138591527938842,-0.3107002973556518,-0.0538500361144542,0.0460624992847442,-0.2588117122650146,-0.0869812369346618,0.0449947416782379,-0.1900379657745361,-0.0814385488629341,0.0150405764579772,-0.1958125829696655,-0.0701738893985748,0.3664829730987549,0.365602433681488,0.3459182977676391,0.3156367838382721,0.1127070486545562,0.1249324902892112,0.1409574896097183,0.1195861548185348,0.0517849251627922,0.0556693188846111,0.0452172793447971,0.0874470099806785,0.1127070486545562,0.055655863136053,0.0874470099806785,0.1541994214057922
open_palm,0.0,0.0,0.0,0.0828230679035186,-0.0463708043098449,-0.02687369287014,0.148060530424118,-0.1447306871414184,-0.0422450304031372,0.1616025269031524,-0.2377755045890808,-0.0581495203077793,0.1482965648174286,-0.3122321367263794,-0.0636558681726455,0.1242692172527313,-0.3230924606323242,-0.0093871857970952,0.1717120110988617,-0.3459993600845337,-0.0527737997472286,0.1627064645290374,-0.2453920841217041,-0.0684355869889259,0.1415925920009613,-0.2266884446144104,-0.074551448225975,0.0731969475746154,-0.3421044945716858,-0.0167822428047657,0.1317283809185028,-0.3355769515037536,-0.0609968155622482,0.121846467256546,-0.2229343056678772,-0.0664165467023849,0.0987197458744049,-0.2260855436325073,-0.0614170953631401,0.0245813727378845,-0.3309870362281799,-0.0317243449389934,0.0810999572277069,-0.290227472782135,-0.0817772820591926,0.07725390791893,-0.189030647277832,-0.07358930259943,0.0530189871788024,-0.1957448720932006,-0.0581894814968109,-0.016832947731018,-0.3010857105255127,-0.0489547252655029,0.0396948754787445,-0.2440906167030334,-0.082317478954792,0.0380607843399047,-0.1772795915603637,-0.0772383883595466,0.0096691250801086,-0.1877289414405822,-0.0660562664270401,0.3462942242622375,0.3502497971057892,0.333411306142807,0.3055037260055542,0.1176444441080093,0.1269018501043319,0.1407108604907989,0.1176629960536956,0.0448436811566352,0.0549502782523632,0.0447811596095562,0.0864949747920036,0.1176444441080093,0.0549956448376178,0.0864949747920036,0.1481880843639373
open_palm,0.0,0.0,0.0,0.0772416889667511,-0.0424674749374389,-0.0299668479710817,0.1406053006649017,-0.1440945267677307,-0.0437482483685016,0.1487340629100799,-0.2415533661842346,-0.0572711937129497,0.125683456659317,-0.3119670152664184,-0.0616632439196109,0.1078598201274871,-0.3122256398200989,-0.0025239712558686,0.1557103097438812,-0.3436064720153808,-0.0452320948243141,0.1470825970172882,-0.2516483664512634,-0.0635523349046707,0.1244836747646331,-0.2392259836196899,-0.0710829645395279,0.0603047907352447,-0.3239842057228088,-0.0077724233269691,0.1195387542247772,-0.3380777239799499,-0.0520301274955272,0.1082112491130828,-0.2299907207489013,-0.0598492696881294,0.0822264850139617,-0.2377616167068481,-0.0551433004438877,0.0140506327152252,-0.3123196363449096,-0.0211997628211975,0.0748586952686309,-0.2998053431510925,-0.0754729881882667,0.0685285627841949,-0.1962562799453735,-0.0679522678256034,0.0427609980106353,-0.204531729221344,-0.050095796585083,-0.0306534767150878,-0.285387635231018,-0.0363851115107536,0.0320121347904205,-0.2642635703086853,-0.0723461881279945,0.0312535166740417,-0.1910618543624878,-0.0634085834026336,0.004386156797409,-0.1931102275848388,-0.0478213466703891,0.3303406834602356,0.3296404778957367,0.3133534789085388,0.2893261313438415,0.1015166938304901,0.1007913500070571,0.1152280271053314,0.0993664041161537,0.0451872497797012,0.0518384762108325,0.0401030220091342,0.0733582153916359,0.1015166938304901,0.0492675453424453,0.0733582153916359,0.1450957953929901
open_palm,0.0,0.0,0.0,0.073562204837799,-0.0012292861938476,-0.0476183742284774,0.1584774255752563,-0.0464707612991333,-0.0754695758223533,0.226198673248291,-0.0678335428237915,-0.1014588847756385,0.2828615307807922,-0.07499361038208,-0.1272666752338409,0.1465972661972046,-0.2435590028762817,-0.0343550518155097,0.1943562626838684,-0.3345166444778442,-0.0705731734633445,0.2362527847290039,-0.3850792646408081,-0.1032223924994468,0.2767196297645569,-0.4198870062828064,-0.125265970826149,0.0865398645401001,-0.2732810974121094,-0.030632596462965,0.098934531211853,-0.3548673987388611,-0.0593005307018756,0.1099817752838134,-0.392169713973999,-0.0853215381503105,0.1272476911544799,-0.4152691960334778,-0.1044033244252204,0.0234493017196655,-0.2793477773666382,-0.0335558913648128,0.0302308499813079,-0.3552423119544983,-0.0603249818086624,0.040080040693283,-0.3871612548828125,-0.0731645375490188,0.0541293919086456,-0.4044225215911865,-0.0811636447906494,-0.0429722964763641,-0.265404999256134,-0.0417520403861999,-0.0448200702667236,-0.3355839252471924,-0.06475879997015,-0.0341661572456359,-0.353596568107605,-0.0689085945487022,-0.0183933079242706,-0.3591254949569702,-0.069237396121025,0.2863424718379974,0.2882881462574005,0.2823314666748047,0.2720839381217956,0.2372513264417648,0.1651056259870529,0.1373006105422973,0.1007129773497581,0.1509914994239807,0.0774856060743331,0.0863342210650444,0.3449538648128509,0.2372513264417648,0.0671129748225212,0.3449538648128509,0.1909675002098083
open_palm,0.0,0.0,0.0,0.0805932283401489,-0.0248620510101318,-0.0422479286789894,0.1442371606826782,-0.06416916847229,-0.0700330659747123,0.2048760056495666,-0.0747482180595398,-0.095297135412693,0.2554429173469543,-0.0765488147735595,-0.1215721666812896,0.1380099654197693,-0.2566912770271301,-0.0550429485738277,0.2009462714195251,-0.3692256212234497,-0.0802091509103775,0.2356325984001159,-0.4454138278961181,-0.0998899415135383,0.2586654424667358,-0.5163060426712036,-0.1171235516667366,0.066513180732727,-0.3004000186920166,-0.0581966266036033,0.0923168063163757,-0.4377951025962829,-0.0816879197955131,0.1061772108078002,-0.525890052318573,-0.1042952314019203,0.111186683177948,-0.5967100858688354,-0.1222150847315788,-0.0095300078392028,-0.3002306222915649,-0.0647631138563156,-0.0195708572864532,-0.437824547290802,-0.0965372025966644,-0.0201889872550964,-0.5260007381439209,-0.125834658741951,-0.0222007930278778,-0.5971707105636597,-0.1452863961458206,-0.0824606716632843,-0.2617597579956054,-0.0732595771551132,-0.1221432089805603,-0.3675451874732971,-0.1075370833277702,-0.155113399028778,-0.4264713525772095,-0.1249766051769256,-0.1786327064037323,-0.4800605177879333,-0.1347046494483947,0.296592116355896,0.3131310045719147,0.3072840869426727,0.2840508818626404,0.2929361462593078,0.3064208924770355,0.3079252541065216,0.2463326603174209,0.1680497676134109,0.1353688091039657,0.195698007941246,0.4397915303707123,0.2929361462593078,0.0838581547141075,0.4397915303707123,0.2212799936532974
open_palm,0.0,0.0,0.0,0.0899181962013244,-0.0245271921157836,-0.0459682345390319,0.1612601280212402,-0.076687216758728,-0.0707021281123161,0.2124286293983459,-0.1219288110733032,-0.0943417102098465,0.2563912868499756,-0.148074984550476,-0.1170264407992363,0.1424272656440735,-0.282769501209259,-0.0353256128728389,0.2049486637115478,-0.3928022980690002,-0.0636631920933723,0.2367482781410217,-0.4638574719429016,-0.0885945856571197,0.2598218321800232,-0.529843807220459,-0.108804315328598,0.071779191493988,-0.324334979057312,-0.0372080095112323,0.0994382500648498,-0.4599540829658508,-0.0613666102290153,0.1131629347801208,-0.5434280633926392,-0.0840140134096145,0.1214999556541442,-0.6142073273658752,-0.1018980368971824,-0.002305120229721,-0.3224960565567016,-0.045287013053894,-0.0062394142150878,-0.4598567485809326,-0.0741817504167556,-0.0066798329353332,-0.5437300205230713,-0.0975164175033569,-0.0060532987117767,-0.6155723929405212,-0.1136630848050117,-0.0756934285163879,-0.2836925983428955,-0.0575120784342289,-0.1105496287345886,-0.3842995762825012,-0.0893294736742973,-0.1379312574863433,-0.4429802298545837,-0.1043714135885238,-0.1574464738368988,-0.4992249608039856,-0.11285912245512,0.3185780942440033,0.3342601656913757,0.3256684243679046,0.2991966307163238,0.2832425236701965,0.3011360764503479,0.3009702265262604,0.237067624926567,0.1621660739183426,0.128101959824562,0.1909378618001938,0.3818728029727936,0.2832425236701965,0.0819901376962661,0.3818728029727936,0.2192481011152267
open_palm,0.0,0.0,0.0,0.0880673229694366,-0.0272778272628784,-0.045692715793848,0.1562617123126983,-0.07931649684906,-0.0703452602028846,0.2058797776699066,-0.1237964034080505,-0.0935627520084381,0.247663527727127,-0.1518128514289856,-0.116017647087574,0.1323377788066864,-0.2784585356712341,-0.0381070189177989,0.1949197351932525,-0.3865810036659241,-0.06607586145401,0.2264802157878875,-0.4584911465644836,-0.0905238389968872,0.2485289275646209,-0.5267112255096436,-0.1102879047393798,0.0633949935436248,-0.3174270987510681,-0.0396007150411605,0.0918382704257965,-0.4532315135002136,-0.0635171756148338,0.1054150164127349,-0.5388065576553345,-0.0862069129943847,0.1127053797245025,-0.6135274767875671,-0.1042446047067642,-0.008688747882843,-0.3159372806549072,-0.0469402261078357,-0.0152850449085235,-0.451833426952362,-0.0751781091094017,-0.0180071592330932,-0.5384417772293091,-0.099355474114418,-0.0198129117488861,-0.6129879355430603,-0.1161954849958419,-0.0812758207321167,-0.2797178626060486,-0.0583321116864681,-0.1165050566196441,-0.3815996646881103,-0.0889355763792991,-0.1444108486175537,-0.4403027892112732,-0.1042297035455703,-0.1648664772510528,-0.4965162277221679,-0.1132136285305023,0.3106518685817718,0.3261090219020843,0.3195234537124634,0.2970698177814483,0.2834428548812866,0.3070599138736725,0.3052197992801666,0.238748624920845,0.1613121926784515,0.1330571770668029,0.1860513091087341,0.3749431073665619,0.2834428548812866,0.0792078748345375,0.3749431073665619,0.2145726233720779
open_palm,0.0,0.0,0.0,0.0885999202728271,-0.0250624418258667,-0.0467165149748325,0.1558655500411987,-0.08408123254776,-0.0706636235117912,0.2047896385192871,-0.1376407146453857,-0.0927487984299659,0.2454181313514709,-0.1730098724365234,-0.1141349375247955,0.133105456829071,-0.2664740681648254,-0.0398427918553352,0.1935770511627197,-0.3760635256767273,-0.0681614577770233,0.2249423265457153,-0.4474807977676391,-0.0925120264291763,0.2475025057792663,-0.5157676935195923,-0.1123114749789238,0.0640814304351806,-0.3069080710411072,-0.0404511392116546,0.0922728776931762,-0.4408021569252014,-0.0649208277463913,0.1076461672782898,-0.5268457531929016,-0.0872603133320808,0.117052137851715,-0.6015037298202515,-0.1051697209477424,-0.0080553293228149,-0.3064169287681579,-0.0471044033765792,-0.0142042636871337,-0.4431340098381042,-0.076649509370327,-0.0159046053886413,-0.529503345489502,-0.1005649641156196,-0.0157952904701232,-0.6030299663543701,-0.1171081215143203,-0.0800454020500183,-0.2717537879943847,-0.057854775339365,-0.1132662296295166,-0.3746080994606018,-0.089973047375679,-0.1403665542602539,-0.4332938194274902,-0.1062012240290641,-0.1596531867980957,-0.4901313781738281,-0.1159466728568077,0.3005211055278778,0.3161254227161407,0.3101210296154022,0.2891445159912109,0.28370001912117,0.3062368631362915,0.3048601746559143,0.2395847141742706,0.1562657356262207,0.1333914995193481,0.1828730255365371,0.3427689671516418,0.28370001912117,0.0799974650144577,0.3427689671516418,0.2139756977558136
open_palm,0.0,0.0,0.0,0.0874743461608886,-0.0202969908714294,-0.0482216998934745,0.1565704941749572,-0.0737794041633606,-0.074942909181118,0.2079542279243469,-0.1222952604293823,-0.0994784235954284,0.2488899230957031,-0.1540700197219848,-0.1235270425677299,0.1386128067970276,-0.2617589831352234,-0.0489885173738002,0.1988899111747741,-0.3709158301353454,-0.0797077268362045,0.2299979925155639,-0.4421792030334472,-0.1044847816228866,0.2519630789756775,-0.5101194977760315,-0.1243534460663795,0.0687046945095062,-0.3010042309761047,-0.0503913797438144,0.0968506336212158,-0.4353489875793457,-0.0776835903525352,0.1123965978622436,-0.521899938583374,-0.1006956025958061,0.121202528476715,-0.5966101288795471,-0.118720456957817,-0.0045781135559082,-0.2996881008148193,-0.0574176497757434,-0.0110153555870056,-0.4368703365325928,-0.0892406776547432,-0.012121558189392,-0.5248622894287109,-0.1141323819756507,-0.0124408602714538,-0.5995248556137085,-0.131058007478714,-0.0768522918224334,-0.2642366290092468,-0.0684102550148963,-0.1107862293720245,-0.3683831095695495,-0.102204754948616,-0.1381527781486511,-0.4272897243499756,-0.1190557479858398,-0.1582066714763641,-0.483708918094635,-0.1290478110313415,0.3002184927463531,0.3128308951854706,0.3051732182502746,0.2835616767406463,0.2832156419754028,0.3079086244106293,0.3088475167751312,0.2417923361063003,0.1568779200315475,0.1342433094978332,0.1861854940652847,0.3560636937618255,0.2832156419754028,0.0801829248666763,0.3560636937618255,0.2163528352975845
open_palm,0.0,0.0,0.0,0.0872979462146759,-0.0208635330200195,-0.0544637851417064,0.1570202410221099,-0.0762407779693603,-0.0832547396421432,0.2128187716007232,-0.1299740076065063,-0.1089323759078979,0.2594318091869354,-0.1659828424453735,-0.1335573196411132,0.136513203382492,-0.2696783542633056,-0.0500601306557655,0.1974060833454132,-0.3818703889846802,-0.081287644803524,0.2285687625408172,-0.4547494053840637,-0.1065990626811981,0.2505048811435699,-0.5241091251373291,-0.1268554180860519,0.0665329992771148,-0.3096939921379089,-0.0485443994402885,0.0959823429584503,-0.4455493688583374,-0.0761466026306152,0.1127766668796539,-0.531566858291626,-0.0992631465196609,0.1227941215038299,-0.6064808964729309,-0.1172931790351867,-0.0060182213783264,-0.308950126171112,-0.0535041913390159,-0.0115706324577331,-0.4442431926727295,-0.0854175686836242,-0.0112878084182739,-0.5312004089355469,-0.1099246814846992,-0.0102611780166625,-0.604817271232605,-0.1266835927963256,-0.0774179399013519,-0.2742953896522522,-0.0631938055157661,-0.1102053821086883,-0.3770618438720703,-0.0970845147967338,-0.1365770697593689,-0.436057448387146,-0.1141291633248329,-0.1557729542255401,-0.4921385645866394,-0.1243314519524574,0.3063793182373047,0.3204583823680877,0.3136065900325775,0.29193314909935,0.2891827225685119,0.3097969889640808,0.3048124015331268,0.2394430488348007,0.1522713899612426,0.1333966255187988,0.1840535253286361,0.3583002388477325,0.2891827225685119,0.080627404153347,0.3583002388477325,0.2143836319446563
open_palm,0.0,0.0,0.0,0.0880768299102783,-0.0258494019508361,-0.0522392690181732,0.1598526835441589,-0.0840423107147216,-0.0810042470693588,0.2179187536239624,-0.1352280974388122,-0.1068123653531074,0.2678651809692383,-0.1691107749938964,-0.1315425932407379,0.1350091099739074,-0.2760480642318725,-0.0499040707945823,0.1950588822364807,-0.3866703510284424,-0.0826390460133552,0.2267523407936096,-0.4595550894737243,-0.1087978184223175,0.2491977214813232,-0.5282491445541382,-0.1293296068906784,0.0659030377864837,-0.3147437572479248,-0.0497815385460853,0.0958994030952453,-0.450348436832428,-0.0780567377805709,0.1113209724426269,-0.5364833474159241,-0.1010110899806022,0.1198629736900329,-0.6129798293113708,-0.1186966672539711,-0.0062865912914276,-0.3123735189437866,-0.0559470616281032,-0.0128933787345886,-0.4465766549110412,-0.0879879668354988,-0.0143285691738128,-0.5357118844985962,-0.1116652861237526,-0.0155450403690338,-0.6127704381942749,-0.1277473270893097,-0.0779237151145935,-0.2754042744636535,-0.0666837692260742,-0.1128227710723877,-0.3780169486999511,-0.1002273634076118,-0.1388996541500091,-0.439322829246521,-0.1160487979650497,-0.1583350300788879,-0.4976814389228821,-0.1251973062753677,0.311320424079895,0.3253998160362243,0.3174063861370086,0.2938815057277679,0.2880153656005859,0.310814619064331,0.3089972138404846,0.2435096651315689,0.1549832969903946,0.1357103139162063,0.1834147125482559,0.3596300184726715,0.2880153656005859,0.0792024061083793,0.3596300184726715,0.213593915104866
open_palm,0.0,0.0,0.0,0.0910342335700988,-0.0276530981063842,-0.0481926724314689,0.1602774262428283,-0.0880128741264343,-0.0723671242594719,0.2106518149375915,-0.1442036032676696,-0.0941782742738723,0.2538008093833923,-0.1799972057342529,-0.1148281246423721,0.1327064037322998,-0.2823033332824707,-0.0393038690090179,0.1931793689727783,-0.3953644037246704,-0.0676290765404701,0.224025547504425,-0.4689446091651916,-0.0918048396706581,0.2456747889518737,-0.5384942293167114,-0.1112308800220489,0.0629149973392486,-0.3202421069145202,-0.0390193499624729,0.0934677720069885,-0.4569279551506042,-0.0632232800126075,0.109171450138092,-0.5439691543579102,-0.0855660140514373,0.1181665062904357,-0.6201848387718201,-0.1033391579985618,-0.0098092854022979,-0.3180475234985351,-0.0449618101119995,-0.0156304836273193,-0.4553723335266113,-0.0737117901444435,-0.0173421502113342,-0.5448802709579468,-0.0979930683970451,-0.0184028148651123,-0.6208714246749878,-0.1148510724306106,-0.0820615887641906,-0.2817571759223938,-0.0551673024892807,-0.1160572171211242,-0.3865930438041687,-0.0863574519753456,-0.1424000263214111,-0.4484555721282959,-0.1024135872721672,-0.1616551876068115,-0.5070281028747559,-0.1120295673608779,0.3144057095050812,0.3286880254745483,0.321359634399414,0.2986044883728027,0.2890832722187042,0.3116976320743561,0.3109029531478882,0.2455920428037643,0.1516377031803131,0.137055367231369,0.1830013692378997,0.3586071729660034,0.2890832722187042,0.079437218606472,0.3586071729660034,0.2153537422418594
open_palm,0.0,0.0,0.0,0.0899912416934967,-0.0273092985153198,-0.0458945743739604,0.1592315137386322,-0.0864033102989196,-0.0700033009052276,0.2106652557849884,-0.1404816508293151,-0.0920121297240257,0.254376620054245,-0.1772367358207702,-0.1130573078989982,0.1371579468250274,-0.2721283435821533,-0.0413895733654499,0.1985896527767181,-0.3847453594207763,-0.0709224641323089,0.2299248874187469,-0.4577364325523376,-0.09561787545681,0.2520537674427032,-0.5272340774536133,-0.1152886673808097,0.0680266916751861,-0.310766339302063,-0.0420011021196842,0.0974691808223724,-0.4470173120498657,-0.0678202658891677,0.1141517460346221,-0.5340372323989868,-0.0907495692372322,0.1241432726383209,-0.6097673773765564,-0.1086656898260116,-0.0045160353183746,-0.3098622560501098,-0.0484091490507125,-0.0108717381954193,-0.4488704800605774,-0.0786855220794677,-0.0121410489082336,-0.5381984710693359,-0.1029785275459289,-0.0117979347705841,-0.6146633625030518,-0.1195122599601745,-0.0762571096420288,-0.275412917137146,-0.0586777105927467,-0.1089257895946502,-0.3801692128181457,-0.0909698531031608,-0.134909301996231,-0.4401847124099731,-0.1071199625730514,-0.1529614329338073,-0.4989056587219238,-0.1165618225932121,0.3075373768806457,0.3208853900432586,0.3136534094810486,0.2917370200157165,0.2893804907798767,0.311439961194992,0.3130693435668945,0.2432758212089538,0.152370274066925,0.1364610940217971,0.1825806349515915,0.3500121831893921,0.2893804907798767,0.0791984796524047,0.3500121831893921,0.2141393423080444
open_palm,0.0,0.0,0.0,0.0836356878280639,-0.0199503898620605,-0.050176978111267,0.1473625898361206,-0.0700064897537231,-0.0775566026568412,0.1916137933731079,-0.1177055239677429,-0.1027246043086052,0.2267512083053589,-0.1509430408477783,-0.1270321905612945,0.134043276309967,-0.2695986032485962,-0.0453968942165374,0.1954790353775024,-0.3839037418365478,-0.07378900796175,0.2258747816085815,-0.4576480388641357,-0.0977165773510932,0.2472996711730957,-0.5269833207130432,-0.1174609512090683,0.0649012923240661,-0.310776948928833,-0.0453814454376697,0.09297776222229,-0.4454125761985779,-0.0708692073822021,0.1100868582725524,-0.531981348991394,-0.0946365445852279,0.122169017791748,-0.6049178242683411,-0.113642394542694,-0.0069504678249359,-0.3110426068305969,-0.0513119958341121,-0.0104841291904449,-0.4487426877021789,-0.0812103971838951,-0.010958582162857,-0.5375525951385498,-0.1071784496307373,-0.0087699592113494,-0.6117787957191467,-0.1255499571561813,-0.0788474380970001,-0.277231752872467,-0.0614970177412033,-0.1099359989166259,-0.3803983926773071,-0.0942164734005928,-0.1365103423595428,-0.4394165277481079,-0.1120064854621887,-0.1540282368659973,-0.495974063873291,-0.123028427362442,0.3044862747192383,0.3207085430622101,0.3153232336044311,0.2947138249874115,0.2902880012989044,0.3073402047157287,0.3097690045833587,0.239345908164978,0.1474654078483581,0.1316581815481186,0.1857876777648925,0.376722902059555,0.2902880012989044,0.080475278198719,0.376722902059555,0.2136350572109222
open_palm,0.0,0.0,0.0,0.0857318937778472,-0.0247775316238403,-0.0429800152778625,0.148791879415512,-0.0789361000061035,-0.0656749978661537,0.1895746886730194,-0.1275052428245544,-0.0871336385607719,0.2186385095119476,-0.1551386713981628,-0.1080325990915298,0.1309972107410431,-0.2606732845306396,-0.0363440103828907,0.1924082934856414,-0.3713250160217285,-0.0616483092308044,0.2241072952747345,-0.4446348547935486,-0.0828653573989868,0.2468862831592559,-0.512397289276123,-0.1005245521664619,0.0649282038211822,-0.302217423915863,-0.038364078849554,0.0940010249614715,-0.4333798289299011,-0.062288150191307,0.1119793355464935,-0.5201296806335449,-0.0846943333745002,0.1244738399982452,-0.594895601272583,-0.1019594445824623,-0.0052381157875061,-0.3041236996650696,-0.0458702780306339,-0.0125939548015594,-0.4411741495132446,-0.0765437185764312,-0.0138183236122131,-0.5308324098587036,-0.1030133217573165,-0.0121985375881195,-0.6068784594535828,-0.1205958873033523,-0.0761046111583709,-0.271430492401123,-0.0566308945417404,-0.109231024980545,-0.3745757937431335,-0.0896028578281402,-0.1359370052814483,-0.4314740300178528,-0.1068002805113792,-0.1534884572029113,-0.4862628579139709,-0.1169019937515258,0.2939927279949188,0.3114849030971527,0.3076080977916717,0.2875299751758575,0.2844545245170593,0.3053695559501648,0.3119179606437683,0.2361647933721542,0.147623986005783,0.1384566575288772,0.1858079880475998,0.3584522604942322,0.2844545245170593,0.0780711844563484,0.3584522604942322,0.2083709090948104
open_palm,0.0,0.0,0.0,0.084167867898941,-0.0132285952568054,-0.0546839162707328,0.1611720621585846,-0.05019211769104,-0.0892098918557167,0.2325505912303924,-0.0629947185516357,-0.1216554716229438,0.3016156852245331,-0.0574591159820556,-0.1522462368011474,0.1298948228359222,-0.290241539478302,-0.0317629687488079,0.167833000421524,-0.375504732131958,-0.0629513040184974,0.1934891045093536,-0.4103020429611206,-0.092708870768547,0.2136557400226593,-0.4346340298652649,-0.1127942129969596,0.0680955052375793,-0.3232983350753784,-0.030491154640913,0.0948604643344879,-0.4416902661323547,-0.0517956130206584,0.1182349026203155,-0.51872318983078,-0.0757843777537345,0.1392933428287506,-0.5852773189544678,-0.0936114266514778,0.0028413832187652,-0.3180388212203979,-0.0379436984658241,-0.0019360780715942,-0.4194906949996948,-0.0635936409235,-0.0016500353813171,-0.4823406338691711,-0.0877540111541748,0.0031879842281341,-0.5398874282836914,-0.1027781516313552,-0.0625881552696228,-0.2830954194068908,-0.0510353557765483,-0.0935049951076507,-0.3702951669692993,-0.0749161764979362,-0.1161149442195892,-0.4291080832481384,-0.0872605890035629,-0.1302029192447662,-0.490333616733551,-0.094354398548603,0.3195648789405823,0.3317959010601043,0.3203068673610687,0.2943890392780304,0.1855563074350357,0.2787226140499115,0.2311285734176635,0.2222520262002945,0.1690891683101654,0.1437669694423675,0.1425470858812332,0.3892998099327087,0.1855563074350357,0.0700965449213981,0.3892998099327087,0.1935773491859436
open_palm,0.0,0.0,0.0,0.0827135443687439,-0.0708056688308715,-0.0260375291109085,0.1456069946289062,-0.1789069175720214,-0.0344329476356506,0.1727623343467712,-0.2812795042991638,-0.0470854453742504,0.1654809117317199,-0.3512378334999084,-0.058408472687006,0.1274187564849853,-0.3170432448387146,0.0170143507421016,0.137742817401886,-0.4222152233123779,-0.0100715616717934,0.1538814306259155,-0.425373911857605,-0.0396088548004627,0.1600171327590942,-0.3986297845840454,-0.0571490228176116,0.0750323832035064,-0.3290945887565613,0.012985193170607,0.0723670125007629,-0.4474435448646545,-0.0155410440638661,0.0927035212516784,-0.4387992024421692,-0.0499512180685997,0.1043257117271423,-0.3967036604881286,-0.071909599006176,0.0193756520748138,-0.321914792060852,0.0019238387467339,0.0125815570354461,-0.4367053508758545,-0.0291935801506042,0.0354259610176086,-0.4344183206558227,-0.0608899667859077,0.0474089682102203,-0.3839008212089538,-0.0791805982589721,-0.0417573153972625,-0.3003320693969726,-0.0115876561030745,-0.0505047738552093,-0.3943895697593689,-0.0375988706946373,-0.0260016620159149,-0.3969364166259765,-0.0564068406820297,-0.0042316317558288,-0.3575001358985901,-0.067859448492527,0.342113196849823,0.3377894759178161,0.3225030899047851,0.3034424185752868,0.1149748861789703,0.1124109029769897,0.1058587059378624,0.0885600373148918,0.0576465018093586,0.0587902702391147,0.0590924397110939,0.0477224923670291,0.1149748861789703,0.0539054833352565,0.0477224923670291,0.1723887473344802
open_palm,0.0,0.0,0.0,0.0810310244560241,-0.0593742728233337,-0.0236859191209077,0.1449443101882934,-0.1628696918487548,-0.0383471101522445,0.1441401839256286,-0.2590434551239013,-0.0546675622463226,0.1039330959320068,-0.3166329860687256,-0.063063770532608,0.1083261966705322,-0.3281828165054321,-0.0084996102377772,0.1544272303581237,-0.363061785697937,-0.0475977435708045,0.1475340723991394,-0.2696885466575622,-0.0656367614865303,0.1275437474250793,-0.2497293353080749,-0.075350746512413,0.0565744042396545,-0.3363352417945862,-0.0175798442214727,0.1108750700950622,-0.3433204293251037,-0.0571949183940887,0.1063707470893859,-0.2398656010627746,-0.0660688877105712,0.0846103429794311,-0.2392480373382568,-0.0663596391677856,0.0088589191436767,-0.3208239078521728,-0.0329143553972244,0.0638480484485626,-0.3066768646240234,-0.0799335986375808,0.0661081373691558,-0.2041581869125366,-0.0733086019754409,0.0428367555141449,-0.1997771263122558,-0.0605998039245605,-0.033862680196762,-0.2900956869125366,-0.0500902123749256,0.0230918824672698,-0.2607036828994751,-0.0805594176054,0.025983303785324,-0.1872387528419494,-0.071918711066246,0.0001224279403686,-0.1817931532859802,-0.0596743039786815,0.3457033038139343,0.3415129780769348,0.3226295411586761,0.2963295876979828,0.1048491150140762,0.1122114360332489,0.1287373304367065,0.1139134839177131,0.0450996123254299,0.0577595122158527,0.0463550798594951,0.0720036923885345,0.1048491150140762,0.0531710535287857,0.0720036923885345,0.1529643237590789
open_palm,0.0,0.0,0.0,0.0799987018108367,-0.0442178845405578,-0.031742624938488,0.1431537568569183,-0.1594735980033874,-0.0471096485853195,0.1271269023418426,-0.26927250623703,-0.0606982484459877,0.0746619999408721,-0.3295747637748718,-0.0657552704215049,0.1175280511379242,-0.3184126019477844,-0.0092985527589917,0.1636698544025421,-0.3275120258331299,-0.0497751384973526,0.1512488424777984,-0.2344676256179809,-0.0714610666036605,0.1289702355861663,-0.2217446565628051,-0.0850998312234878,0.0580625236034393,-0.3340227603912353,-0.0146981915459036,0.1090020835399627,-0.3240485787391662,-0.0559458136558532,0.1035088002681732,-0.2163734436035156,-0.0663177222013473,0.0820565223693847,-0.2180275917053222,-0.0670218989253044,0.0052519142627716,-0.3171311020851135,-0.0271765850484371,0.0585969984531402,-0.2914772629737854,-0.0773200094699859,0.063231885433197,-0.1872217655181884,-0.0713084414601326,0.0401298999786376,-0.1885853409767151,-0.0579793415963649,-0.0422356724739074,-0.2823736071586609,-0.0418931022286415,0.0172308981418609,-0.2410582304000854,-0.0783311650156974,0.0237606167793273,-0.1704738736152649,-0.073574885725975,-0.0002612769603729,-0.1760796308517456,-0.0627067983150482,0.3395377695560455,0.3393501043319702,0.3183367550373077,0.2885718941688537,0.1233752369880676,0.129492700099945,0.1367088109254837,0.116161398589611,0.0504135340452194,0.0520236082375049,0.0425463132560253,0.1222739890217781,0.1233752369880676,0.0617169514298439,0.1222739890217781,0.1669899970293045
open_palm,0.0,0.0,0.0,0.0713148117065429,-0.0368683338165283,-0.0317835211753845,0.1373635530471801,-0.1590296626091003,-0.0443545244634151,0.1214203834533691,-0.2692029476165771,-0.0542960576713085,0.0649861991405487,-0.3209290504455566,-0.0552468933165073,0.1132366061210632,-0.3059042096138,-0.0043261549435555,0.1588954925537109,-0.3189119696617126,-0.0416812561452388,0.1439597010612487,-0.225870132446289,-0.0596799291670322,0.1205555200576782,-0.2210785746574401,-0.0708491802215576,0.0568085312843322,-0.3186615705490112,-0.0085711199790239,0.1053207516670227,-0.3245004415512085,-0.0474725365638732,0.0985625684261322,-0.2135831713676452,-0.0530898347496986,0.0783596038818359,-0.2199451923370361,-0.0495735183358192,0.0050998926162719,-0.3024134635925293,-0.0204273425042629,0.0535019934177398,-0.2916487455368042,-0.0684570148587226,0.0586200058460235,-0.1856481432914734,-0.058116178959608,0.0367772877216339,-0.1895257830619812,-0.0414779856801033,-0.0424520373344421,-0.2720521092414856,-0.0345387049019336,0.0116987228393554,-0.2468180060386657,-0.0668330490589141,0.0193658471107482,-0.1748111844062805,-0.0578247942030429,-0.0031638145446777,-0.1790869832038879,-0.0443198643624782,0.326218694448471,0.3237991333007812,0.3031454980373382,0.2775021493434906,0.1080475226044654,0.1090438812971115,0.1191226914525032,0.1013989672064781,0.0472697988152504,0.0521533042192459,0.0413803867995739,0.115332119166851,0.1080475226044654,0.0580077357590198,0.115332119166851,0.1621657013893127
open_palm,0.0,0.0,0.0,0.0672394931316375,-0.011005163192749,-0.0368819721043109,0.1356331408023834,-0.0487991571426391,-0.0608601383864879,0.1912493407726287,-0.0552001595497131,-0.0850191637873649,0.2413424551486969,-0.0460546612739563,-0.1084602177143096,0.1047135293483734,-0.2438143491744995,-0.0112952189520001,0.1299720108509063,-0.3047022223472595,-0.0359787046909332,0.1545592248439788,-0.3369554877281189,-0.0634056106209755,0.176043301820755,-0.3582745790481567,-0.0827486366033554,0.0513510704040527,-0.2761438488960266,-0.0135041270405054,0.065753161907196,-0.3576688766479492,-0.0311964601278305,0.0850784480571746,-0.4000706076622009,-0.0536457672715187,0.103110134601593,-0.4247646927833557,-0.0708227530121803,-0.0078281164169311,-0.2864754796028137,-0.02264373190701,-0.0035185515880584,-0.3737578392028808,-0.04139219596982,0.0099048316478729,-0.4164124727249145,-0.0573141798377037,0.021767258644104,-0.4411380290985107,-0.0672081932425499,-0.0684098303318023,-0.2740995287895202,-0.0359842553734779,-0.0778456628322601,-0.3639671802520752,-0.0498198978602886,-0.0718603432178497,-0.4112043380737304,-0.0533978715538978,-0.0604856312274932,-0.4402713179588318,-0.0550887323915958,0.2655898034572601,0.2812022864818573,0.2874755859375,0.2847899496555328,0.1526259183883667,0.1674890518188476,0.1636532396078109,0.1674539893865585,0.0994103103876113,0.0830530822277069,0.0831454768776893,0.3200099170207977,0.1526259183883667,0.0624309852719306,0.3200099170207977,0.1774780005216598
open_palm,0.0,0.0,0.0,0.089713454246521,-0.0696417093276977,-0.0436905436217784,0.1517328917980194,-0.1823682785034179,-0.0661385506391525,0.1899423897266388,-0.2908504009246826,-0.0814903154969215,0.221600741147995,-0.3590626716613769,-0.0996024832129478,0.1334216296672821,-0.2624384760856628,-0.0822590664029121,0.211071103811264,-0.3844321966171264,-0.1206126064062118,0.2580640017986297,-0.4720302820205688,-0.1480174213647842,0.2948240339756012,-0.5460313558578491,-0.1687872111797332,0.0486035048961639,-0.2887182235717773,-0.0858840867877006,0.0823985636234283,-0.4178213477134704,-0.1261780112981796,0.1084708273410797,-0.5178645849227905,-0.157753050327301,0.1287142634391784,-0.6014173030853271,-0.180567666888237,-0.0371326208114624,-0.2743915319442749,-0.0909649804234504,-0.0449337065219879,-0.4269360303878784,-0.138424813747406,-0.0456028282642364,-0.539003849029541,-0.1742043644189834,-0.0470633804798126,-0.6317965984344482,-0.1974828243255615,-0.1161301136016845,-0.2241621613502502,-0.0962166041135788,-0.1476300209760666,-0.3319216966629028,-0.1429101228713989,-0.1775088906288147,-0.4013336896896362,-0.1638149172067642,-0.2024722099304199,-0.4642859697341919,-0.1756329834461212,0.3056825995445251,0.3051173388957977,0.2914518117904663,0.2701712548732757,0.3375837206840515,0.3363977670669555,0.373072475194931,0.2672477662563324,0.1754959970712661,0.1791837066411972,0.2295411527156829,0.2123804539442062,0.3375837206840515,0.0888700187206268,0.2123804539442062,0.2528556287288666
open_palm,0.0,0.0,0.0,0.0916279852390289,-0.06034517288208,-0.0585074126720428,0.1393466293811798,-0.1633510589599609,-0.0952582061290741,0.1497893631458282,-0.2656055688858032,-0.1240391954779625,0.1573876440525055,-0.3364224433898926,-0.1556932032108307,0.1298010945320129,-0.2765651345252991,-0.111394889652729,0.2120701372623443,-0.3982577919960022,-0.1690450608730316,0.259507268667221,-0.4961877465248108,-0.2088788747787475,0.2946933805942535,-0.5873531103134155,-0.2396389991044998,0.0422667562961578,-0.3099142909049988,-0.1148614808917045,0.06846284866333,-0.4494616389274597,-0.1753206104040146,0.0959963798522949,-0.5516347885131836,-0.2149147242307663,0.1185613274574279,-0.6450995206832886,-0.2443809360265731,-0.0488565862178802,-0.293370246887207,-0.1213558241724968,-0.0649203360080719,-0.4570624828338623,-0.1881561875343322,-0.0620028972625732,-0.5719423294067383,-0.2284417897462844,-0.0570592880249023,-0.6750519275665283,-0.2539985775947571,-0.1322421431541443,-0.2418348789215088,-0.1292425692081451,-0.1808167397975921,-0.3636611104011535,-0.1908445656299591,-0.214434266090393,-0.4357097148895263,-0.2193054258823394,-0.2380448877811432,-0.5106925964355469,-0.2370826154947281,0.3251852095127105,0.3332063853740692,0.3212169110774994,0.3044268786907196,0.3744665384292602,0.3673489689826965,0.4041563272476196,0.3083961308002472,0.1854174584150314,0.1784159392118454,0.2450631260871887,0.298103928565979,0.3744665384292602,0.0937360301613807,0.298103928565979,0.2649365663528442
open_palm,0.0,0.0,0.0,0.0929519832134246,-0.0259387493133544,-0.0753993988037109,0.1608429849147796,-0.0986364483833313,-0.1235001385211944,0.211431473493576,-0.1628725528717041,-0.1633856296539306,0.2640586793422699,-0.201404333114624,-0.2047925889492035,0.1550892889499664,-0.292290449142456,-0.1149428635835647,0.2332040965557098,-0.4231123924255371,-0.1731888651847839,0.277348130941391,-0.5206417441368103,-0.2150997221469879,0.3072966039180755,-0.6128349304199219,-0.2473602592945099,0.0651375353336334,-0.3376376628875732,-0.1144251227378845,0.0995894968509674,-0.4925227165222168,-0.1678955554962158,0.1217071115970611,-0.5974265336990356,-0.2018787711858749,0.136109858751297,-0.6938081979751587,-0.227833867073059,-0.0291973650455474,-0.3252347707748413,-0.1199919432401657,-0.0430792272090911,-0.4979401230812073,-0.1770676672458648,-0.048435628414154,-0.6175596117973328,-0.2126089483499527,-0.0500973761081695,-0.724283754825592,-0.2366542071104049,-0.117334708571434,-0.2690944075584411,-0.1302502155303955,-0.1711998581886291,-0.391325294971466,-0.1873859465122223,-0.2072948962450027,-0.4676079750061035,-0.2146365642547607,-0.2311145365238189,-0.5469694137573242,-0.2316830307245254,0.3502831161022186,0.3624019920825958,0.347891092300415,0.3211609423160553,0.3787481486797333,0.3804682195186615,0.416277527809143,0.3169368803501129,0.1903755664825439,0.1888906955718994,0.2534409165382385,0.4158805608749389,0.3787481486797333,0.100737065076828,0.4158805608749389,0.2738378942012787
open_palm,0.0,0.0,0.0,0.0884747803211212,-0.0116784572601318,-0.0923613607883453,0.1560050249099731,-0.0644564628601074,-0.1528865247964859,0.2044140100479126,-0.1075219511985778,-0.2050949931144714,0.2582057118415832,-0.1288388967514038,-0.258608728647232,0.1550939083099365,-0.2931285500526428,-0.1335051655769348,0.2357255220413208,-0.4294189214706421,-0.1978245973587036,0.2805031538009643,-0.5264876484870911,-0.2450658082962036,0.3104541301727295,-0.6246176362037659,-0.2821629345417022,0.0654989778995513,-0.342690110206604,-0.1290890127420425,0.0931870341300964,-0.5030661821365356,-0.1910521537065506,0.1109773814678192,-0.615111231803894,-0.2338941097259521,0.1232264637947082,-0.7236106395721436,-0.2670579552650451,-0.0279213488101959,-0.334935188293457,-0.1313176304101944,-0.0435858964920043,-0.5082006454467773,-0.1949177831411361,-0.0500870048999786,-0.6236653327941895,-0.2355605959892273,-0.05344158411026,-0.7282140254974365,-0.2634201049804687,-0.1160861998796463,-0.2828226089477539,-0.1400407701730728,-0.1691828668117523,-0.4063993692398071,-0.2011485397815704,-0.2068202197551727,-0.4794777631759643,-0.2317806631326675,-0.2323846518993377,-0.5545827746391296,-0.2519180476665497,0.3574942052364349,0.3720088601112366,0.3608399927616119,0.3362678289413452,0.3951214551925659,0.4092289805412292,0.4156568050384521,0.3160624206066131,0.212325170636177,0.1767654567956924,0.2496011406183242,0.4990804195404053,0.3951214551925659,0.10248464345932,0.4990804195404053,0.2714545428752899
open_palm,0.0,0.0,0.0,0.1001675724983215,-0.0215611457824707,-0.0822406709194183,0.1755251586437225,-0.0825285911560058,-0.1301215142011642,0.2284282147884369,-0.14384126663208,-0.1710750311613083,0.2866615951061249,-0.1837867498397827,-0.2133451700210571,0.1527440845966339,-0.3095249533653259,-0.1068364679813385,0.2303512394428253,-0.448632538318634,-0.1616374105215072,0.2699477970600128,-0.5487261414527893,-0.2024329155683517,0.2956332266330719,-0.6446293592453003,-0.2341900616884231,0.0602243244647979,-0.3586421608924866,-0.1027685478329658,0.086506187915802,-0.5276622772216797,-0.1518793851137161,0.1011399328708648,-0.6397492289543152,-0.1885959804058075,0.1082170307636261,-0.7431254386901855,-0.2176663130521774,-0.0334106981754303,-0.350812554359436,-0.1057779714465141,-0.0508615672588348,-0.5110558867454529,-0.1581871658563614,-0.0539070665836334,-0.6199707388877869,-0.1946851313114166,-0.0558142662048339,-0.7173436880111694,-0.2206076234579086,-0.1211813390254974,-0.2980633378028869,-0.1150160580873489,-0.1726640909910202,-0.4196207523345947,-0.1689237654209137,-0.2089937776327133,-0.4919986128807068,-0.1963292062282562,-0.2354616522789001,-0.5649275779724121,-0.2142058312892913,0.3613177239894867,0.3779054880142212,0.3679330348968506,0.3416948318481445,0.3859160542488098,0.4041438102722168,0.3847503960132599,0.3067818880081177,0.2123660892248153,0.1660711169242859,0.2356795370578766,0.4614009857177734,0.3859160542488098,0.1048282161355018,0.4614009857177734,0.2742871046066284
open_palm,0.0,0.0,0.0,0.1002661883831024,-0.0128823518753051,-0.0897767096757888,0.1812221109867096,-0.0699719190597534,-0.1427965313196182,0.2350104749202728,-0.1251521706581115,-0.1893593519926071,0.2942648828029632,-0.1601160764694214,-0.235943853855133,0.1647842824459076,-0.322192907333374,-0.1041983962059021,0.2458369433879852,-0.4646440148353576,-0.1616525501012802,0.2902310192584991,-0.5631365776062012,-0.2058502733707428,0.3219229876995086,-0.6552506685256958,-0.2395991832017898,0.0731010437011718,-0.3730183839797973,-0.0977527722716331,0.1008840501308441,-0.5391935110092163,-0.1517154425382614,0.1209126412868499,-0.6547279953956604,-0.1912567764520645,0.1357087790966034,-0.7593528032302856,-0.2213988900184631,-0.020147293806076,-0.366642415523529,-0.1001043990254402,-0.0363771617412567,-0.5326051115989685,-0.1556934863328933,-0.0433129370212554,-0.6486110687255859,-0.1927971541881561,-0.0451602339744567,-0.7506293058395386,-0.2177458256483078,-0.1095106899738311,-0.315743088722229,-0.1097383424639701,-0.1595173776149749,-0.4402564167976379,-0.1634754985570907,-0.1952681392431259,-0.5158266425132751,-0.1904765367507934,-0.2194267511367797,-0.5925863981246948,-0.2076675146818161,0.3765892088413238,0.3924819529056549,0.3805962204933166,0.3517510294914245,0.3923690021038055,0.4104416668415069,0.4023817181587219,0.3135504424571991,0.2141126543283462,0.1811161041259765,0.2354738712310791,0.4959199726581573,0.3923690021038055,0.1050266176462173,0.4959199726581573,0.2744267284870147
open_palm,0.0,0.0,0.0,0.1005781292915344,-0.0114198923110961,-0.0890042781829834,0.1836253404617309,-0.0729444026947021,-0.139223113656044,0.2458913326263427,-0.1305143237113952,-0.1823602169752121,0.3111400604248047,-0.1662539839744568,-0.2255060672760009,0.1668501496315002,-0.3241686224937439,-0.1030333861708641,0.243069589138031,-0.4660467505455017,-0.156007170677185,0.2835776805877685,-0.5650917887687683,-0.1961995512247085,0.310525894165039,-0.6575350761413574,-0.2278817743062973,0.0725940465927124,-0.3752779960632324,-0.0970375835895538,0.098373532295227,-0.5427913069725037,-0.1470479369163513,0.1168922781944274,-0.6555886268615723,-0.1843499541282653,0.12863689661026,-0.7578355073928833,-0.2130477279424667,-0.0225759446620941,-0.3667224645614624,-0.0993825420737266,-0.0395123362541198,-0.5371243357658386,-0.1534429192543029,-0.0446756482124328,-0.6525513529777527,-0.1905356347560882,-0.0466192960739135,-0.7525461912155151,-0.2158000320196151,-0.1121589839458465,-0.3118807673454284,-0.1087795048952102,-0.1636935919523239,-0.4376821517944336,-0.163477286696434,-0.1996939778327942,-0.5129756331443787,-0.1911353319883346,-0.2250443398952484,-0.586143970489502,-0.208401158452034,0.3788669109344482,0.3943599164485931,0.3806204497814178,0.3488298058509826,0.3838789165019989,0.40366992354393,0.4037215113639831,0.3128703832626343,0.2082398533821106,0.1753575950860977,0.2440900206565857,0.4912872016429901,0.3838789165019989,0.1073886901140213,0.4912872016429901,0.2793386876583099
open_palm,0.0,0.0,0.0,0.0958386361598968,-0.0044087171554565,-0.0911454930901527,0.1729836165904998,-0.0528361797332763,-0.1448241025209427,0.2167219817638397,-0.0963258743286132,-0.1918316930532455,0.2649646699428558,-0.1225470304489135,-0.2392532229423523,0.1675898134708404,-0.3310467004776001,-0.1071544140577316,0.2450887858867645,-0.4748940467834472,-0.1611270755529403,0.2852025926113128,-0.5752366781234741,-0.2021998018026352,0.3111246526241302,-0.6683917045593262,-0.2342803329229354,0.0729996562004089,-0.3837429285049438,-0.1011611446738243,0.1011473536491394,-0.5559790134429932,-0.1506789475679397,0.1163106858730316,-0.6732908487319946,-0.188015341758728,0.1253513991832733,-0.7782347202301025,-0.2167971432209015,-0.0224785506725311,-0.3750507831573486,-0.1035438627004623,-0.0400774776935577,-0.5477807521820068,-0.1562092006206512,-0.0470415353775024,-0.662841796875,-0.1932400912046432,-0.0497265756130218,-0.7640716433525085,-0.218561515212059,-0.1128357946872711,-0.320074200630188,-0.1134103164076805,-0.1639764755964279,-0.4477633237838745,-0.1668997555971145,-0.2017825543880462,-0.522026777267456,-0.1941619366407394,-0.227990061044693,-0.5961957573890686,-0.2111289203166961,0.3862127959728241,0.4035110473632812,0.3897302746772766,0.3578286170959472,0.3880269527435303,0.414410650730133,0.4065817892551422,0.3147261440753937,0.2165244817733764,0.1756587773561477,0.2449804544448852,0.5478155612945557,0.3880269527435303,0.1084440425038337,0.5478155612945557,0.2807099223136902
open_palm,0.0,0.0,0.0,0.1045862138271331,-0.0305838584899902,-0.0495428740978241,0.1758844554424286,-0.0896799564361572,-0.0775324702262878,0.2227893769741058,-0.146148145198822,-0.104583166539669,0.2684034407138824,-0.1836713552474975,-0.1326417028903961,0.1393897235393524,-0.3184435963630676,-0.0596479624509811,0.214847058057785,-0.4641215801239013,-0.095458298921585,0.2535161674022674,-0.5639220476150513,-0.1218956708908081,0.2783509790897369,-0.6508848667144775,-0.1427569091320037,0.0513952672481536,-0.3634718656539917,-0.0633530542254448,0.074786901473999,-0.538925051689148,-0.0998153164982795,0.0870191752910614,-0.6573700904846191,-0.1285465955734253,0.0909372866153717,-0.7595793008804321,-0.1499433815479278,-0.0364681184291839,-0.3563962578773498,-0.0718368291854858,-0.0581780970096588,-0.5202487111091614,-0.1107932552695274,-0.0657281279563903,-0.6295351982116699,-0.1420544683933258,-0.0692029893398284,-0.7255152463912964,-0.1636935025453567,-0.1200617849826812,-0.3050341606140136,-0.0837844163179397,-0.1808216124773025,-0.4208601117134094,-0.125976875424385,-0.2228163927793502,-0.4910445809364319,-0.1482296735048294,-0.251560628414154,-0.5576663017272949,-0.1614165604114532,0.3526948988437652,0.3725142776966095,0.3653884828090668,0.3383496701717376,0.3697763383388519,0.407384991645813,0.3817827105522156,0.2951977252960205,0.2167717963457107,0.1642995178699493,0.2478563338518142,0.4674288630485534,0.3697763383388519,0.0989156067371368,0.4674288630485534,0.2609165906906128
open_palm,0.0,0.0,0.0,0.0812344849109649,-0.0778909921646118,-0.0465371906757354,0.1426146328449249,-0.1981367468833923,-0.0735398232936859,0.1472394168376922,-0.3273268938064575,-0.1037567183375358,0.1153529584407806,-0.4324752688407898,-0.1303987503051757,0.0824918448925018,-0.3886527419090271,-0.0147055527195334,0.075509637594223,-0.5166003108024597,-0.0766540691256523,0.0895675122737884,-0.4578994512557983,-0.1216111704707145,0.0996778905391693,-0.3829318881034851,-0.1433366388082504,0.0092447698116302,-0.3852510452270508,-0.0187367051839828,0.0062621533870697,-0.5264429450035095,-0.0858502611517906,0.0363474190235137,-0.411514937877655,-0.119565911591053,0.0498348772525787,-0.3135012984275818,-0.1291014552116394,-0.0623352527618408,-0.360278844833374,-0.0328502841293811,-0.0774275064468383,-0.5010416507720947,-0.0929538309574127,-0.0333092510700225,-0.3989012241363525,-0.0959160029888153,-0.0122710168361663,-0.308804452419281,-0.0838362649083137,-0.1360108256340026,-0.3128918409347534,-0.0517342500388622,-0.1444924175739288,-0.421649694442749,-0.0916376113891601,-0.1070652902126312,-0.3626929521560669,-0.0888104289770126,-0.0891614258289337,-0.3018202781677246,-0.0780005007982254,0.3975828289985657,0.3858171701431274,0.3671044409275055,0.3450748920440674,0.1299001425504684,0.1377532631158828,0.0880659520626068,0.0548394173383712,0.0866462513804435,0.0769944116473198,0.0774271860718727,0.0535503812134265,0.1299001425504684,0.073436751961708,0.0535503812134265,0.2342098504304886
open_palm,0.0,0.0,0.0,0.0716710686683654,-0.0683621168136596,-0.0734008401632309,0.1147767901420593,-0.2041597366333007,-0.1124066412448883,0.0675551891326904,-0.3391240835189819,-0.1435236781835556,0.0246724486351013,-0.4460242986679077,-0.1617946624755859,0.0245131850242614,-0.4002031087875366,-0.0519426055252552,0.0399637222290039,-0.433423638343811,-0.1138903424143791,0.0660091042518615,-0.3133484721183777,-0.1345826536417007,0.0647007822990417,-0.2723545432090759,-0.1427530348300933,-0.0541189312934875,-0.3925775289535522,-0.0446151681244373,-0.0304351449012756,-0.4107030034065246,-0.1048127636313438,0.0089971423149108,-0.2697222232818603,-0.1090077012777328,0.0029290318489074,-0.2610418796539306,-0.1032127439975738,-0.1180280447006225,-0.3532531261444092,-0.0499070063233375,-0.0881792604923248,-0.3588923811912536,-0.1243877336382865,-0.0396779775619506,-0.2306795120239257,-0.107222706079483,-0.0443059206008911,-0.2197285294532776,-0.0834516957402229,-0.1789393723011016,-0.2908746600151062,-0.060317825525999,-0.1371302008628845,-0.2778850793838501,-0.114893838763237,-0.0920472145080566,-0.1916738748550415,-0.1065624952316284,-0.0947813093662262,-0.1850652694702148,-0.0909213051199913,0.4043036699295044,0.3987937867641449,0.3757779896259308,0.3467933237552643,0.1618852466344833,0.154886320233345,0.1561698317527771,0.1386173814535141,0.0742102414369583,0.0657908245921135,0.0616855062544345,0.1792373657226562,0.1618852466344833,0.0793400928378105,0.1792373657226562,0.2311185747385025
open_palm,0.0,0.0,0.0,0.0912725329399108,-0.0726736783981323,-0.0554202944040298,0.1576716899871826,-0.1859210729598999,-0.084997221827507,0.1359453201293945,-0.3005905747413635,-0.1101004481315612,0.0924273133277893,-0.3899106383323669,-0.1254416853189468,0.0934039950370788,-0.3601208329200744,-0.03402691334486,0.1500669717788696,-0.4050687551498413,-0.0905782952904701,0.1567087173461914,-0.305468201637268,-0.1098090037703514,0.1374493241310119,-0.2437722086906433,-0.1133506968617439,0.0201472043991088,-0.3636203408241272,-0.0293769519776105,0.0801447629928588,-0.3880485892295837,-0.0853132531046867,0.1006069779396057,-0.2493889927864074,-0.0899748429656028,0.0837604999542236,-0.1998072862625122,-0.0794015079736709,-0.0423207879066467,-0.3345341086387634,-0.035156711935997,0.0250394344329834,-0.3336452841758728,-0.1006818860769271,0.0502393841743469,-0.1986801028251648,-0.0864176228642463,0.0308716297149658,-0.1472066640853881,-0.0599592961370945,-0.1002815663814544,-0.279760479927063,-0.0446241796016693,-0.0329671204090118,-0.2691730260848999,-0.0876995846629142,-0.0071125030517578,-0.1757184863090515,-0.0776868537068367,-0.02659872174263,-0.1395512819290161,-0.0582419633865356,0.3735895454883575,0.3653610050678253,0.3390281796455383,0.3005222678184509,0.1475440859794616,0.1827124059200287,0.2026422172784805,0.1589755564928054,0.077252522110939,0.0770847424864769,0.058003406971693,0.1533936560153961,0.1475440859794616,0.0734875872731208,0.1533936560153961,0.2099623531103134
open_palm,0.0,0.0,0.0,0.085141897201538,-0.0445157289505004,-0.0415186174213886,0.1590977311134338,-0.1245602369308471,-0.0744966566562652,0.1983337998390197,-0.1989617347717285,-0.1094760149717331,0.2298536300659179,-0.2651578783988952,-0.1415277123451233,0.1382945775985717,-0.3105874061584472,-0.0399900041520595,0.1814314126968383,-0.3829041123390198,-0.1066620871424675,0.1928493976593017,-0.2930577397346496,-0.1492545157670974,0.1823850870132446,-0.2115735411643982,-0.1686757206916809,0.0704623460769653,-0.3200131058692932,-0.0466721840202808,0.1174347400665283,-0.3863547444343567,-0.1147411838173866,0.1441762447357177,-0.2662423253059387,-0.1440091729164123,0.144576609134674,-0.1761514544486999,-0.1508031040430069,0.0014179646968841,-0.2976685166358948,-0.0610691979527473,0.0377556085586547,-0.3641960620880127,-0.1321668773889541,0.077720820903778,-0.2388040423393249,-0.1375030428171157,0.0900178551673889,-0.144604206085205,-0.1245291978120803,-0.0687786340713501,-0.2441195249557495,-0.0774325430393219,-0.0315071940422058,-0.2668235301971435,-0.1384078860282898,0.0146040022373199,-0.1807274222373962,-0.1434698700904846,0.036467969417572,-0.1097494959831237,-0.1325413882732391,0.3423289954662323,0.3309858441352844,0.3038716912269592,0.265180379152298,0.1682490110397339,0.1924379020929336,0.1878983676433563,0.179357573390007,0.0548054352402687,0.0682803392410278,0.0643943771719932,0.0765608102083206,0.1682490110397339,0.0688092112541198,0.0765608102083206,0.2206790298223495
open_palm,0.0,0.0,0.0,0.0857719779014587,-0.054810881614685,-0.0314943678677082,0.1226451396942138,-0.1524102687835693,-0.0633257180452346,0.11639004945755,-0.2482363581657409,-0.0875851586461067,0.0970122218132019,-0.3268495798110962,-0.1170300617814064,0.1112309098243713,-0.2354932427406311,-0.1200003921985626,0.1926572322845459,-0.3768643736839294,-0.169449582695961,0.2455807328224182,-0.4826215505599975,-0.196366861462593,0.2876128554344177,-0.5614846348762512,-0.2149234563112259,0.0263486504554748,-0.2627462744712829,-0.1260046064853668,0.0230931639671325,-0.4365477561950683,-0.1708509474992752,0.0178753733634948,-0.5556777119636536,-0.1987579017877578,0.0169840455055236,-0.6493228673934937,-0.2210495769977569,-0.0545398592948913,-0.2549542784690857,-0.1280808597803115,-0.0786886811256408,-0.4124449491500854,-0.1722703725099563,-0.0872710049152374,-0.5182996988296509,-0.1975135654211044,-0.0873428285121917,-0.5990212559700012,-0.215852752327919,-0.1192186474800109,-0.2179858088493347,-0.1280943155288696,-0.1748518645763397,-0.3073931336402893,-0.1711963862180709,-0.2047721743583679,-0.3610973954200744,-0.1890355050563812,-0.2213484048843383,-0.4081392288208008,-0.1990219354629516,0.2867568135261535,0.2925867736339569,0.2904840409755707,0.2795336246490478,0.3826112449169159,0.3981993198394775,0.3565978407859802,0.2271993309259414,0.2845927476882934,0.1159368604421615,0.233830526471138,0.3177504241466522,0.3826112449169159,0.0893519744277,0.3177504241466522,0.2312553077936172
open_palm,0.0,0.0,0.0,0.1086321473121643,-0.060388445854187,-0.0287957116961479,0.1697965264320373,-0.1588612794876098,-0.0533170066773891,0.1772633790969848,-0.2608257532119751,-0.0697071775794029,0.1684530377388,-0.3227773904800415,-0.0905486643314361,0.1585085988044738,-0.2538975477218628,-0.1101947128772735,0.2561565041542053,-0.4023979306221008,-0.1530594527721405,0.3010292053222656,-0.515383243560791,-0.1761612743139267,0.3335115909576416,-0.6037194728851318,-0.1930263936519622,0.052746832370758,-0.2871092557907104,-0.1188492327928543,0.0667036175727844,-0.4766819477081299,-0.1550996601581573,0.0736429691314697,-0.6107317209243774,-0.1780603677034378,0.0770477652549743,-0.7139869928359985,-0.1982729882001876,-0.0511003136634826,-0.2708024382591247,-0.1244359612464904,-0.0693860650062561,-0.4463145136833191,-0.1648019552230835,-0.0704312622547149,-0.5537286400794983,-0.1917303651571273,-0.0695253014564514,-0.6296989917755127,-0.2118496000766754,-0.1348271369934082,-0.2201347351074218,-0.1279090195894241,-0.2065540552139282,-0.3256610035896301,-0.1744918823242187,-0.2555966973304748,-0.3893951177597046,-0.1959961652755737,-0.2903536558151245,-0.4512308835983276,-0.2086308151483535,0.3189542591571808,0.3151810467243194,0.3023731410503387,0.2880944013595581,0.3998281061649322,0.4348830878734588,0.3698477745056152,0.2900171279907226,0.2792134582996368,0.169624462723732,0.2839478552341461,0.3415764570236206,0.3998281061649322,0.1111911386251449,0.3415764570236206,0.2958032786846161
open_palm,0.0,0.0,0.0,0.0574122667312622,-0.0128333568572998,-0.066054880619049,0.0889185667037963,-0.0665885210037231,-0.1094673797488212,0.0874505639076232,-0.1066886186599731,-0.1476006358861923,0.0757566690444946,-0.139906644821167,-0.1884038597345352,0.1105315685272216,-0.297393262386322,-0.1080593839287757,0.1717132329940796,-0.4442226886749267,-0.1496530324220657,0.1973271369934082,-0.5380041599273682,-0.1802478730678558,0.2136136293411255,-0.6245734691619873,-0.2066543400287628,0.040837824344635,-0.3418458104133606,-0.108319416642189,0.018691599369049,-0.5228650569915771,-0.1542694419622421,0.0058262944221496,-0.6508135199546814,-0.192411795258522,-0.0082530677318573,-0.7603358030319214,-0.22308149933815,-0.0194068849086761,-0.3293889760971069,-0.1108207255601883,-0.0418830215930938,-0.5167691707611084,-0.1570334136486053,-0.0443162024021148,-0.6407157182693481,-0.1911273598670959,-0.0435437560081481,-0.7468274235725403,-0.2157310098409652,-0.0577432513236999,-0.2760140299797058,-0.1167287677526474,-0.0840399265289306,-0.3972971439361572,-0.1612083911895752,-0.1067017018795013,-0.4633071422576904,-0.179560586810112,-0.1208567917346954,-0.523311972618103,-0.1912495493888855,0.3351668417453766,0.3609146475791931,0.3480732142925262,0.3051944077014923,0.3569226264953613,0.4367082715034485,0.4310958385467529,0.2658814489841461,0.260626345872879,0.038495946675539,0.2377725839614868,0.5042217373847961,0.3569226264953613,0.0826638638973236,0.5042217373847961,0.1698488891124725
open_palm,0.0,0.0,0.0,0.1095170378684997,-0.0026549100875854,-0.0908775925636291,0.1755913496017456,-0.0339510440826416,-0.1532832235097885,0.19535893201828,-0.0672551393508911,-0.2045559883117675,0.1983448266983032,-0.0768887996673584,-0.260174810886383,0.1753086447715759,-0.2754104733467102,-0.1611352115869522,0.2674376368522644,-0.4284050464630127,-0.2205646336078643,0.3061762452125549,-0.5385749340057373,-0.2579652667045593,0.3309664130210876,-0.6406689882278442,-0.2881538271903991,0.0623989701271057,-0.3281905055046081,-0.1545206755399704,0.041796863079071,-0.5155278444290161,-0.2155740857124328,0.0233866572380065,-0.6421193480491638,-0.2580975294113159,0.0084349513053894,-0.7517119646072388,-0.2926920056343078,-0.0420083403587341,-0.3115696907043457,-0.1499954611063003,-0.0799778699874877,-0.4758733510971069,-0.2118214517831802,-0.0931605100631713,-0.5419718027114868,-0.2459385395050048,-0.1042273342609405,-0.5893323421478271,-0.2688020765781402,-0.1262354850769043,-0.2543146014213562,-0.1504435092210769,-0.1945016980171203,-0.3656113743782043,-0.2098068743944168,-0.2425697147846222,-0.4324830174446106,-0.2370644211769104,-0.2742429077625274,-0.499589741230011,-0.2543754875659942,0.3640722334384918,0.3680751025676727,0.3483375012874603,0.3213169276714325,0.4168654978275299,0.4487469792366028,0.3084449768066406,0.3047424554824829,0.3411417305469513,0.1990744918584823,0.1927878409624099,0.5798442959785461,0.4168654978275299,0.1248121708631515,0.5798442959785461,0.3024701774120331
open_palm,0.0,0.0,0.0,0.1075823307037353,-0.0166832208633422,-0.0632120594382286,0.1729162335395813,-0.0627206563949585,-0.1095869019627571,0.1869877576828003,-0.0996705293655395,-0.1540514528751373,0.1925146579742431,-0.1228960752487182,-0.2029410451650619,0.1788113713264465,-0.3214172124862671,-0.1058578714728355,0.2691055536270141,-0.4763574600219726,-0.1600878238677978,0.3113648891448974,-0.5880261063575745,-0.1983316987752914,0.3349326252937317,-0.6890956163406372,-0.2278118431568145,0.071188747882843,-0.3759541511535644,-0.1138152107596397,0.0876312255859375,-0.5691258907318115,-0.1631434559822082,0.0927125811576843,-0.6998014450073242,-0.2021527141332626,0.09196138381958,-0.8091928958892822,-0.2317361384630203,-0.0323495864868164,-0.3594638109207153,-0.1249897927045822,-0.0560991168022155,-0.5492534041404724,-0.175479382276535,-0.0704543888568878,-0.6647980213165283,-0.2116875201463699,-0.0787949562072753,-0.7616252899169922,-0.2365775853395462,-0.1209840178489685,-0.2921304702758789,-0.1399437636137008,-0.1830593943595886,-0.417303204536438,-0.1932874619960785,-0.2304906249046325,-0.4861637949943542,-0.2175522297620773,-0.2615258693695068,-0.5513201951980591,-0.2308689504861831,0.3827380537986755,0.3992033004760742,0.3819465637207031,0.3457767963409424,0.4176529943943023,0.4494803845882416,0.4199319779872894,0.3085429072380066,0.2710604667663574,0.177324116230011,0.2786600291728973,0.5843657851219177,0.4176529943943023,0.1209141239523887,0.5843657851219177,0.3031449019908905
open_palm,0.0,0.0,0.0,0.111273854970932,-0.0141804218292236,-0.0703227743506431,0.186195820569992,-0.0575770139694213,-0.1189969033002853,0.2210439145565033,-0.0939394235610961,-0.1636581420898437,0.2472263872623443,-0.1121950149536132,-0.2125999629497528,0.1865167319774627,-0.3074920773506164,-0.1174620017409324,0.2699298560619354,-0.463005781173706,-0.1771074384450912,0.3074820935726166,-0.5777046084403992,-0.2183735966682434,0.3293620645999908,-0.6825816631317139,-0.2493560761213302,0.0796832144260406,-0.3609790802001953,-0.1229628399014473,0.0941673219203949,-0.5579538941383362,-0.1751871556043625,0.0987405478954315,-0.6898350119590759,-0.2132602781057357,0.0990087687969207,-0.8011714816093445,-0.2417108118534088,-0.023265928030014,-0.3426644206047058,-0.1320778280496597,-0.0479384958744049,-0.5266316533088684,-0.1835009455680847,-0.0634106695652008,-0.6419365406036377,-0.2165743559598922,-0.0738638341426849,-0.7394243478775024,-0.2391550093889236,-0.1121000349521637,-0.2736014127731323,-0.1460180729627609,-0.176287442445755,-0.3916196823120117,-0.2000665664672851,-0.2233016192913055,-0.4648067355155945,-0.2231519371271133,-0.2542679607868194,-0.5345927476882935,-0.2353837639093399,0.3783347606658935,0.3895833492279053,0.3679738640785217,0.3297657072544098,0.4224843680858612,0.4563374817371368,0.414058119058609,0.3103456497192383,0.2591999769210815,0.1835869699716568,0.2729759216308594,0.5774410963058472,0.4224843680858612,0.1196015030145645,0.5774410963058472,0.3018873929977417
open_palm,0.0,0.0,0.0,0.1051337122917175,-0.0008977651596069,-0.0795414894819259,0.1830449700355529,-0.0450564622879028,-0.1274260133504867,0.2151775360107422,-0.0843913555145263,-0.1715857237577438,0.2342084050178527,-0.1269301176071167,-0.218598186969757,0.1802097558975219,-0.3080094456672668,-0.1040804013609886,0.2655720710754394,-0.458671510219574,-0.1565062701702118,0.3044205904006958,-0.5652601718902588,-0.195475161075592,0.3259689807891845,-0.6640568971633911,-0.225896954536438,0.07418954372406,-0.3649431467056274,-0.1040143445134162,0.085569143295288,-0.5496103763580322,-0.1562087833881378,0.0944315195083618,-0.675947368144989,-0.1985244452953338,0.0985085368156433,-0.7852122783660889,-0.2292005568742752,-0.0249098539352417,-0.3534389138221741,-0.1093355044722557,-0.0457307994365692,-0.5407970547676086,-0.1619636565446853,-0.0480560958385467,-0.6572452783584595,-0.1970301121473312,-0.0436499118804931,-0.7619060277938843,-0.2201653122901916,-0.1080268323421478,-0.2949219346046448,-0.1205079481005668,-0.1537317633628845,-0.4160396456718445,-0.1746648848056793,-0.1908639073371887,-0.4848418831825256,-0.1974417269229889,-0.2149129807949066,-0.5513646602630615,-0.2090983092784881,0.3717231750488281,0.3866607844829559,0.3708015978336334,0.3364088535308838,0.4035527408123016,0.4391914308071136,0.4236506223678589,0.2916089296340942,0.2577358782291412,0.1443393230438232,0.2716269493103027,0.5449572801589966,0.4035527408123016,0.1203400865197181,0.5449572801589966,0.2890008389949798
open_palm,0.0,0.0,0.0,0.0884034633636474,0.0056519508361816,-0.0823268815875053,0.1481874585151672,-0.0309435129165649,-0.1325597167015075,0.164774477481842,-0.0595015287399292,-0.1769642233848571,0.1720508933067321,-0.079025387763977,-0.2235762178897857,0.1572333574295044,-0.2959872484207153,-0.1070882901549339,0.2440435290336609,-0.4455801248550415,-0.1511724144220352,0.2832353711128235,-0.552442193031311,-0.1853220760822296,0.3068760633468628,-0.6509767770767212,-0.214817002415657,0.0624879002571105,-0.3537220358848572,-0.1018028259277343,0.037388265132904,-0.5301034450531006,-0.1486242413520813,0.0101794302463531,-0.6503939628601074,-0.187986135482788,-0.0122268795967102,-0.7453795075416565,-0.2188958972692489,-0.020802766084671,-0.3457845449447632,-0.101322166621685,-0.0354863703250885,-0.5285083055496216,-0.1449875831604004,-0.0312912464141845,-0.647207498550415,-0.1756070703268051,-0.0229386091232299,-0.7473697662353516,-0.1982456147670745,-0.086314857006073,-0.2902361154556274,-0.1069560423493385,-0.1238804459571838,-0.4074312448501587,-0.1504078209400177,-0.1519358158111572,-0.4773860573768616,-0.167315661907196,-0.1670497059822082,-0.5422763824462891,-0.1769819259643554,0.3518503606319427,0.3733468055725097,0.3609236776828766,0.3211337029933929,0.4000199735164642,0.415558248758316,0.4131215512752533,0.2737627327442169,0.3327990472316742,0.0233481600880622,0.2515620291233063,0.5876928567886353,0.4000199735164642,0.1110762953758239,0.5876928567886353,0.2436161488294601
open_palm,0.0,0.0,0.0,0.0626418888568878,0.0139983892440795,-0.0825059413909912,0.0971879065036773,-0.0054575204849243,-0.1384490579366684,0.0971258580684661,-0.015876293182373,-0.1873562037944793,0.084926813840866,-0.0218952894210815,-0.2386354655027389,0.1276668608188629,-0.2639805674552917,-0.1249686628580093,0.2110055387020111,-0.41053307056427,-0.1730703264474868,0.2478049099445343,-0.5179563760757446,-0.205855131149292,0.273100882768631,-0.6128695011138916,-0.2330628633499145,0.0492320358753204,-0.3179315328598022,-0.1192511543631553,0.0303590595722198,-0.4957033991813659,-0.1744691133499145,0.0172588527202606,-0.6225048899650574,-0.215473935008049,0.0071970224380493,-0.727975606918335,-0.2472837567329406,-0.0205260813236236,-0.3089203238487243,-0.1164419427514076,-0.0492649972438812,-0.4753392338752746,-0.1651614606380462,-0.0540686547756195,-0.5786393284797668,-0.1954368352890014,-0.0538654029369354,-0.6632248759269714,-0.2164163291454315,-0.0729742050170898,-0.2591280341148376,-0.1194842234253883,-0.108057290315628,-0.3710188865661621,-0.1628623157739639,-0.1349920928478241,-0.4367619752883911,-0.1811022758483886,-0.1534859836101532,-0.4982942342758178,-0.1925210505723953,0.318750262260437,0.3431109189987182,0.330774575471878,0.294531911611557,0.3931397795677185,0.4316195547580719,0.3696459233760834,0.2627108693122864,0.2900974452495575,0.0942023321986198,0.1941580772399902,0.6202346682548523,0.3931397795677185,0.0953699052333831,0.6202346682548523,0.2007746547460556
open_palm,0.0,0.0,0.0,0.0955343842506408,-0.0709508657455444,-0.0507952533662319,0.1410803198814392,-0.1687085032463073,-0.0874333083629608,0.1593896746635437,-0.246530532836914,-0.1189087405800819,0.1731703877449035,-0.2966316342353821,-0.1557174026966095,0.1021130084991455,-0.2839846014976501,-0.1118649467825889,0.164124846458435,-0.425614058971405,-0.1632866859436035,0.2016552090644836,-0.523066520690918,-0.1955978274345398,0.2335702180862426,-0.6091010570526123,-0.2199124842882156,0.0053274035453796,-0.3061906695365906,-0.1166847646236419,-0.0278241038322448,-0.4705135822296142,-0.1654365062713623,-0.0526659786701202,-0.5809242725372314,-0.1986313909292221,-0.0722519159317016,-0.6755621433258057,-0.2272540181875229,-0.0845125913619995,-0.2840893268585205,-0.1221707463264465,-0.1356059908866882,-0.4255921244621277,-0.1700438857078552,-0.155496060848236,-0.4990836977958679,-0.1926132440567016,-0.1712517142295837,-0.5586223602294922,-0.2098456025123596,-0.1579394936561584,-0.2297160029411316,-0.1301463097333908,-0.2160519361495971,-0.3378909826278686,-0.1741970926523208,-0.2534055709838867,-0.4085869193077087,-0.1916728317737579,-0.281771719455719,-0.4794260263442993,-0.2038097530603408,0.3218510150909424,0.3277139663696289,0.3205851018428802,0.3076562881469726,0.3669550120830536,0.3932929933071136,0.3009633719921112,0.2882981598377228,0.3130465745925903,0.154204174876213,0.1360998302698135,0.3246633410453796,0.3669550120830536,0.0994172692298889,0.3246633410453796,0.2662829160690307
open_palm,0.0,0.0,0.0,0.065719723701477,-0.0543904304504394,-0.0409887731075286,0.1115725040435791,-0.1327096819877624,-0.0677815824747085,0.1193355321884155,-0.2100940942764282,-0.0980977118015289,0.1038901209831237,-0.2805315852165222,-0.1222377717494964,0.011134386062622,-0.3984620571136474,-0.0100150164216756,0.0495015382766723,-0.3836937546730041,-0.048257153481245,0.0779311060905456,-0.2775800824165344,-0.0774650797247886,0.080594003200531,-0.2165188193321228,-0.0925390049815177,-0.0553657412528991,-0.409457802772522,-0.0170115251094102,-0.0074829459190368,-0.3610533475875854,-0.0598935894668102,0.0359292030334472,-0.2379099130630493,-0.0875071063637733,0.0433304905891418,-0.1663951873779297,-0.1000831425189971,-0.116225928068161,-0.3721544742584228,-0.0317919328808784,-0.0767645537853241,-0.3511986136436462,-0.0872213095426559,-0.0217592716217041,-0.2313435673713684,-0.0965419560670852,-0.0060317516326904,-0.1478745937347412,-0.0907961502671241,-0.1680676639080047,-0.3032453060150146,-0.0497329905629158,-0.1970809996128082,-0.3579090237617492,-0.0928238034248352,-0.2116102278232574,-0.3709878325462341,-0.0988265946507453,-0.2409012913703918,-0.3877240419387817,-0.0945836752653122,0.3987433910369873,0.4135341048240661,0.3911753296852112,0.3502539396286011,0.2115140408277511,0.2751749753952026,0.2567600309848785,0.1202205419540405,0.0629115402698516,0.0535340197384357,0.3357168436050415,0.0743125826120376,0.2115140408277511,0.0677652135491371,0.0743125826120376,0.2067779451608657
open_palm,0.0,0.0,0.0,-0.0062401294708251,-0.0582655072212219,0.0399715341627597,-0.0268449187278747,-0.0993138551712036,0.064844936132431,-0.0468931794166564,-0.1240668892860412,0.0786018073558807,-0.0662802457809448,-0.1351111531257629,0.0913150310516357,-0.0220160484313964,-0.1423944234848022,0.0832138881087303,-0.0497694909572601,-0.16958087682724,0.1023617088794708,-0.0700557231903076,-0.1572285890579223,0.1077216267585754,-0.0818501412868499,-0.1400349736213684,0.1110586822032928,-0.0283096730709075,-0.1424864530563354,0.0659267380833625,-0.0622196793556213,-0.159326434135437,0.0884340479969978,-0.0868236124515533,-0.1423346996307373,0.0891479775309562,-0.1008819341659545,-0.1233121156692504,0.0876184850931167,-0.0388309359550476,-0.1342898607254028,0.0478394329547882,-0.0705502331256866,-0.1527315974235534,0.0677433460950851,-0.0939169526100158,-0.1338427662849426,0.0694972053170204,-0.1073598563671112,-0.1135782599449157,0.0672762840986251,-0.0526372492313385,-0.121450662612915,0.0317598953843116,-0.0797203183174133,-0.13955157995224,0.0467133559286594,-0.097948670387268,-0.1314270496368408,0.0513966046273708,-0.1101978570222854,-0.1190896034240722,0.0531203709542751,0.1663893908262252,0.1595310717821121,0.1477505266666412,0.1361235976219177,0.066038005053997,0.0781339854001998,0.0741820335388183,0.0614415816962718,0.0345152989029884,0.0234630890190601,0.0154537707567214,0.0256218146532773,0.066038005053997,0.0183973833918571,0.0256218146532773,0.0634335279464721
open_palm,0.0,0.0,0.0,-0.0047031939029693,-0.0446228384971618,0.0416128411889076,-0.0263232886791229,-0.0802435278892517,0.065848559141159,-0.0465508997440338,-0.0986163020133972,0.0771656557917594,-0.0664606988430023,-0.109420895576477,0.087666317820549,-0.0241696834564209,-0.1162638068199157,0.0899217948317527,-0.0355260372161865,-0.1483930349349975,0.1131607964634895,-0.0442532300949096,-0.1506627798080444,0.1260478347539901,-0.0505503416061401,-0.1427832841873169,0.1363853514194488,-0.0356564819812774,-0.1194143295288086,0.0704745203256607,-0.0515274405479431,-0.1472866535186767,0.0977269932627677,-0.0610898733139038,-0.1464943885803222,0.1095330268144607,-0.0649872124195098,-0.1377480626106262,0.1195604130625724,-0.0489667356014251,-0.1163694262504577,0.0494166761636734,-0.0687960982322692,-0.1412616372108459,0.0701746344566345,-0.081213355064392,-0.1318981647491455,0.0793110802769661,-0.088404357433319,-0.1139909029006958,0.0861591771245002,-0.0651999413967132,-0.107895016670227,0.0300570987164974,-0.0908442437648773,-0.1250895857810974,0.0438072830438613,-0.1072933971881866,-0.1189261674880981,0.0516987331211566,-0.1188586503267288,-0.104629099369049,0.0588676370680332,0.1489542722702026,0.1431706100702285,0.1355787366628646,0.1295985877513885,0.059649683535099,0.0600486658513546,0.0539536364376544,0.0609915591776371,0.0227344557642936,0.0472060143947601,0.041951585561037,0.0611533597111702,0.059649683535099,0.0228050164878368,0.0611533597111702,0.0730568319559097
open_palm,0.0,0.0,0.0,-0.0028028786182403,-0.0453801751136779,0.0558355562388896,-0.0223710834980011,-0.0825971961021423,0.0845425799489021,-0.0389108657836914,-0.0999792218208313,0.098952829837799,-0.0567904114723205,-0.1074788570404052,0.1111504957079887,-0.0320800244808197,-0.1232902407646179,0.0904118046164512,-0.0581400990486145,-0.1456563472747802,0.1124408990144729,-0.0687489211559295,-0.1403062343597412,0.1231111139059066,-0.0741593539714813,-0.1299785375595092,0.1299947798252105,-0.0395254492759704,-0.1252354383468628,0.0632303729653358,-0.0785279870033264,-0.1311218738555908,0.0882887095212936,-0.0939519107341766,-0.1139074563980102,0.0952508226037025,-0.0996269285678863,-0.0952598452568054,0.0988637953996658,-0.0511606037616729,-0.1195630431175232,0.0365624316036701,-0.0908836424350738,-0.1218100786209106,0.0569072514772415,-0.1064920574426651,-0.1022363901138305,0.0621893182396888,-0.1126598864793777,-0.0850265622138977,0.0628961473703384,-0.0647129416465759,-0.1095178127288818,0.0131201837211847,-0.0989907681941986,-0.1173187494277954,0.0262022502720356,-0.114112839102745,-0.1059364676475524,0.0314166620373725,-0.1231018900871276,-0.0928888916969299,0.0340755879878997,0.1562175005674362,0.1457540988922119,0.1350908577442169,0.1278829723596573,0.0581568107008934,0.0760293677449226,0.0752887427806854,0.0642255321145057,0.0531330667436122,0.039601132273674,0.0316461138427257,0.0341031178832054,0.0581568107008934,0.0282497499138116,0.0341031178832054,0.0850210636854171
open_palm,0.0,0.0,0.0,-0.0061272382736206,-0.0463932752609252,0.0544867813587188,-0.0273764729499816,-0.083817183971405,0.0802755579352378,-0.0455564260482788,-0.1022655963897705,0.0919412150979042,-0.0641929507255554,-0.1110517978668212,0.1011851727962493,-0.0335391163825988,-0.1269833445549011,0.0848776325583458,-0.0629456043243408,-0.1411294937133789,0.104691132903099,-0.0791590511798858,-0.1307835578918457,0.113464243710041,-0.0887840390205383,-0.1194127202033996,0.1187711432576179,-0.0393323302268981,-0.1288650631904602,0.0571134462952613,-0.0777866840362548,-0.1338624358177185,0.079935684800148,-0.0953861773014068,-0.115879476070404,0.0865634083747863,-0.1030844748020172,-0.0974035263061523,0.0899155512452125,-0.0495661795139312,-0.1216275691986084,0.0300864186137914,-0.0886232852935791,-0.1253262162208557,0.0497050248086452,-0.1070472747087478,-0.1065741777420044,0.0556504242122173,-0.1153935641050338,-0.090825080871582,0.0565922893583774,-0.0625843405723571,-0.1087101101875305,0.0061053880490362,-0.0971470475196838,-0.1154839396476745,0.0200869832187891,-0.113974392414093,-0.1063663959503173,0.0263007692992687,-0.123928427696228,-0.0962500572204589,0.0293786656111478,0.1563772857189178,0.1463392674922943,0.1347414702177047,0.1255864799022674,0.0652540102601051,0.0782952234148979,0.0773601904511451,0.0667831972241401,0.0390070788562297,0.0361279584467411,0.0290319751948118,0.0313670672476291,0.0652540102601051,0.0284245014190673,0.0313670672476291,0.0859220772981643
open_palm,0.0,0.0,0.0,-0.0095743238925933,-0.0451568365097045,0.0529785864055156,-0.0321995317935943,-0.0848591327667236,0.0779414623975753,-0.0513294339179992,-0.1035124659538269,0.0893842130899429,-0.0706738531589508,-0.1120651364326477,0.0983696952462196,-0.0363971590995788,-0.1285985708236694,0.0811938121914863,-0.0683840811252594,-0.1387600898742675,0.1003656089305877,-0.0875335335731506,-0.1257756352424621,0.1078263446688652,-0.0997724831104278,-0.1135390996932983,0.1120255142450332,-0.0410216748714447,-0.131297767162323,0.0540818981826305,-0.0807621479034423,-0.1335223913192749,0.0768783316016197,-0.1009394824504852,-0.1162081956863403,0.0825574919581413,-0.111571118235588,-0.0963244438171386,0.0847772285342216,-0.0506606698036193,-0.1242650747299194,0.0279892459511756,-0.0909188985824585,-0.1257427930831909,0.048469178378582,-0.1102914661169052,-0.1071731448173523,0.0542664863169193,-0.1204110085964202,-0.0912452340126037,0.0545197166502475,-0.0635624527931213,-0.1107661724090576,0.0047704242169857,-0.0988380908966064,-0.1162837147712707,0.0199902113527059,-0.1159260272979736,-0.1063958406448364,0.0271522495895624,-0.1264369189739227,-0.0947207808494567,0.0305345971137285,0.1563802361488342,0.1478064060211181,0.1370828598737716,0.1277970522642135,0.0720681175589561,0.084513671696186,0.0816044434905052,0.0698172301054,0.0343223139643669,0.0319289714097976,0.0249735228717327,0.0321773886680603,0.0720681175589561,0.0276356264948844,0.0321773886680603,0.0830450654029846
fist,0.0,0.0,0.0,0.0786376297473907,-0.0292868018150329,-0.0388125851750373,0.1547613143920898,-0.0862041115760803,-0.0649146661162376,0.1702822744846344,-0.1518690586090088,-0.0910109877586364,0.1338840126991272,-0.2006808519363403,-0.1156763732433319,0.1153700351715087,-0.2554294466972351,-0.0333508141338825,0.1261839270591735,-0.3427327275276184,-0.0795453935861587,0.144704520702362,-0.3239958882331848,-0.1120497062802314,0.1647389531135559,-0.2865464091300964,-0.1287477314472198,0.0613068640232086,-0.2539881467819214,-0.0370258279144763,0.0705054998397827,-0.3534133434295654,-0.0881142765283584,0.088962435722351,-0.2883594632148742,-0.1120200529694557,0.1018253862857818,-0.2252783179283142,-0.1182585135102272,0.0097884833812713,-0.236135184764862,-0.0461688414216041,0.0209532082080841,-0.3094973564147949,-0.0953847542405128,0.0428197383880615,-0.231718897819519,-0.0956760346889495,0.0536529421806335,-0.1679816246032714,-0.0838337391614914,-0.0407605767250061,-0.2033179402351379,-0.058668952435255,-0.0261045396327972,-0.2568951249122619,-0.0911576077342033,-0.0035310089588165,-0.2026454210281372,-0.0846922248601913,0.0072590410709381,-0.1544039845466613,-0.0718782842159271,0.2822529375553131,0.2638928294181824,0.2408053129911422,0.2155032455921173,0.1118308007717132,0.095209002494812,0.0893736109137535,0.0698064863681793,0.0884416177868843,0.0823927223682403,0.0497963763773441,0.0921725630760192,0.1118308007717132,0.0542070977389812,0.0921725630760192,0.1665334403514862
fist,0.0,0.0,0.0,0.0940938293933868,-0.0701513290405273,-0.0153862573206424,0.1501007676124572,-0.1354990601539611,-0.0275626238435506,0.1740254163742065,-0.205378770828247,-0.0458037666976451,0.1664056181907653,-0.2758629322052002,-0.0648877695202827,0.1124661266803741,-0.2724047899246216,0.0189887285232543,0.1489239335060119,-0.3255094885826111,-0.0166432745754718,0.1938449442386627,-0.3396646380424499,-0.0528474673628807,0.233556717634201,-0.3360005021095276,-0.074239045381546,0.0737472176551818,-0.2908369302749634,0.0089243743568658,0.1123567223548889,-0.3593414425849914,-0.0262795705348253,0.1604523956775665,-0.3541542887687683,-0.0560093186795711,0.1976762115955352,-0.3302393555641174,-0.0705773532390594,0.0297213494777679,-0.2919487953186035,-0.0071836621500551,0.0663269460201263,-0.3447120785713196,-0.0461540706455707,0.0955985784530639,-0.2891380786895752,-0.0534293875098228,0.109041690826416,-0.2296380400657653,-0.0478146374225616,-0.0179021060466766,-0.2718045115470886,-0.0255984030663967,0.0166556537151336,-0.3148504495620727,-0.0566130466759204,0.0472680926322937,-0.2717108726501465,-0.0546669699251651,0.0638676285743713,-0.2189003825187683,-0.0440541058778762,0.2953194379806518,0.3001739680767059,0.293545663356781,0.2735936045646667,0.1655257195234298,0.1524187326431274,0.1087438389658927,0.0991249158978462,0.0365240946412086,0.1359957456588745,0.0465847067534923,0.0906269550323486,0.1655257195234298,0.044047575443983,0.0906269550323486,0.137783333659172
fist,0.0,0.0,0.0,0.0921949446201324,-0.0341672301292419,-0.0728430449962616,0.1723478734493255,-0.0820926427841186,-0.1345924437046051,0.1807920634746551,-0.1603742837905883,-0.1920120418071746,0.1270602643489837,-0.2337929606437683,-0.237676054239273,0.1831602156162262,-0.322695791721344,-0.0803885087370872,0.20064577460289,-0.3228265643119812,-0.1766390651464462,0.2085835635662078,-0.2537125647068023,-0.2213504463434219,0.1942289173603058,-0.2251580953598022,-0.2391515374183654,0.1045964062213897,-0.3487136363983154,-0.0834310054779052,0.1164066791534423,-0.3568338751792907,-0.1849563270807266,0.1307732462882995,-0.2263700366020202,-0.2037674337625503,0.1360081434249878,-0.2079805135726928,-0.1960446536540985,0.0392041206359863,-0.3349501490592956,-0.0990898013114929,0.0583026409149169,-0.3018299341201782,-0.187931939959526,0.0789985954761505,-0.18307626247406,-0.1662003844976425,0.0760104954242706,-0.1770106554031372,-0.1338426768779754,-0.0221838653087615,-0.2896139025688171,-0.1227002367377281,0.0152187943458557,-0.1990926265716552,-0.1816687583923339,0.0408689975738525,-0.1294945478439331,-0.1762214004993438,0.047831654548645,-0.1474841237068176,-0.1592363119125366,0.3796611130237579,0.3735001385211944,0.3514930307865143,0.3153152167797088,0.1866596341133117,0.182959958910942,0.1658534109592437,0.1625974625349044,0.0744508653879165,0.0918037891387939,0.0480697378516197,0.0677374750375747,0.1866596341133117,0.0828158035874366,0.0677374750375747,0.2122519314289093
fist,0.0,0.0,0.0,0.0878479182720184,-0.0096045136451721,-0.0758778825402259,0.1677221059799194,-0.0470832586288452,-0.1383653730154037,0.1661624312400818,-0.1223039031028747,-0.1939284205436706,0.1050127148628234,-0.1967116594314575,-0.2399502694606781,0.1796339750289917,-0.3223271369934082,-0.0949935168027877,0.214018702507019,-0.2909566760063171,-0.1844243556261062,0.2024116516113281,-0.2465158104896545,-0.2290412634611129,0.1664723753929138,-0.2445772886276245,-0.2511208355426788,0.0939420163631439,-0.3517910838127136,-0.0985486954450607,0.1219353675842285,-0.3154286742210388,-0.1916507333517074,0.1249786615371704,-0.1942380666732788,-0.2126805931329727,0.1175155043601989,-0.1764498353004455,-0.2122188955545425,0.0178200900554656,-0.3306240439414978,-0.1126582846045494,0.0471462607383728,-0.2615188062191009,-0.1978956013917923,0.0654859244823455,-0.1418383717536926,-0.1833021640777588,0.0631642639636993,-0.1268255710601806,-0.1594191044569015,-0.0502434968948364,-0.2743180096149444,-0.1344141662120819,-0.008219301700592,-0.1658271551132202,-0.1948377341032028,0.019154667854309,-0.0874277353286743,-0.1931594610214233,0.0301635563373565,-0.0906864404678344,-0.1807689368724823,0.3810340166091919,0.3772186636924743,0.3497451841831207,0.3095835149288177,0.1749114394187927,0.2102883160114288,0.2139544039964676,0.2057537734508514,0.0924742519855499,0.0905783846974372,0.0533938072621822,0.0786968246102333,0.1749114394187927,0.0906855836510658,0.0786968246102333,0.2381229102611541
fist,0.0,0.0,0.0,0.0869374573230743,-0.007075548171997,-0.0730321109294891,0.1684410870075225,-0.0516796708106994,-0.1279672384262085,0.1655052006244659,-0.1247731447219848,-0.1741408109664917,0.1078368723392486,-0.1927379965782165,-0.2080898284912109,0.1755065619945526,-0.3256668448448181,-0.0834507867693901,0.2144125401973724,-0.262749969959259,-0.1697806417942047,0.1974413692951202,-0.1705803275108337,-0.2149442136287689,0.1665968000888824,-0.1673789024353027,-0.2396247386932373,0.0949144959449768,-0.3538755774497986,-0.0865109413862228,0.1233660876750946,-0.2987025380134582,-0.1764368265867233,0.1230928599834442,-0.1693881750106811,-0.1988974213600158,0.1150753796100616,-0.161062479019165,-0.2012687772512436,0.0223606824874877,-0.3306784629821777,-0.1002681627869606,0.0524654686450958,-0.24878790974617,-0.1813544780015945,0.0658172965049743,-0.1270923614501953,-0.1677009314298629,0.0581632256507873,-0.1243460774421691,-0.1460790634155273,-0.0421397686004638,-0.2743642032146454,-0.1214887723326683,-0.0026511251926422,-0.1492787003517151,-0.178347498178482,0.0192810893058776,-0.0765771269798278,-0.1777667850255966,0.0238785445690155,-0.0968967080116272,-0.1671230942010879,0.3792433142662048,0.3764582872390747,0.3462685942649841,0.3030033111572265,0.2225415855646133,0.2252836376428604,0.2143677026033401,0.1947706788778305,0.0645409449934959,0.0873669981956482,0.0487007014453411,0.0713460817933082,0.2225415855646133,0.0854410827159881,0.0713460817933082,0.2268232256174087
fist,0.0,0.0,0.0,0.0791276097297668,-0.0071038603782653,-0.0934675335884094,0.144785851240158,-0.0465425252914428,-0.1589443683624267,0.1399342715740203,-0.121669590473175,-0.2134091109037399,0.096900075674057,-0.1977508068084716,-0.2564062178134918,0.1779740154743194,-0.3121317028999328,-0.1013543307781219,0.2100351750850677,-0.2852275371551513,-0.1952524781227111,0.20067098736763,-0.2239434719085693,-0.2422110438346862,0.1746317446231842,-0.2047656774520874,-0.2636332511901855,0.100733071565628,-0.3446534872055053,-0.0939149037003517,0.1170524656772613,-0.320020854473114,-0.1922460347414016,0.116400271654129,-0.2004057765007019,-0.2142959535121917,0.1135478913784027,-0.1745293140411377,-0.2102686166763305,0.0274718701839447,-0.329673171043396,-0.099478930234909,0.0401622951030731,-0.2543507218360901,-0.1866945475339889,0.0533704757690429,-0.1378567814826965,-0.1745945811271667,0.0562630891799926,-0.1199080348014831,-0.1487422734498977,-0.0412879884243011,-0.2806596755981445,-0.1145026013255119,-0.0211852490901947,-0.164996325969696,-0.1741260141134262,0.0001599490642547,-0.093109130859375,-0.1755182743072509,0.0144550502300262,-0.1023991703987121,-0.1633410900831222,0.3733277916908264,0.3711511790752411,0.3454492092132568,0.3059173226356506,0.1946100741624832,0.2065057903528213,0.2173872590065002,0.1930525749921798,0.0865636095404625,0.1002523005008697,0.0476193018257617,0.0783814415335655,0.1946100741624832,0.0841378346085548,0.0783814415335655,0.2218990623950958
fist,0.0,0.0,0.0,0.077540636062622,-0.0014392733573913,-0.0855211839079856,0.1437897384166717,-0.0341234803199768,-0.1462392807006836,0.1323060095310211,-0.1028536558151245,-0.1974679678678512,0.0856455266475677,-0.1744540929794311,-0.2383935004472732,0.1697326600551605,-0.2830237746238708,-0.0905541852116584,0.1907927095890045,-0.2900907397270202,-0.1797697693109512,0.1948597729206085,-0.233208417892456,-0.2274613231420517,0.1836731135845184,-0.207112967967987,-0.2509782016277313,0.0947516858577728,-0.3142408728599548,-0.0847650617361068,0.1120695769786834,-0.3252467811107635,-0.1815401911735534,0.1164692938327789,-0.2042226195335388,-0.2074460983276367,0.113545686006546,-0.1655012965202331,-0.2061114907264709,0.0237799286842346,-0.30320605635643,-0.0909328311681747,0.0360330641269683,-0.2480829954147339,-0.176296591758728,0.0494964122772216,-0.1309468746185302,-0.1664292961359024,0.0478710532188415,-0.1091746091842651,-0.1417469084262848,-0.0432851612567901,-0.2609601020812988,-0.1055304706096649,-0.0218958556652069,-0.1561858654022216,-0.1627284288406372,-0.0020603835582733,-0.0878166556358337,-0.1642129868268966,0.0075381994247436,-0.1020871996879577,-0.1529386937618255,0.3422158658504486,0.3389842510223388,0.3174400329589844,0.2847989797592163,0.1780242919921875,0.192877247929573,0.2020164728164672,0.1734103560447693,0.0930720567703247,0.1078362241387367,0.0424526371061801,0.1040883436799049,0.1780242919921875,0.0814258456230163,0.1040883436799049,0.2146804332733154
fist,0.0,0.0,0.0,0.0779493749141693,0.0054875612258911,-0.0830976143479347,0.1446146667003631,-0.0174055695533752,-0.1397518962621688,0.1359536349773407,-0.07788747549057,-0.187550276517868,0.0935942828655242,-0.1512922644615173,-0.2273754179477691,0.1764440238475799,-0.2595401406288147,-0.0887611210346221,0.1916837394237518,-0.2731057405471802,-0.1765649765729904,0.1970403492450714,-0.2109904289245605,-0.2263852059841156,0.1921773254871368,-0.1681441068649292,-0.2503756284713745,0.1047574579715728,-0.2896461486816406,-0.0829477086663246,0.1104218065738678,-0.3166539371013641,-0.1788661479949951,0.1181441247463226,-0.2090997695922851,-0.2121069729328155,0.1230955421924591,-0.1549147367477417,-0.2163642346858978,0.0330422818660736,-0.2819551229476928,-0.0880980864167213,0.0298999547958374,-0.2533361315727234,-0.1748984307050705,0.0457648932933807,-0.1348963379859924,-0.1737987399101257,0.0563085675239563,-0.0912861824035644,-0.1541193723678589,-0.0362340211868286,-0.2448966205120086,-0.1005734652280807,-0.0289377272129058,-0.1705433130264282,-0.1609113365411758,-0.0061122477054595,-0.0955684185028076,-0.1648432165384292,0.0156971216201782,-0.0839569568634033,-0.1541695147752761,0.3261473774909973,0.3189817070960998,0.2972402274608612,0.2672120630741119,0.1863330900669098,0.1904962211847305,0.2031127214431762,0.1774005442857742,0.0781286358833313,0.1112812459468841,0.0412675365805625,0.1026236340403556,0.1863330900669098,0.0779687836766243,0.1026236340403556,0.21350859105587
fist,0.0,0.0,0.0,0.0747908949851989,0.0029200315475463,-0.0765847340226173,0.1388667225837707,-0.0294489860534667,-0.1319617927074432,0.128116488456726,-0.09701669216156,-0.1788016259670257,0.0903215408325195,-0.1732617020606994,-0.2164816409349441,0.1593983769416809,-0.2692066729068756,-0.0930383503437042,0.1989317536354065,-0.2666480541229248,-0.1810151189565658,0.2031834721565246,-0.2348716855049133,-0.2274569720029831,0.188147485256195,-0.2184473872184753,-0.2507534623146057,0.0874255299568176,-0.313196986913681,-0.0918247252702713,0.1205754876136779,-0.2916658520698547,-0.185629591345787,0.1270413398742675,-0.2088198065757751,-0.2137306332588195,0.1295446753501892,-0.1905905604362487,-0.2163919806480407,0.0170085132122039,-0.3050118088722229,-0.1011717170476913,0.0368391573429107,-0.1961476802825927,-0.1831184029579162,0.0474534332752227,-0.1111087203025817,-0.1783034354448318,0.0562202334403991,-0.1177908778190612,-0.1598010957241058,-0.0471488237380981,-0.2602507472038269,-0.1185396239161491,-0.0242815613746643,-0.1211333870887756,-0.1777703016996383,-0.0099246203899383,-0.0682010054588317,-0.1838607788085937,-0.0003736913204193,-0.0975872278213501,-0.1767161190509796,0.3263988494873047,0.3378866016864776,0.3218030631542206,0.2898363471031189,0.1681578904390335,0.1797869801521301,0.2000665813684463,0.1789744049310684,0.0734234601259231,0.1178083047270774,0.0624273791909217,0.113076165318489,0.1681578904390335,0.0843605995178222,0.113076165318489,0.2083081007003784
fist,0.0,0.0,0.0,0.081875741481781,-0.0034795999526977,-0.064653567969799,0.142234981060028,-0.0422174930572509,-0.1117842048406601,0.1267715096473693,-0.1141493916511535,-0.1527071148157119,0.0878441333770752,-0.1896597743034362,-0.1891269236803054,0.1596225500106811,-0.2281432747840881,-0.076676532626152,0.1884732842445373,-0.2565941512584686,-0.1489741504192352,0.1774097084999084,-0.2940945923328399,-0.1931068301200866,0.1493281722068786,-0.3149437308311462,-0.2169707864522934,0.0885491967201232,-0.2760281562805176,-0.0753828585147857,0.1092203259468078,-0.2880802750587463,-0.1530291140079498,0.1063557863235473,-0.2806315720081329,-0.1829134821891784,0.0991784930229187,-0.2954151332378387,-0.1890426129102707,0.0173798501491546,-0.281852513551712,-0.0819136276841163,0.0292904078960418,-0.204227864742279,-0.1513169109821319,0.0431458353996276,-0.1267588138580322,-0.1484864056110382,0.055527925491333,-0.1043097972869873,-0.1307420879602432,-0.0511179864406585,-0.2544149458408355,-0.0955082699656486,-0.0333296060562133,-0.1439211964607238,-0.1443782150745391,-0.0079326033592224,-0.0852803587913513,-0.1462167054414749,0.0162971019744873,-0.0832632780075073,-0.1358169764280319,0.2888044416904449,0.2995247542858124,0.294028490781784,0.2765173614025116,0.1652960032224655,0.1157902255654335,0.1880449652671814,0.1883148401975631,0.0606328248977661,0.2045130133628845,0.0448081232607364,0.1423082500696182,0.1652960032224655,0.0857091397047042,0.1423082500696182,0.2132050842046737
fist,0.0,0.0,0.0,0.0852474570274353,0.0019202828407287,-0.0795724242925643,0.1431596279144287,-0.0295811295509338,-0.1416615694761276,0.1272805333137512,-0.0962262153625488,-0.1970240920782089,0.0857051610946655,-0.1752415895462036,-0.2474620193243026,0.170963168144226,-0.2425459921360016,-0.1039563044905662,0.2048722505569458,-0.2721707820892334,-0.1925466358661651,0.1978912353515625,-0.2787219583988189,-0.2447463870048523,0.1719118952751159,-0.266540914773941,-0.2717799842357635,0.0963843464851379,-0.2860088944435119,-0.1036046296358108,0.119787573814392,-0.3169644176959991,-0.1971504986286163,0.1090343594551086,-0.2422561347484588,-0.2259501367807388,0.1017200946807861,-0.1967408657073974,-0.2292145192623138,0.0227026045322418,-0.2871290743350982,-0.1137512996792793,0.0268711447715759,-0.245188295841217,-0.2034013271331787,0.0370457768440246,-0.1368064284324646,-0.2032684534788131,0.0500340461730957,-0.0850266218185424,-0.1848616898059845,-0.0448437333106994,-0.2586337327957153,-0.1308526843786239,-0.0378554463386535,-0.1977515220642089,-0.1954378932714462,-0.0184229016304016,-0.1163565516471862,-0.1986484974622726,0.0071509182453155,-0.0818628072738647,-0.1881766766309738,0.3144262731075287,0.3191002011299133,0.3096738159656524,0.2932998538017273,0.1695330142974853,0.1541917622089386,0.2159840166568756,0.1929700523614883,0.1077532097697258,0.1308384239673614,0.0431272722780704,0.12790048122406,0.1695330142974853,0.0863200351595878,0.12790048122406,0.2180707454681396
fist,0.0,0.0,0.0,0.0982892215251922,0.1120663285255432,-0.1621291935443878,0.1571433544158935,0.1748080253601074,-0.299383133649826,0.1077457666397094,0.1389638185501098,-0.4123497307300567,0.0563482642173767,0.0592983961105346,-0.5164352059364319,0.3057628870010376,-0.0677482485771179,-0.3313998579978943,0.2758015394210815,-0.0243714451789855,-0.5210463404655457,0.1851183772087097,-0.020271897315979,-0.6350734829902649,0.1254071593284607,-0.047157347202301,-0.7068213820457458,0.2113639116287231,-0.1751359105110168,-0.3415646553039551,0.2181671261787414,-0.1176985502243042,-0.5476734042167664,0.1512532830238342,-0.1503083109855651,-0.629329264163971,0.1139891147613525,-0.1993973851203918,-0.670905351638794,0.0900549888610839,-0.2195998728275299,-0.3617527782917022,0.0211195945739746,-0.0800957679748535,-0.5352081656455994,-0.0196447968482971,-0.0019288659095764,-0.5479734539985657,-0.0035372376441955,0.0358302593231201,-0.5387071967124939,-0.03129443526268,-0.2048331499099731,-0.3953275084495544,-0.1053590178489685,-0.0660165548324585,-0.5187685489654541,-0.1132450401782989,0.0216461420059204,-0.5336923599243164,-0.069390207529068,0.0555678606033325,-0.5344160795211792,0.4559678137302398,0.438193678855896,0.432665079832077,0.4463404715061188,0.4170053601264953,0.3442901968955993,0.3245256841182709,0.2976669371128082,0.1568354666233062,0.2943141758441925,0.068881057202816,0.2287987172603607,0.4170053601264953,0.1433408558368683,0.2287987172603607,0.3694410026073456
fist,0.0,0.0,0.0,0.1000310480594635,0.0316104888916015,-0.2083683460950851,0.1152156293392181,0.0037108063697814,-0.3734501600265503,0.045026808977127,-0.0611673593521118,-0.4993178248405456,-0.0383180677890777,-0.1381275057792663,-0.6212964057922363,0.2023166716098785,-0.1531383395195007,-0.4297204911708832,0.1665839850902557,-0.2755723595619201,-0.6159507036209106,0.1119352877140045,-0.3459177315235138,-0.7019184827804565,0.0548079907894134,-0.3648552596569061,-0.7439875602722168,0.0838676989078521,-0.2113755941390991,-0.391344279050827,0.0125338733196258,-0.3074629306793213,-0.5712509751319885,-0.0256020426750183,-0.3043761849403381,-0.5934260487556458,-0.0268447995185852,-0.2871466875076294,-0.5880403518676758,-0.0394859015941619,-0.2266645431518554,-0.3632996678352356,-0.1287781894207,-0.1817201972007751,-0.5148379802703857,-0.1188613474369049,-0.1041634082794189,-0.4788320958614349,-0.0629330277442932,-0.0648011565208435,-0.4307492077350616,-0.1511929333209991,-0.2232372760772705,-0.3521209359169006,-0.2210195362567901,-0.1257112026214599,-0.4676098823547363,-0.2030732333660125,-0.0456814765930175,-0.4631057679653168,-0.1460073292255401,-0.0250701904296875,-0.4408662617206573,0.4990421831607818,0.452618807554245,0.4300262928009033,0.4434899389743805,0.4066283702850342,0.2380921095609665,0.1769151389598846,0.2171930372714996,0.1924196779727935,0.2747369408607483,0.0926403999328613,0.2741004526615143,0.4066283702850342,0.1374571621417999,0.2741004526615143,0.3686524033546448
fist,0.0,0.0,0.0,-0.0389715433120727,0.0837692618370056,-0.1521917730569839,-0.1009007692337036,0.1533802151679992,-0.2627074718475342,-0.1318865418434143,0.2283146977424621,-0.3513067662715912,-0.1170490980148315,0.3176242113113403,-0.4275886118412018,-0.1915312111377716,-0.188330739736557,-0.2424584180116653,-0.223238468170166,0.0976646542549133,-0.3533518314361572,-0.1755937039852142,0.2392570376396179,-0.3916410803794861,-0.1330455243587494,0.2504708766937256,-0.4081803858280182,-0.1770863533020019,-0.2837804555892944,-0.2210288792848587,-0.1512804627418518,0.0747478008270263,-0.3375041484832763,-0.0693696737289428,0.2200787663459777,-0.3529369235038757,-0.0340550541877746,0.2117526531219482,-0.3508487641811371,-0.1400821506977081,-0.2999615669250488,-0.2090267390012741,-0.1082325875759124,0.0412916541099548,-0.3162034749984741,-0.0302562117576599,0.1614782214164734,-0.3019412159919739,0.0015285611152648,0.1493333578109741,-0.2795196175575256,-0.0938320755958557,-0.2578765749931335,-0.2108671367168426,-0.064530998468399,0.0305522084236145,-0.2914645075798034,-0.0159790515899658,0.1411946415901184,-0.2888946533203125,0.0109299421310424,0.1423954367637634,-0.2715549767017364,0.361854612827301,0.4009297788143158,0.391525387763977,0.3460776507854461,0.4726850986480713,0.5318498015403748,0.4763284027576446,0.4181815087795257,0.1207689046859741,0.1012433171272277,0.0141405882313847,0.0717086866497993,0.4726850986480713,0.0988864377140998,0.0717086866497993,0.1240151301026344
fist,0.0,0.0,0.0,0.0981711745262146,-0.0346346497535705,-0.1326789557933807,0.129940927028656,-0.1089593768119812,-0.2056454718112945,0.1052090525627136,-0.1567747592926025,-0.2522412538528442,0.0795319080352783,-0.2290030717849731,-0.2896705567836761,-0.028011679649353,-0.2463244795799255,-0.1957563161849975,-0.0040487051010131,0.0020753145217895,-0.2792989313602447,0.0455143153667449,0.0426572561264038,-0.3152123391628265,0.0647380352020263,-0.0010531544685363,-0.3334439098834991,-0.1111271381378173,-0.2080917954444885,-0.1562249660491943,-0.0543194711208343,0.0435563325881958,-0.2380179166793823,0.0133883357048034,0.0825805068016052,-0.2524462044239044,0.0289205610752105,0.0581045150756835,-0.2560505867004394,-0.1623657494783401,-0.1444736123085022,-0.1244912520051002,-0.1027699410915374,0.0802360773086547,-0.1956546455621719,-0.0343473553657531,0.105903148651123,-0.1848300248384475,-0.0162708461284637,0.0855787992477417,-0.1695845276117324,-0.1890641450881958,-0.0692509412765502,-0.1039854884147644,-0.1378880143165588,0.0937858819961547,-0.1580977737903595,-0.0816526710987091,0.1288692951202392,-0.1609773188829422,-0.060519129037857,0.1210266351699829,-0.1524448543787002,0.3158811926841736,0.2829446494579315,0.2504662275314331,0.2266140431165695,0.296172946691513,0.3169211149215698,0.2762267887592315,0.2346863597631454,0.1037894412875175,0.1013581827282905,0.0592302978038787,0.2325857430696487,0.296172946691513,0.0996626541018486,0.2325857430696487,0.2563490271568298
fist,0.0,0.0,0.0,0.0597760677337646,-0.0054657459259033,-0.109800174832344,0.0949358940124511,-0.017506718635559,-0.1812130659818649,0.0930013656616211,-0.002043604850769,-0.2353230863809585,0.0780519247055053,-0.0066747069358825,-0.2818977832794189,0.0230200290679931,-0.2713550329208374,-0.1543274819850921,0.0524384677410125,-0.0722730159759521,-0.2395303398370742,0.0747509002685546,-0.0225446820259094,-0.2904330193996429,0.0930407643318176,-0.0490492582321167,-0.3214646279811859,-0.0385141372680664,-0.2517404556274414,-0.1317065805196762,0.0073521435260772,-0.0023393630981445,-0.2099712342023849,0.0430630147457122,0.0368956923484802,-0.2328480631113052,0.0651721358299255,-0.0031762719154357,-0.2456971853971481,-0.0865646600723266,-0.1866337060928344,-0.1180084124207496,-0.0428964793682098,0.0445277094841003,-0.186916783452034,-0.0084135830402374,0.057376742362976,-0.1840499341487884,0.0070359706878662,0.0107873082160949,-0.1765592694282531,-0.1247439384460449,-0.0978018045425415,-0.1152033805847168,-0.0838353931903839,0.077486515045166,-0.173833966255188,-0.0428915321826934,0.0862705707550048,-0.1833107769489288,-0.0190144181251525,0.0427778959274292,-0.1809322834014892,0.3130182921886444,0.286711037158966,0.2371741235256195,0.1959542334079742,0.2868058383464813,0.2924531698226928,0.2261953502893448,0.1877809166908264,0.0928530767560005,0.0914048478007316,0.041486669331789,0.0598815754055976,0.2868058383464813,0.0684316456317901,0.0598815754055976,0.2312695533037185
fist,0.0,0.0,0.0,0.0766504406929016,-0.0089210271835327,-0.0662524998188018,0.1461865305900573,-0.0442897081375122,-0.1111467108130455,0.1371740102767944,-0.0835287570953369,-0.1469450742006302,0.077381432056427,-0.1137590408325195,-0.1739772409200668,0.1260831356048584,-0.2998990416526794,-0.0805989056825637,0.1581159234046936,-0.2112067937850952,-0.1501358151435852,0.1618977189064026,-0.1556671857833862,-0.1931941360235214,0.1597529053688049,-0.1598262190818786,-0.220063716173172,0.0585052073001861,-0.3164053559303283,-0.0741400569677352,0.07949760556221,-0.1442978978157043,-0.1333963572978973,0.0826443433761596,-0.0811395645141601,-0.1545440554618835,0.081546276807785,-0.1026252508163452,-0.1667899340391159,-0.0005140900611877,-0.2810957431793213,-0.0758324190974235,0.0214726626873016,-0.0982926487922668,-0.1245478317141532,0.0297583937644958,-0.053850769996643,-0.1181652769446373,0.0218641459941864,-0.0855802297592163,-0.1114550679922103,-0.0519713461399078,-0.2176406383514404,-0.0856475085020065,-0.0225202441215515,-0.0743155479431152,-0.1264338344335556,-0.0072170197963714,-0.0408010482788085,-0.1302281767129898,-0.0104217827320098,-0.0669930577278137,-0.1265836954116821,0.3351605236530304,0.3301998674869537,0.291145384311676,0.2395912408828735,0.200510561466217,0.2341299355030059,0.1999901980161667,0.1615451425313949,0.1105727106332779,0.0831530913710594,0.0402086973190307,0.1050295531749725,0.200510561466217,0.069863811135292,0.1050295531749725,0.196202278137207
fist,0.0,0.0,0.0,0.0812956988811492,0.0054244995117187,-0.0629132837057113,0.1585332453250885,-0.0183044672012329,-0.1070689633488655,0.15797159075737,-0.0697696805000305,-0.1443187743425369,0.1001859903335571,-0.1099724173545837,-0.1742646098136901,0.1430722177028656,-0.2538828253746032,-0.0664085373282432,0.173035055398941,-0.1821369528770446,-0.1321603506803512,0.1678457558155059,-0.1069280505180358,-0.171335831284523,0.1647683084011078,-0.1056897044181823,-0.1939678639173507,0.0799813866615295,-0.2683680653572082,-0.0630137547850608,0.0999073982238769,-0.1705108880996704,-0.1264129728078842,0.1002683341503143,-0.0869554281234741,-0.1501887440681457,0.0990393459796905,-0.0955206751823425,-0.1591655313968658,0.0218886733055114,-0.2462806701660156,-0.0677185580134391,0.0386067628860473,-0.1355171799659729,-0.1251267343759536,0.0529230535030365,-0.0611377954483032,-0.1254548132419586,0.0573140978813171,-0.0721542239189148,-0.1173893958330154,-0.0265218913555145,-0.20581716299057,-0.0783581435680389,-0.002182513475418,-0.0996268987655639,-0.1149363741278648,0.0131535530090332,-0.0463745594024658,-0.1162276566028595,0.018678069114685,-0.0579267144203186,-0.1104280650615692,0.2988916933536529,0.2870351374149322,0.256357342004776,0.2218200117349624,0.1967315673828125,0.1987072974443435,0.184505209326744,0.1579338610172271,0.0750660225749015,0.0634998679161071,0.041756734251976,0.0676567479968071,0.1967315673828125,0.0648212879896164,0.0676567479968071,0.1766784191131591
fist,0.0,0.0,0.0,0.0812650918960571,0.0178747773170471,-0.0753462389111518,0.1561596989631652,0.0037170052528381,-0.1275864988565445,0.1618920564651489,-0.0528048276901245,-0.1701231449842453,0.1057415604591369,-0.1095678806304931,-0.2032528072595596,0.1554121375083923,-0.2194448113441467,-0.0822116360068321,0.1724426746368408,-0.1589144468307495,-0.1548280566930771,0.1485674381256103,-0.081933856010437,-0.1920824348926544,0.1271184086799621,-0.0779089927673339,-0.2106756716966629,0.0925057828426361,-0.2386319041252136,-0.0735714137554168,0.1011349558830261,-0.1529218554496765,-0.1450881510972976,0.0937543511390686,-0.0578575730323791,-0.1633106470108032,0.0927783548831939,-0.0721822381019592,-0.164450004696846,0.0347925126552581,-0.226476788520813,-0.0748026743531227,0.0424665808677673,-0.1186283230781555,-0.1404934674501419,0.0527656078338623,-0.0406606197357177,-0.1350407004356384,0.0572271347045898,-0.0615701675415039,-0.1199230849742889,-0.0159328579902648,-0.1990339756011963,-0.0827827006578445,-0.0012774467468261,-0.0920422077178955,-0.1263007223606109,0.0125244259834289,-0.0367860794067382,-0.1266267597675323,0.0219218134880065,-0.0547635555267334,-0.1177302673459053,0.2811898291110992,0.2662991881370544,0.2410346269607544,0.2161512374877929,0.193225085735321,0.1896430402994156,0.1724336296319961,0.1531935483217239,0.0578692257404327,0.0579581893980503,0.0360222719609737,0.0389146991074085,0.193225085735321,0.0663325488567352,0.0389146991074085,0.1725573390722274
fist,0.0,0.0,0.0,0.0758166015148162,0.0194624662399292,-0.0737112686038017,0.1481288075447082,0.0126485228538513,-0.1216991394758224,0.1532227396965026,-0.0418714880943298,-0.1582511812448501,0.1070380806922912,-0.0998920202255249,-0.1845032572746276,0.1640876531600952,-0.2157579660415649,-0.0792430862784385,0.1628754734992981,-0.1617458462715149,-0.1398979276418686,0.1431204676628112,-0.0781232118606567,-0.1672979593276977,0.1332297921180725,-0.0676349997520446,-0.1806453913450241,0.1066854000091552,-0.2426028847694397,-0.0669718608260154,0.0974238514900207,-0.1676772236824035,-0.1272759437561035,0.0905957818031311,-0.0674483776092529,-0.1392027139663696,0.0960654020309448,-0.073167860507965,-0.1381469368934631,0.0495884120464324,-0.2355941534042358,-0.0631646364927291,0.040703922510147,-0.1379625797271728,-0.1207146421074867,0.0464575290679931,-0.0513632297515869,-0.1114160791039466,0.0534338951110839,-0.0593040585517883,-0.0953988432884216,-0.0029898285865783,-0.2114817500114441,-0.0658115670084953,-0.0012387633323669,-0.1060243248939514,-0.105092629790306,0.0108649134635925,-0.0437586307525634,-0.1041987314820289,0.0248108208179473,-0.0525199174880981,-0.0949921831488609,0.2824105620384216,0.2733553647994995,0.2489043772220611,0.2215053737163543,0.1821401864290237,0.184083953499794,0.1792540848255157,0.1639916151762008,0.0567267388105392,0.0619439259171485,0.0294188763946294,0.0417301356792449,0.1821401864290237,0.0645465031266212,0.0417301356792449,0.1676710397005081
fist,0.0,0.0,0.0,0.0800872445106506,0.001250147819519,-0.0589875802397728,0.1345122456550598,-0.0210958123207092,-0.1088163182139396,0.1355515718460083,-0.0683901906013488,-0.151258960366249,0.0937553644180297,-0.1153756976127624,-0.1856564432382583,0.1233661770820617,-0.2584472894668579,-0.0863053724169731,0.1578906178474426,-0.211402952671051,-0.1415231525897979,0.1686213016510009,-0.1284971237182617,-0.1643355339765548,0.1681811213493347,-0.0968273878097534,-0.1759857088327407,0.0654604732990264,-0.2719923853874206,-0.0851081386208534,0.1105879545211792,-0.2010762691497802,-0.1391891539096832,0.115518033504486,-0.1067655086517334,-0.1475550532341003,0.1166616082191467,-0.0985371470451355,-0.1470305770635604,0.0144778192043304,-0.2440596222877502,-0.0898984596133232,0.0574476420879364,-0.1322689056396484,-0.1390519887208938,0.0677627027034759,-0.0590459108352661,-0.1277688890695572,0.0678610205650329,-0.0678732395172119,-0.1148096770048141,-0.0273557007312774,-0.1907141208648681,-0.1003045439720153,0.0122313499450683,-0.0695059299468994,-0.1357022076845169,0.0297462940216064,-0.0236387252807617,-0.1343747824430465,0.0356879234313964,-0.0403337478637695,-0.1281723231077194,0.2991033792495727,0.2924180626869201,0.2604926824569702,0.217212364077568,0.1901892125606537,0.1911613643169403,0.1857739984989166,0.1654248088598251,0.0591234564781188,0.0660299807786941,0.0444082431495189,0.0773094817996025,0.1901892125606537,0.0594808645546436,0.0773094817996025,0.1658337861299514
fist,0.0,0.0,0.0,0.0620414614677429,-0.0075423717498779,-0.0427731052041053,0.1320659816265106,-0.0477567911148071,-0.0663595646619796,0.1921520233154297,-0.0733314752578735,-0.0854527056217193,0.2351130247116089,-0.1030550599098205,-0.1020848304033279,0.0792227089405059,-0.1929810643196106,-0.0419544987380504,0.1174848675727844,-0.2591307163238525,-0.0791268944740295,0.1598439216613769,-0.2400738596916198,-0.1071871072053909,0.1898757219314575,-0.2041995525360107,-0.1225931867957115,0.0434066653251647,-0.2083519697189331,-0.0365842878818511,0.0822873413562774,-0.271209716796875,-0.0714936107397079,0.1282150447368621,-0.2444725036621093,-0.0929252877831459,0.1574544310569763,-0.2038878202438354,-0.1034823656082153,0.0094202756881713,-0.2044612169265747,-0.0365951880812644,0.0559979379177093,-0.2393210530281067,-0.0712827518582344,0.0961363315582275,-0.2047429680824279,-0.0835956633090972,0.1191713213920593,-0.169438362121582,-0.0864593386650085,-0.0209940075874328,-0.1817979216575622,-0.0399359948933124,0.0202745497226715,-0.1864795088768005,-0.0683722794055938,0.0507335662841796,-0.1580126881599426,-0.0756153687834739,0.068725436925888,-0.1302023530006408,-0.0755955874919891,0.2127865254878997,0.2159469574689865,0.207923874258995,0.1873128861188888,0.1373773664236068,0.1322957873344421,0.1255321651697158,0.1094682067632675,0.0376358963549137,0.0542415454983711,0.0648249387741088,0.1126819178462028,0.1373773664236068,0.0393432676792144,0.1126819178462028,0.100858949124813
fist,0.0,0.0,0.0,0.0657335817813873,-0.0288168787956237,-0.0595937184989452,0.0994075834751129,-0.0899298191070556,-0.100241981446743,0.0349812507629394,-0.1376038193702697,-0.1338731795549392,-0.036342442035675,-0.1703114509582519,-0.1607809364795684,0.0652142167091369,-0.2637227177619934,-0.0822749659419059,0.0694392025470733,-0.3165401518344879,-0.1517541706562042,0.0679970979690551,-0.2765912711620331,-0.1871503442525863,0.0568922162055969,-0.2493271827697754,-0.2053713500499725,-0.0066500157117843,-0.2692044973373413,-0.0830266922712326,-0.0109114050865173,-0.2905625104904175,-0.1552761942148208,0.0088477283716201,-0.2232954204082489,-0.1773048043251037,0.0159889757633209,-0.2084147930145263,-0.1809771955013275,-0.063896894454956,-0.2366016507148742,-0.0918074324727058,-0.0539392381906509,-0.1773494482040405,-0.1569978445768356,-0.0183102041482925,-0.1049076914787292,-0.155906930565834,0.0012198239564895,-0.110251784324646,-0.1443155258893966,-0.1048895567655563,-0.1809070110321045,-0.1063138470053672,-0.0802801698446273,-0.0919149518013,-0.1516213864088058,-0.0468523502349853,-0.0456219315528869,-0.1553331762552261,-0.0275162458419799,-0.0641772747039794,-0.1501838266849517,0.2838515937328338,0.2817955017089844,0.2617093026638031,0.2345885783433914,0.1242143660783767,0.1174828261137008,0.151530772447586,0.1467550247907638,0.0627851411700248,0.1058214679360389,0.0546173863112926,0.1300941705703735,0.1242143660783767,0.0720769241452217,0.1300941705703735,0.1907134056091308
fist,0.0,0.0,0.0,0.0735048949718475,-0.0304147601127624,-0.0716936215758323,0.1080231964588165,-0.0892662405967712,-0.1208671256899833,0.0380521714687347,-0.1310027241706848,-0.1600354313850402,-0.0407798737287521,-0.1561623811721801,-0.1899134516716003,0.0657347738742828,-0.2787392437458038,-0.0950910151004791,0.069184809923172,-0.2952205240726471,-0.182422399520874,0.0707241296768188,-0.2120641469955444,-0.228901207447052,0.0606172382831573,-0.1764754056930542,-0.2525452971458435,-0.0094757080078125,-0.2818718552589416,-0.0907025560736656,-0.0088251233100891,-0.2661150097846985,-0.1795138567686081,0.0123691707849502,-0.1771031618118286,-0.2035360038280487,0.0168117582798004,-0.159818947315216,-0.2054107636213302,-0.0670842975378036,-0.2471287250518798,-0.0966263711452484,-0.0531965643167495,-0.1670724749565124,-0.1730561107397079,-0.0145552456378936,-0.0898658037185669,-0.1683239936828613,-0.0005324035882949,-0.096146285533905,-0.1519076228141784,-0.1077874451875686,-0.1946388483047485,-0.1093587577342987,-0.0729957818984985,-0.0944710969924926,-0.1624075770378112,-0.0381423979997634,-0.0445478558540344,-0.1673159152269363,-0.0257927924394607,-0.0679061412811279,-0.1608722358942031,0.3017597198486328,0.2962574660778045,0.2736961245536804,0.2479148060083389,0.1878188848495483,0.1695462167263031,0.1740139871835708,0.1594927608966827,0.0664682015776634,0.0849565416574478,0.0389352962374687,0.1208997145295143,0.1878188848495483,0.0754035040736198,0.1208997145295143,0.1933556497097015
fist,0.0,0.0,0.0,0.0724545866250991,-0.0301963090896606,-0.0936579033732414,0.1099349111318588,-0.0885146856307983,-0.1592043787240982,0.051958218216896,-0.1435527205467224,-0.211922287940979,-0.0263886302709579,-0.1808765530586242,-0.2543708682060241,0.0710603147745132,-0.2814985811710357,-0.1349071711301803,0.0670241266489029,-0.3144501447677612,-0.2355185002088546,0.0744613856077194,-0.2316075265407562,-0.2861158847808838,0.0747308284044265,-0.1965358257293701,-0.3113816380500793,-0.0016988068819046,-0.2767267525196075,-0.1259883493185043,-0.0051492601633071,-0.2958254218101501,-0.2335807383060455,0.0171466022729873,-0.2014607489109039,-0.2606446146965027,0.027299627661705,-0.1778123378753662,-0.262555867433548,-0.0585741251707077,-0.2418923676013946,-0.1284500807523727,-0.0500277876853942,-0.194996178150177,-0.2175444960594177,-0.015223428606987,-0.1153317093849182,-0.2108665853738784,0.0032622963190078,-0.1202635765075683,-0.1918331831693649,-0.100253015756607,-0.1942210495471954,-0.1398768126964569,-0.0734786242246627,-0.1102298498153686,-0.1969353109598159,-0.0442666709423065,-0.0620460510253906,-0.2012794911861419,-0.0273074656724929,-0.0853838920593261,-0.1954323351383209,0.3201421201229095,0.3040619194507599,0.2800754606723785,0.2594956755638122,0.1958963423967361,0.171101301908493,0.1504484117031097,0.1423130184412002,0.0705991759896278,0.0942939668893814,0.0465194247663021,0.1171349063515663,0.1958963423967361,0.0734588727355003,0.1171349063515663,0.1923286765813827
fist,0.0,0.0,0.0,0.0142493546009063,-0.0813159942626953,-0.0505937710404396,0.0354556739330291,-0.1502348780632019,-0.1072356179356575,0.0704385936260223,-0.1857964396476745,-0.1565049588680267,0.1142963767051696,-0.207453191280365,-0.2064565569162368,-0.0233798027038574,-0.2299366295337677,-0.1493227034807205,0.0541995465755462,-0.2969716191291809,-0.2265750914812088,0.1119246184825897,-0.3056140542030334,-0.2724835276603699,0.158045619726181,-0.3032142519950866,-0.2990071475505829,-0.0327553153038024,-0.187465488910675,-0.1543160080909729,0.0610111355781555,-0.2700431048870086,-0.2308111786842346,0.1275587677955627,-0.2862153053283691,-0.2586416602134704,0.1813605427742004,-0.281107634305954,-0.2727638185024261,-0.0205526053905487,-0.1314188241958618,-0.1591751426458358,0.0870330929756164,-0.1747953295707702,-0.2212716788053512,0.1382519006729126,-0.1765053272247314,-0.2276434600353241,0.1755138635635376,-0.1743970513343811,-0.2259827852249145,0.0025142431259155,-0.0701345801353454,-0.1670277863740921,0.0881487131118774,-0.0867570042610168,-0.2084176838397979,0.1258838772773742,-0.0907287001609802,-0.2116237580776214,0.1520245969295501,-0.0968416333198547,-0.2103777527809143,0.2751631140708923,0.2450094819068908,0.2074368447065353,0.1811724603176117,0.2463538646697998,0.2620006501674652,0.2115477472543716,0.1579424887895584,0.0414849445223808,0.1166610345244407,0.0825233682990074,0.140177696943283,0.2463538646697998,0.0437793470919132,0.140177696943283,0.1628516763448715
fist,0.0,0.0,0.0,0.1138458251953125,0.0035741925239562,-0.0283619482070207,0.1667673587799072,0.0031532049179077,-0.1062196120619773,0.1956766247749328,-0.0208423137664794,-0.1826958656311035,0.1893547773361206,-0.0822522640228271,-0.252407968044281,0.1539472341537475,-0.2062703371047973,-0.1562103629112243,0.2447866201400756,-0.1219039559364318,-0.2126482427120208,0.21551114320755,-0.0623033642768859,-0.2101510912179947,0.1741703152656555,-0.0606499910354614,-0.2074815928936004,0.0978171825408935,-0.1993910670280456,-0.1847841590642929,0.2064661383628845,-0.1113066673278808,-0.2455690503120422,0.1610655188560485,-0.0414755344390869,-0.2187115401029586,0.1358312368392944,-0.06034916639328,-0.2000358402729034,0.0495692491531372,-0.1595770120620727,-0.2118324786424636,0.1323229670524597,-0.0405328273773193,-0.2432270646095276,0.1007258296012878,0.0026265382766723,-0.1827800869941711,0.0781305432319641,-0.0311592817306518,-0.1519583910703659,0.0121439695358276,-0.1109033823013305,-0.2439288049936294,0.0660723447799682,-0.0112382173538208,-0.261445552110672,0.0466589331626892,0.0182698965072631,-0.2313344478607177,0.0300903916358947,-0.0150271654129028,-0.2163588255643844,0.3010795414447784,0.2889120578765869,0.269805371761322,0.2682318091392517,0.1557016223669052,0.1449494212865829,0.1445398479700088,0.1013628467917442,0.0390565581619739,0.0805782899260521,0.0819482579827308,0.0521114580333232,0.1557016223669052,0.0633590519428253,0.0521114580333232,0.1920873373746872
fist,0.0,0.0,0.0,0.08683443069458,0.0018671154975891,-0.060336846858263,0.1535099148750305,-0.0069804191589355,-0.1143384203314781,0.1952965855598449,-0.030518889427185,-0.1597352772951126,0.1721032857894897,-0.0758094191551208,-0.1984999626874923,0.1258180737495422,-0.2600073218345642,-0.1168912798166275,0.2033365964889526,-0.1449570655822754,-0.1809883564710617,0.1804408431053161,-0.0839090943336486,-0.2122640907764434,0.1543580293655395,-0.0935788750648498,-0.2321598678827285,0.0623717308044433,-0.2557034492492676,-0.1160254850983619,0.1488723754882812,-0.0955567359924316,-0.1765642166137695,0.1164255142211914,-0.044132113456726,-0.1846642792224884,0.0968355536460876,-0.070697009563446,-0.1900335252285003,0.011681854724884,-0.2055995464324951,-0.1198320910334587,0.0877162218093872,-0.0317254662513732,-0.1635374128818512,0.060780644416809,-0.0071917176246643,-0.1488826870918274,0.0434533357620239,-0.0414822101593017,-0.1408676356077194,-0.0279138088226318,-0.1354258060455322,-0.1305448859930038,0.030436098575592,0.0039951801300048,-0.1611444950103759,0.01599782705307,0.0153611302375793,-0.1623367667198181,0.0003560185432434,-0.0191405415534973,-0.1636288613080978,0.3116048276424408,0.2876393496990204,0.2382590472698211,0.1901612430810928,0.2044499963521957,0.2022185027599334,0.168482705950737,0.1241611689329147,0.0748801976442337,0.0782333090901374,0.053615316748619,0.0419956780970096,0.2044499963521957,0.0635980442166328,0.0419956780970096,0.1983443051576614
fist,0.0,0.0,0.0,0.1249196827411651,-0.0148957967758178,-0.1817832142114639,0.2008753716945648,-0.049824833869934,-0.3246718049049377,0.1512970030307769,-0.0896874070167541,-0.4378454089164734,0.0574146211147308,-0.1146883964538574,-0.5360806584358215,0.1621075570583343,-0.4345069229602813,-0.3063207566738128,0.2064522206783294,-0.292353093624115,-0.4531284868717193,0.1973178088665008,-0.1684416532516479,-0.5144384503364563,0.165636271238327,-0.1866266727447509,-0.5526540279388428,0.0279869735240936,-0.4333451986312866,-0.2812491059303283,0.0677128732204437,-0.3069940209388733,-0.4298744797706604,0.0873542726039886,-0.1391721367835998,-0.4424424469470978,0.0897235572338104,-0.1729119420051574,-0.4394177198410034,-0.0737547278404235,-0.3632115125656128,-0.2692115008831024,-0.0233020186424255,-0.1881824731826782,-0.3910046815872192,0.0206950008869171,-0.0684607028961181,-0.3501893281936645,0.0320989787578582,-0.1189304590225219,-0.3151960670948028,-0.147251158952713,-0.2729012966156006,-0.2747522294521332,-0.088232398033142,-0.0677852630615234,-0.3595732152462005,-0.0429501235485076,0.0024331808090209,-0.3550503253936767,-0.0295500457286834,-0.0615772008895874,-0.3462887406349182,0.5557945370674133,0.5173706412315369,0.4580799043178558,0.414302796125412,0.3494812846183777,0.3108925819396972,0.2701718509197235,0.25224769115448,0.137015700340271,0.147192433476448,0.0897594168782234,0.131002739071846,0.3494812846183777,0.1364487707614898,0.131002739071846,0.3504508137702942
fist,0.0,0.0,0.0,0.1229830682277679,-0.0153298377990722,-0.1675738096237182,0.1954441368579864,-0.0609766840934753,-0.2929847538471222,0.1241615712642669,-0.1007689237594604,-0.3923180401325226,0.0298687517642974,-0.1314637064933776,-0.4765738248825073,0.1583270728588104,-0.4379714727401733,-0.2516400814056396,0.1863788068294525,-0.3320658504962921,-0.4056614339351654,0.1895767152309417,-0.2304866909980774,-0.4825601577758789,0.1707622706890106,-0.2369278073310852,-0.5262751579284668,0.0242367088794708,-0.4425344467163086,-0.228373035788536,0.0538389980792999,-0.2992446422576904,-0.3809322416782379,0.0804456174373626,-0.1674272418022155,-0.4071385860443115,0.0843696892261505,-0.2029337286949157,-0.4075499773025512,-0.0789171755313873,-0.3725760579109192,-0.2218055725097656,-0.0336644649505615,-0.1505501866340637,-0.3454474806785583,0.0128094255924224,-0.0699253678321838,-0.3159787952899933,0.0283543169498443,-0.1455036401748657,-0.2823549509048462,-0.1534715592861175,-0.27484130859375,-0.2324172556400299,-0.0909344851970672,-0.061090350151062,-0.3203228712081909,-0.0486485660076141,-0.0084898471832275,-0.3202508091926574,-0.037939965724945,-0.0833660364151001,-0.3084809482097626,0.5293478965759277,0.4985763728618622,0.440725028514862,0.3912914991378784,0.3405842185020447,0.3051702082157135,0.2583317160606384,0.2362118065357208,0.1507147848606109,0.1486934125423431,0.0945440679788589,0.1828766912221908,0.3405842185020447,0.1361704915761947,0.1828766912221908,0.3524192869663238
fist,0.0,0.0,0.0,0.11857670545578,-0.0100883245468139,-0.1567528247833252,0.1958014965057373,-0.0444719791412353,-0.2776694595813751,0.1330593228340149,-0.0870534777641296,-0.3751844465732574,0.0448479652404785,-0.1344825029373169,-0.458286851644516,0.1742769479751587,-0.4251649379730224,-0.2374284118413925,0.1952404975891113,-0.3334748148918152,-0.3956677913665771,0.1860997676849365,-0.2712659239768982,-0.4778731763362884,0.1531031727790832,-0.2955824136734009,-0.5252766013145447,0.0335731506347656,-0.4439704418182373,-0.2197082191705703,0.0582590699195861,-0.2896258234977722,-0.3739510476589203,0.0899032950401306,-0.1541327834129333,-0.3985062837600708,0.0977618694305419,-0.1881651878356933,-0.3963978290557861,-0.0745732188224792,-0.3825188875198364,-0.219013050198555,-0.0310684442520141,-0.148078978061676,-0.3436310887336731,0.015371561050415,-0.0633522272109985,-0.3066796660423279,0.0305759310722351,-0.136843204498291,-0.266912579536438,-0.1512807607650756,-0.2850489616394043,-0.2356975674629211,-0.0882573127746582,-0.0615363717079162,-0.3299586176872253,-0.0405922532081604,-0.0047554969787597,-0.3289230763912201,-0.0260897576808929,-0.0780723094940185,-0.3134498000144958,0.5172136425971985,0.4964963495731354,0.4470442533493042,0.3996149599552154,0.3163803517818451,0.3174519538879394,0.2714907824993133,0.2540817260742187,0.1766659468412399,0.1546425819396972,0.0939719751477241,0.2053290009498596,0.3163803517818451,0.1430566608905792,0.2053290009498596,0.3544337749481201
fist,0.0,0.0,0.0,0.1117976605892181,-0.033396303653717,-0.1425263434648513,0.1776240170001983,-0.0765915513038635,-0.2521575689315796,0.1037571132183075,-0.11307954788208,-0.3405786454677582,0.0122495591640472,-0.13996422290802,-0.4163210093975067,0.1422330439090728,-0.4437026381492615,-0.2085855901241302,0.1551878154277801,-0.3513790965080261,-0.3444538414478302,0.1435539424419403,-0.3014381825923919,-0.4157939255237579,0.1111012399196624,-0.3219149708747864,-0.4578661620616913,0.0036292076110839,-0.4495168924331665,-0.1938596069812774,0.0205549895763397,-0.3012723624706268,-0.3226692974567413,0.0606387555599212,-0.1771329045295715,-0.3418823182582855,0.0749917328357696,-0.2018119692802429,-0.3404346108436584,-0.0996323525905609,-0.3812279105186462,-0.1949636191129684,-0.0559042990207672,-0.1645432710647583,-0.3021582067012787,5.552172660827637e-05,-0.0853628516197204,-0.2696536481380462,0.0210805237293243,-0.1475782990455627,-0.2355190217494964,-0.170363038778305,-0.2794585227966308,-0.2123419493436813,-0.1058313846588134,-0.0688851475715637,-0.2943596541881561,-0.0556004345417022,-0.0154991745948791,-0.2938487231731415,-0.0382878184318542,-0.0792811512947082,-0.2810419201850891,0.5104999542236328,0.4895509779453277,0.4396272897720337,0.3901406526565552,0.2791813313961029,0.2965376377105713,0.2660986185073852,0.2494684904813766,0.1718103438615799,0.1298267543315887,0.1012987345457077,0.2111959457397461,0.2791813313961029,0.1395051330327987,0.2111959457397461,0.3531381487846374
fist,0.0,0.0,0.0,0.1176967620849609,-0.0209842324256896,-0.1385190635919571,0.1893611550331115,-0.0548445582389831,-0.2482689172029495,0.1168708205223083,-0.0836263298988342,-0.3361762464046478,0.0201086401939392,-0.1122536659240722,-0.4114018976688385,0.1505217552185058,-0.3951777815818786,-0.2294962555170059,0.1593050360679626,-0.340817928314209,-0.3680055141448974,0.1482176184654235,-0.3064185380935669,-0.4356615841388702,0.1070315241813659,-0.3291177749633789,-0.4746054410934448,0.0137767493724823,-0.4086360037326813,-0.2141754031181335,0.0229576528072357,-0.2702363133430481,-0.3450062572956085,0.0724799036979675,-0.1606433987617492,-0.3564473986625671,0.0857614874839782,-0.1900635957717895,-0.3478957414627075,-0.0879134237766265,-0.3432798385620117,-0.2126137465238571,-0.049130767583847,-0.1114838719367981,-0.3170802891254425,0.0087588429450988,-0.0473713874816894,-0.2715561091899872,0.0259532332420349,-0.1174710392951965,-0.2280008345842361,-0.1591463983058929,-0.2471464872360229,-0.2271995544433593,-0.0935771465301513,-0.0274999737739563,-0.3135677576065063,-0.0439551472663879,0.0176488757133483,-0.3086905479431152,-0.0335461795330047,-0.053584337234497,-0.2898238599300384,0.4811349213123321,0.4615671932697296,0.4132486283779144,0.3715220093727112,0.2575535774230957,0.2661519050598144,0.2533613741397857,0.2390889525413513,0.1893246620893478,0.1523860245943069,0.1069756001234054,0.2420337051153183,0.2575535774230957,0.1382571905851364,0.2420337051153183,0.3432388305664062
fist,0.0,0.0,0.0,0.1160368621349334,-0.024664282798767,-0.1401469558477401,0.189624935388565,-0.0654642581939697,-0.2444168776273727,0.1324997842311859,-0.1074659824371337,-0.3277257680892944,0.0460000336170196,-0.134587287902832,-0.3970352411270141,0.1660111844539642,-0.41559499502182,-0.1988119930028915,0.1813583076000213,-0.3430812060832977,-0.3303715586662292,0.1702896654605865,-0.2804579138755798,-0.3935286402702331,0.1378286182880401,-0.2954882979393005,-0.4292649030685425,0.0442433357238769,-0.429289311170578,-0.1844759136438369,0.0532226860523223,-0.3009657561779022,-0.3194855749607086,0.0848341286182403,-0.1580647230148315,-0.3404013514518738,0.0946938097476959,-0.1698423624038696,-0.3368177711963653,-0.0537028908729553,-0.3720207214355469,-0.1857476085424423,-0.0274470746517181,-0.1799402832984924,-0.304533839225769,0.0254141986370086,-0.0709352493286132,-0.2783302962779999,0.0469641983509063,-0.1095651388168335,-0.2440321445465088,-0.1276130378246307,-0.2823981642723083,-0.2014845162630081,-0.0777320563793182,-0.0739756226539611,-0.2894509732723236,-0.0298398435115814,-0.0056496262550354,-0.2925404012203216,-0.0107970535755157,-0.0597137212753295,-0.2806934714317322,0.4896990060806274,0.4693379700183868,0.4192679226398468,0.3696347177028656,0.2613970637321472,0.305067241191864,0.2870781719684601,0.2636444568634033,0.1618455648422241,0.1205016002058982,0.0846497491002082,0.1880435496568679,0.2613970637321472,0.1233712509274482,0.1880435496568679,0.3224340379238128
fist,0.0,0.0,0.0,0.1076814830303192,-0.0271415114402771,-0.0964434295892715,0.172585517168045,-0.0796345472335815,-0.1715619564056396,0.1615407764911651,-0.1216866374015808,-0.2334480136632919,0.0995319187641143,-0.1440059542655944,-0.2825281322002411,0.1090283095836639,-0.3762943744659424,-0.1427416652441024,0.1645537316799163,-0.3296222388744354,-0.2244618982076645,0.1732009351253509,-0.2357995510101318,-0.2577157318592071,0.1499785482883453,-0.2102910280227661,-0.2755996584892273,0.0293834805488586,-0.3769882619380951,-0.1372144371271133,0.0957854092121124,-0.3050155341625213,-0.2191889286041259,0.1065641939640045,-0.1904546618461609,-0.2304730713367462,0.0978688299655914,-0.2021068334579467,-0.2306050509214401,-0.032966524362564,-0.3295982480049133,-0.1414510011672973,0.0292563736438751,-0.2139648795127868,-0.2125781327486038,0.051390141248703,-0.1263185739517212,-0.1996916383504867,0.0466195344924926,-0.1575710773468017,-0.1856662482023239,-0.07512828707695,-0.2546326518058777,-0.15545754134655,-0.0133475959300994,-0.1180941462516784,-0.2036554813385009,0.0124172866344451,-0.0630075931549072,-0.2032806277275085,0.0077489912509918,-0.0958820581436157,-0.1990908980369568,0.41696497797966,0.4022578001022339,0.3601807653903961,0.3076509237289428,0.2165300846099853,0.2097511887550354,0.1946336925029754,0.1843210905790329,0.0693319365382194,0.081421248614788,0.0741395652294159,0.0835857465863227,0.2165300846099853,0.0798394009470939,0.0835857465863227,0.221081256866455
fist,0.0,0.0,0.0,0.1130691170692443,-0.0107088088989257,-0.1030816435813903,0.1910341382026672,-0.0600250959396362,-0.1699363589286804,0.165823221206665,-0.1062988638877868,-0.2191566079854965,0.0913951992988586,-0.1300839781761169,-0.2548316717147827,0.1349923014640808,-0.3548265397548675,-0.1293859630823135,0.1824715733528137,-0.272530198097229,-0.2113183587789535,0.1733540296554565,-0.1870021820068359,-0.2466855198144912,0.1431061625480651,-0.1982171535491943,-0.2667429447174072,0.0512087345123291,-0.3606789112091064,-0.1151917055249214,0.1065341234207153,-0.2434266805648803,-0.2014855444431305,0.1135767102241516,-0.1479849219322204,-0.2193994224071502,0.0971328616142273,-0.1863031387329101,-0.2211835533380508,-0.0157069563865661,-0.3167060613632202,-0.111963152885437,0.0424105525016784,-0.1599307060241699,-0.1893147081136703,0.0729444026947021,-0.0867007374763488,-0.1813521385192871,0.069985032081604,-0.1321534514427185,-0.1664219349622726,-0.0651215612888336,-0.2516670227050781,-0.1185158714652061,0.0044909417629241,-0.0939064621925354,-0.1733878403902053,0.0386376976966857,-0.0395205616950988,-0.1784886568784713,0.0390712618827819,-0.0744903683662414,-0.1742693930864334,0.401080459356308,0.3820742666721344,0.3362813889980316,0.2856976091861725,0.20846888422966,0.2091654986143112,0.2106384187936782,0.21296988427639,0.0658114552497863,0.0816579908132553,0.0658959373831749,0.0863598957657814,0.20846888422966,0.0851787105202674,0.0863598957657814,0.2254009842872619
fist,0.0,0.0,0.0,0.0826326310634613,0.0055123567581176,-0.0758568122982978,0.1496396362781524,-0.0107990503311157,-0.1293601542711258,0.1531621515750885,-0.0500885844230651,-0.170558363199234,0.1063709557056427,-0.092330515384674,-0.2037428021430969,0.1257254779338836,-0.2544532418251037,-0.1039972379803657,0.1635455787181854,-0.1736005544662475,-0.1660236865282058,0.1584021747112274,-0.08985435962677,-0.200387954711914,0.1404180228710174,-0.0806717276573181,-0.2218747287988662,0.0620794594287872,-0.2652114033699035,-0.0928976535797119,0.1055555045604705,-0.1822898983955383,-0.1522091180086136,0.1093921363353729,-0.0897318124771118,-0.168695718050003,0.0986967980861663,-0.0809108614921569,-0.1764364391565323,0.0050835311412811,-0.2349336147308349,-0.0882104411721229,0.0491515100002288,-0.1457821130752563,-0.1439787596464157,0.0648669302463531,-0.0648737549781799,-0.1370453387498855,0.0597771704196929,-0.057058572769165,-0.1267955750226974,-0.0401829779148101,-0.1848434805870056,-0.0895501002669334,0.0084483325481414,-0.1035992503166198,-0.1293314099311828,0.0231572687625885,-0.0493077039718627,-0.1281494945287704,0.0190120041370391,-0.0492406487464904,-0.122043676674366,0.3022726774215698,0.2877862453460693,0.2509994506835937,0.2092868834733963,0.2105017602443695,0.2056362032890319,0.1900519281625747,0.1514859944581985,0.0616875663399696,0.067438006401062,0.0417791716754436,0.0402976050972938,0.2105017602443695,0.0654962137341499,0.0402976050972938,0.1804988980293274
fist,0.0,0.0,0.0,0.0919806361198425,-0.0017702579498291,-0.0621297843754291,0.1550227403640747,-0.0189266800880432,-0.1108011379837989,0.1697744727134704,-0.0637426376342773,-0.1507845520973205,0.125598669052124,-0.1039691567420959,-0.1853258609771728,0.1180694699287414,-0.2483678460121154,-0.0837788954377174,0.1690280437469482,-0.2103170752525329,-0.131163865327835,0.1781587600708007,-0.1382511258125305,-0.1571097373962402,0.1632137894630432,-0.1054829359054565,-0.1700057089328766,0.0668333172798156,-0.2607855200767517,-0.0738293975591659,0.1300193667411804,-0.2190367579460144,-0.1179913058876991,0.139393150806427,-0.1361585259437561,-0.1295973062515258,0.1251350045204162,-0.1016647219657898,-0.13227079808712,0.0231332182884216,-0.2429313659667968,-0.0685189962387085,0.0855169892311096,-0.2015875577926635,-0.1077362671494484,0.0995811820030212,-0.1311119198799133,-0.1022132635116577,0.0885460376739502,-0.0963877439498901,-0.0921648144721984,-0.0146647095680236,-0.206372857093811,-0.0681893974542617,0.0427467226982116,-0.1774977445602417,-0.0948319807648658,0.059842050075531,-0.1332998871803283,-0.0906240344047546,0.0570436120033264,-0.1116900444030761,-0.0817469283938407,0.2874819934368133,0.2791532874107361,0.2534672617912292,0.217840775847435,0.172884851694107,0.1792593449354171,0.1622128039598465,0.1195438206195831,0.0537447296082973,0.054544374346733,0.0365389585494995,0.0406435206532478,0.172884851694107,0.053650114685297,0.0406435206532478,0.1400891542434692
fist,0.0,0.0,0.0,0.0869747400283813,-0.0045222043991088,-0.0665738582611084,0.1406487226486206,-0.0221800804138183,-0.1225857958197593,0.1497180461883545,-0.0601915121078491,-0.1691902875900268,0.1069924235343933,-0.0964599251747131,-0.2093191593885421,0.1078954935073852,-0.2597509026527405,-0.107110284268856,0.1501204967498779,-0.1982529163360595,-0.1671777665615081,0.1533123850822448,-0.115323007106781,-0.1962955147027969,0.1361879706382751,-0.0910204052925109,-0.2125620692968368,0.0473083853721618,-0.2597933411598205,-0.1031539440155029,0.1040446162223815,-0.1929174065589904,-0.1634191125631332,0.1115874052047729,-0.1001332402229309,-0.1769011616706848,0.1010352969169616,-0.0784227848052978,-0.180565521121025,-0.0043299198150634,-0.2232006788253784,-0.1040132865309715,0.0535973310470581,-0.138958990573883,-0.1559903025627136,0.0667330622673034,-0.0641549825668335,-0.1467040479183197,0.0571051836013793,-0.052727460861206,-0.1352749317884445,-0.0451544225215911,-0.1685882210731506,-0.1104769855737686,0.0160980224609375,-0.0809083580970764,-0.145766869187355,0.0328381061553955,-0.0335649251937866,-0.1423839330673217,0.0299501419067382,-0.0354390740394592,-0.1353294402360916,0.3009727299213409,0.2834984958171844,0.2462844997644424,0.2065576761960983,0.2009739279747009,0.2043878883123397,0.1838822364807129,0.154877483844757,0.0491750910878181,0.0681273937225341,0.0321914218366146,0.0298744831234216,0.2009739279747009,0.0607161596417427,0.0298744831234216,0.1781747639179229
fist,0.0,0.0,0.0,0.0872930288314819,-0.0068641901016235,-0.0567799806594848,0.1450756788253784,-0.0214282870292663,-0.0997617170214653,0.1491596698760986,-0.0665385723114013,-0.1340538263320922,0.1027299165725708,-0.1067021489143371,-0.1637003123760223,0.1278200149536132,-0.2434831261634826,-0.0635478943586349,0.155399203300476,-0.2109311819076538,-0.0936958938837051,0.1457055807113647,-0.1558906435966491,-0.1153764054179191,0.1245335340499877,-0.1372808814048767,-0.1300326734781265,0.0726435780525207,-0.2605491280555725,-0.0503731295466423,0.1023018360137939,-0.2341116070747375,-0.0755291879177093,0.0979648232460022,-0.17700856924057,-0.0875311568379402,0.082822561264038,-0.1571329832077026,-0.0960497707128524,0.0212035775184631,-0.2455343008041381,-0.0403780043125152,0.0568898916244506,-0.2346115112304687,-0.0624851025640964,0.0605338811874389,-0.1906996369361877,-0.0583478212356567,0.0485345721244812,-0.1675430536270141,-0.0546630471944808,-0.022304743528366,-0.2105084061622619,-0.0348290614783763,0.0138087272644042,-0.2053527235984802,-0.0506032221019268,0.0240727066993713,-0.1753195524215698,-0.04486920312047,0.0217958688735961,-0.1600180268287658,-0.0378618277609348,0.2822415828704834,0.2751370370388031,0.2497339993715286,0.2145328670740127,0.1253393143415451,0.1135115250945091,0.083867035806179,0.0671069324016571,0.0573476143181324,0.0547439195215702,0.032463289797306,0.0504377484321594,0.1253393143415451,0.059239026159048,0.0504377484321594,0.1563635170459747
fist,0.0,0.0,0.0,0.0761221647262573,0.0125015377998352,-0.0528370924293994,0.1330444812774658,-0.0041994452476501,-0.089891143143177,0.154820442199707,-0.0466128587722778,-0.1189867332577705,0.1420210003852844,-0.092109739780426,-0.1457002162933349,0.1256795525550842,-0.1910436749458313,-0.0667368993163108,0.1629554629325866,-0.2213736772537231,-0.0947119295597076,0.1904749870300293,-0.1917780041694641,-0.1131187230348587,0.2000139355659485,-0.1550849080085754,-0.1233041808009147,0.0816171169281005,-0.2134880423545837,-0.0539071187376976,0.1287838816642761,-0.2400587201118469,-0.0776659250259399,0.1570438742637634,-0.2020355463027954,-0.0901316329836845,0.1674803495407104,-0.158254325389862,-0.0973668321967125,0.0406835079193115,-0.2080668210983276,-0.0440083257853984,0.0889151096343994,-0.232402503490448,-0.0652181357145309,0.1186514496803283,-0.2007558345794677,-0.0684711933135986,0.1293088793754577,-0.1570106744766235,-0.0688589662313461,0.003872662782669,-0.181350290775299,-0.0379936061799526,0.0442347526550293,-0.2020783424377441,-0.0552203357219696,0.0728039741516113,-0.1830725073814392,-0.0562549829483032,0.0865184664726257,-0.1537119746208191,-0.0539962388575077,0.2382159680128097,0.2348286062479019,0.2165264040231704,0.1853279173374176,0.1000924110412597,0.1109594702720642,0.1052555963397026,0.0886018648743629,0.0417279936373233,0.0476582236588001,0.0454180724918842,0.0884908735752105,0.1000924110412597,0.051086701452732,0.0884908735752105,0.1255271136760711
fist,0.0,0.0,0.0,0.0828314423561096,0.0100257992744445,-0.0899106338620185,0.1423794627189636,-0.0120092034339904,-0.159342274069786,0.1780911087989807,-0.0406401753425598,-0.2118834406137466,0.197397232055664,-0.0837409496307373,-0.2635804116725921,0.1067052483558654,-0.2372181415557861,-0.1815895289182663,0.1832711100578308,-0.1862323880195617,-0.2638685703277588,0.2198621034622192,-0.1324995756149292,-0.3168804049491882,0.230822741985321,-0.1098711490631103,-0.351304292678833,0.0697026252746582,-0.242253839969635,-0.1663659512996673,0.1617457866668701,-0.1876177191734314,-0.2442914992570877,0.1943979859352111,-0.1184450387954711,-0.2739627957344055,0.2019156217575073,-0.0799763798713684,-0.2938448488712311,0.0402713418006897,-0.2066636681556701,-0.1533968597650528,0.1305747628211975,-0.1439396142959594,-0.2190243750810623,0.1587899923324585,-0.0798032283782959,-0.2205441892147064,0.1656859517097473,-0.0452505946159362,-0.2190224975347519,0.0141072273254394,-0.1509744524955749,-0.1461903750896453,0.0902488231658935,-0.0971819758415222,-0.2013311386108398,0.128152847290039,-0.0455455780029296,-0.207869753241539,0.1505762338638305,-0.0145565271377563,-0.2083391845226287,0.3172273933887481,0.3020314574241638,0.2605038285255432,0.2106274515390396,0.2458160072565078,0.2450818717479705,0.2146851867437362,0.2027217596769333,0.0709288790822029,0.090093582868576,0.0358407944440841,0.0974450185894966,0.2458160072565078,0.0403275303542614,0.0974450185894966,0.1313981264829635
fist,0.0,0.0,0.0,0.1153110861778259,-0.0171500444412231,-0.0835425779223442,0.1755419373512268,-0.0275306105613708,-0.1759419590234756,0.2009751200675964,-0.0512330532073974,-0.2538394033908844,0.1805605888366699,-0.107052206993103,-0.3233348131179809,0.1262492537498474,-0.259023368358612,-0.2113828510046005,0.2231457233428955,-0.1674247980117797,-0.28036829829216,0.2041042447090149,-0.1028707027435302,-0.2853285372257232,0.1702498197555542,-0.1074715852737426,-0.2877558767795563,0.06572026014328,-0.2292230725288391,-0.2117491066455841,0.1765410304069519,-0.1350200772285461,-0.2757215797901153,0.1433438062667846,-0.0642135143280029,-0.2408791482448578,0.115036129951477,-0.0890190601348877,-0.2147562205791473,0.0148373842239379,-0.1592850089073181,-0.2161927968263626,0.1078112125396728,-0.0406486988067626,-0.2577485144138336,0.0856542587280273,-0.0123679041862487,-0.1948475390672683,0.0657463669776916,-0.0684360265731811,-0.1573866158723831,-0.0212303400039672,-0.0845833420753479,-0.2303026169538498,0.0351489782333374,0.0095458626747131,-0.2691037356853485,0.028450608253479,0.0143528580665588,-0.2523351013660431,0.0174828171730041,-0.0387009978294372,-0.24055115878582,0.3573719263076782,0.3189044594764709,0.2689445912837982,0.2462607622146606,0.1753192245960235,0.1486548483371734,0.1195969432592392,0.0609009899199008,0.0933702141046524,0.0783863142132759,0.100647322833538,0.0370452255010604,0.1753192245960235,0.0674681439995765,0.0370452255010604,0.229210615158081
fist,0.0,0.0,0.0,0.098850131034851,0.0024777650833129,-0.0515758208930492,0.1668980121612548,-0.0182145833969116,-0.1010851636528968,0.1981698870658874,-0.0491551160812377,-0.1436789482831955,0.1679231524467468,-0.0920769572257995,-0.1804400384426117,0.1371577978134155,-0.2724604606628418,-0.0876367092132568,0.2174705266952514,-0.1781891584396362,-0.1465722769498825,0.1913772225379943,-0.1032391786575317,-0.1841006129980087,0.1562261581420898,-0.1112003326416015,-0.2118559032678604,0.0731201171875,-0.2683184444904327,-0.0921814814209938,0.1626366376876831,-0.1736433506011963,-0.1494617760181427,0.1467427611351013,-0.0902189016342163,-0.1674467325210571,0.1256946325302124,-0.0935800075531005,-0.1799559742212295,0.0198625922203063,-0.2189629077911377,-0.1005534380674362,0.1095044016838073,-0.1076029539108276,-0.1460334062576294,0.1048171520233154,-0.0434987545013427,-0.1352394074201584,0.0834581851959228,-0.0570324659347534,-0.1284431368112564,-0.0173556804656982,-0.1468920111656189,-0.1140104830265045,0.0589091181755065,-0.0393419861793518,-0.1439340412616729,0.0643008947372436,-0.0006195902824401,-0.139796569943428,0.0489531159400939,-0.0238440036773681,-0.1366549283266067,0.3173754215240478,0.2929825186729431,0.2417649030685424,0.186753511428833,0.2044476419687271,0.2024894058704376,0.1761922389268875,0.1415995806455612,0.0475421436131,0.0759816616773605,0.048574760556221,0.0385937765240669,0.2044476419687271,0.0643322318792343,0.0385937765240669,0.2008417844772339
fist,0.0,0.0,0.0,0.106960117816925,-0.0122201442718505,-0.0430715717375278,0.1708685755729675,-0.0371872782707214,-0.0925479084253311,0.1975847482681274,-0.0683634877204895,-0.1380253136157989,0.1598592400550842,-0.1073413491249084,-0.1764540523290634,0.1297888159751892,-0.2847834527492523,-0.088409200310707,0.2143273949623108,-0.1962397694587707,-0.151319071650505,0.1929244399070739,-0.1152994036674499,-0.1853998601436615,0.1579909324645996,-0.1172592043876648,-0.209668219089508,0.0671875476837158,-0.2784739732742309,-0.1016272604465484,0.1662001609802246,-0.1934717893600464,-0.1727285087108612,0.1521466970443725,-0.1073102951049804,-0.1946576982736587,0.127387523651123,-0.1074177026748657,-0.2063355594873428,0.016824722290039,-0.2281457781791687,-0.1174917966127395,0.1067991256713867,-0.1274941563606262,-0.1726744771003723,0.1043645739555358,-0.0562858581542968,-0.1633120328187942,0.0834110975265502,-0.0683625936508178,-0.1548302322626114,-0.0182365775108337,-0.1562222242355346,-0.1376987546682357,0.0562497377395629,-0.0537715554237365,-0.1730733215808868,0.0620672106742858,-0.0132283568382263,-0.1700354665517807,0.0459532141685485,-0.0379645228385925,-0.1664307117462158,0.325212150812149,0.3039572536945343,0.2571728825569153,0.2090428322553634,0.2087186723947525,0.209399402141571,0.1770835071802139,0.1375890225172042,0.0323191955685615,0.0781794488430023,0.0496155880391597,0.0347136184573173,0.2087186723947525,0.0642918720841407,0.0347136184573173,0.2021607458591461
fist,0.0,0.0,0.0,0.1157951951026916,-0.0175069570541381,-0.0474607720971107,0.1782352328300476,-0.039681077003479,-0.1062171906232833,0.2041106224060058,-0.0728513598442077,-0.1607861369848251,0.1653094887733459,-0.1104956865310669,-0.2080990672111511,0.1357089281082153,-0.2915312051773071,-0.1049226969480514,0.2237563133239746,-0.1971040964126587,-0.1734927743673324,0.2007048726081848,-0.1185190677642822,-0.2072081267833709,0.1626134514808654,-0.1277512311935424,-0.2314317971467971,0.0732330679893493,-0.2805946469306946,-0.119072139263153,0.1789233684539795,-0.1900134086608886,-0.1967583894729614,0.1590873599052429,-0.1047978401184082,-0.2161116302013397,0.1305586695671081,-0.1170586347579956,-0.226318672299385,0.024278700351715,-0.2241419553756714,-0.1356033384799957,0.1196494102478027,-0.1185492873191833,-0.1942346394062042,0.1143075823783874,-0.0516925454139709,-0.1787688881158828,0.0897499918937683,-0.072355031967163,-0.1670841425657272,-0.0106003284454345,-0.149524450302124,-0.1569795161485672,0.0646902322769165,-0.0481610298156738,-0.1949647217988968,0.0687423944473266,-0.0142834782600402,-0.1901630759239196,0.049863576889038,-0.0479202270507812,-0.1858851313591003,0.3382545411586761,0.3134878277778625,0.263091892004013,0.2170541286468505,0.2086918503046035,0.2037941813468933,0.1682759672403335,0.1217162162065506,0.0341757908463478,0.0846905559301376,0.0504129230976104,0.0291451327502727,0.2086918503046035,0.0649849846959114,0.0291451327502727,0.2104334384202957
fist,0.0,0.0,0.0,0.116787314414978,-0.0193191170692443,-0.0487201884388923,0.1810641884803772,-0.0445694923400878,-0.1050336733460426,0.207634687423706,-0.0792122483253479,-0.1568662077188491,0.1710795760154724,-0.1191712021827697,-0.2003448456525802,0.1418935060501098,-0.2976291179656982,-0.0985859483480453,0.2248548865318298,-0.2103700637817382,-0.1651060283184051,0.2043916583061218,-0.1303774714469909,-0.1959226280450821,0.1669802665710449,-0.1366167068481445,-0.2173010110855102,0.0793243646621704,-0.2909628450870514,-0.1111029386520385,0.1783996820449829,-0.2011769413948059,-0.1847460269927978,0.1617227792739868,-0.1117531061172485,-0.2011758834123611,0.1361008286476135,-0.1264578700065612,-0.2084923684597015,0.0298349857330322,-0.2378877401351928,-0.1270164251327514,0.1190411448478698,-0.1288182139396667,-0.184537649154663,0.1158824563026428,-0.0590818524360656,-0.1696838140487671,0.0935816168785095,-0.0834833979606628,-0.1576371788978576,-0.0057724118232727,-0.1640998125076294,-0.1480208188295364,0.0651312470436096,-0.0566425323486328,-0.1862125247716903,0.0697358846664428,-0.0213683247566223,-0.1824721843004226,0.0526700019836425,-0.0564704537391662,-0.1780712902545929,0.3441453874111175,0.3213963210582733,0.2713187634944916,0.221070647239685,0.2016125172376632,0.1994245648384094,0.1698292195796966,0.1261056065559387,0.0336798727512359,0.0789996162056922,0.0531132034957408,0.0246710665524005,0.2016125172376632,0.0641561523079872,0.0246710665524005,0.2051319181919098
fist,0.0,0.0,0.0,0.1109187602996826,0.0098644495010375,-0.0284502711147069,0.1799685359001159,-0.0139961242675781,-0.0558761805295944,0.2066761255264282,-0.0621664524078369,-0.0771473571658134,0.1779365539550781,-0.1138922572135925,-0.09625855833292,0.1519801616668701,-0.2556424140930176,-0.0609792284667491,0.2190335392951965,-0.1959686279296875,-0.0852647498250007,0.2124173641204834,-0.1237862706184387,-0.1060414314270019,0.1833134889602661,-0.1055657267570495,-0.1225905790925026,0.1014832854270935,-0.2765201330184936,-0.0589843466877937,0.1778193712234497,-0.2240940928459167,-0.0751923099160194,0.1763993501663208,-0.1602692604064941,-0.0859489515423774,0.1476390361785888,-0.132985234260559,-0.098298504948616,0.0558287501335144,-0.2595873475074768,-0.0554234273731708,0.1283957958221435,-0.2132830023765564,-0.0678695812821388,0.1316766142845153,-0.1591179370880127,-0.0641020089387893,0.1081255674362182,-0.1338246464729309,-0.0654900968074798,0.0179210305213928,-0.2205157279968261,-0.0537768639624118,0.0840462446212768,-0.179948627948761,-0.0626042261719703,0.0915201902389526,-0.1341631412506103,-0.0552422180771827,0.0774234533309936,-0.1094104051589965,-0.0502999350428581,0.3035942614078522,0.3004020452499389,0.2712456583976745,0.2276846468448639,0.1652293801307678,0.1558147072792053,0.1365743428468704,0.1260833889245987,0.0511331669986248,0.0513654612004756,0.0420644283294677,0.0281357038766145,0.1652293801307678,0.0546790026128292,0.0281357038766145,0.1387717872858047
fist,0.0,0.0,0.0,0.0871592462062835,-0.0287342071533203,-0.0684351474046707,0.1510358154773712,-0.0722755789756774,-0.1201570704579353,0.1322302520275116,-0.0994545817375183,-0.1642893999814987,0.0693215429782867,-0.113626480102539,-0.2021610587835312,0.1033861935138702,-0.3209939002990722,-0.092963270843029,0.1564564406871795,-0.2535219192504883,-0.1602978408336639,0.1588266789913177,-0.1824939250946045,-0.1976465135812759,0.1367338597774505,-0.1814460754394531,-0.2200874835252761,0.0339046120643615,-0.3136064112186432,-0.091801568865776,0.0770156979560852,-0.2455497980117797,-0.1568188518285751,0.0923174917697906,-0.1742867827415466,-0.1778632253408432,0.0829878747463226,-0.1817852258682251,-0.1876615583896637,-0.0256484448909759,-0.2698126435279846,-0.0978370606899261,0.012110948562622,-0.1876481175422668,-0.1607617139816284,0.0449301898479461,-0.1045482158660888,-0.1614211648702621,0.0458261370658874,-0.101278007030487,-0.1540519148111343,-0.0720227658748626,-0.2116094827651977,-0.1099504828453064,-0.0258793234825134,-0.1197397708892822,-0.152477815747261,0.0021515190601348,-0.0634271502494812,-0.1546551883220672,0.0033692121505737,-0.0697139501571655,-0.1504157185554504,0.349811315536499,0.3285209834575653,0.2881471812725067,0.2491083294153213,0.1916930526494979,0.1702208220958709,0.191501036286354,0.1656977087259292,0.0627709031105041,0.0948262363672256,0.053029254078865,0.0972896441817283,0.1916930526494979,0.0698828622698783,0.0972896441817283,0.2074170261621475
fist,0.0,0.0,0.0,0.081271082162857,-0.0331568121910095,-0.1060357466340065,0.1257191896438598,-0.0789724588394165,-0.1910290420055389,0.086334228515625,-0.1316288113594055,-0.2645707130432129,0.0193830430507659,-0.1691967248916626,-0.3297140002250671,0.1011538803577423,-0.3320343196392059,-0.1584989130496978,0.1216316223144531,-0.3459255695343017,-0.275619775056839,0.1225285232067108,-0.3113411366939544,-0.3364984691143036,0.107698380947113,-0.2943699955940246,-0.3665898144245147,0.0053540766239166,-0.3324251174926758,-0.1535565704107284,0.0150802433490753,-0.3069531917572021,-0.2698473632335663,0.0403965413570404,-0.2069841623306274,-0.2928930222988128,0.0560507774353027,-0.1959295868873596,-0.2907218635082245,-0.0659608840942382,-0.2895094156265259,-0.1620385944843292,-0.0441851615905761,-0.1956620812416076,-0.261453628540039,-0.0061963200569152,-0.1070860624313354,-0.2457235753536224,0.0171388387680053,-0.1142283082008361,-0.2185870558023452,-0.1173740178346633,-0.2236003279685974,-0.181919053196907,-0.0844646543264389,-0.1014297604560852,-0.2490441799163818,-0.0470924973487854,-0.0415934920310974,-0.2484195828437805,-0.018918752670288,-0.0590335726737976,-0.2356588840484619,0.3815767467021942,0.3662168085575104,0.3382647633552551,0.3112367391586303,0.2115733027458191,0.2000387609004974,0.2020563334226608,0.1991572976112365,0.1345880180597305,0.1157267019152641,0.0681032761931419,0.1575683057308197,0.2115733027458191,0.0959280058741569,0.1575683057308197,0.2450731992721557
fist,0.0,0.0,0.0,0.0949844121932983,-0.0468960404396057,-0.1190264374017715,0.1341233253479004,-0.1098975539207458,-0.2054448574781417,0.0775163769721984,-0.1413975358009338,-0.2717345356941223,-0.0014985799789428,-0.1486710906028747,-0.3261156678199768,0.0783595144748687,-0.3664259910583496,-0.1947602778673172,0.1142643392086029,-0.3109171688556671,-0.3001503646373749,0.1262161135673523,-0.2334688305854797,-0.3488982915878296,0.1091687381267547,-0.229107916355133,-0.3762428164482116,-0.0215961039066314,-0.3511316180229187,-0.1808149814605713,0.0168680846691131,-0.2773546278476715,-0.2867222428321838,0.054085373878479,-0.1714914441108703,-0.3048962354660034,0.0633254051208496,-0.1820343732833862,-0.3063526451587677,-0.0892415940761566,-0.2861534059047699,-0.1768002957105636,-0.0325779914855957,-0.1617107391357422,-0.2662353217601776,0.0111825466156005,-0.0838443040847778,-0.2477617263793945,0.0221703946590423,-0.1247037649154663,-0.2253994643688202,-0.1310916244983673,-0.2039372324943542,-0.184487372636795,-0.0655988454818725,-0.0584515929222106,-0.2492680102586746,-0.0213398933410644,-0.0138288140296936,-0.2507557272911072,-0.0082432031631469,-0.0576689839363098,-0.2437134385108947,0.4223029613494873,0.3955425024032593,0.3480031192302704,0.3046489953994751,0.2296549081802368,0.2270798236131668,0.2020903080701828,0.1999846547842025,0.0959279164671897,0.1073962450027465,0.0758554562926292,0.1457054167985916,0.2296549081802368,0.1020760238170623,0.1457054167985916,0.2652883529663086
fist,0.0,0.0,0.0,0.0920217335224151,-0.0364681482315063,-0.1177922636270523,0.140363723039627,-0.1006855964660644,-0.2000400573015213,0.0903809666633606,-0.1307293772697448,-0.2605258822441101,0.0211379826068878,-0.1431876420974731,-0.3086913228034973,0.0870908200740814,-0.3707722425460815,-0.1803641766309738,0.1420291662216186,-0.2789804935455322,-0.2850467562675476,0.1423487067222595,-0.1933068633079528,-0.3390260636806488,0.1139435768127441,-0.2073407769203186,-0.3743219077587127,-0.0009000599384307,-0.3533843457698822,-0.1627399921417236,0.047189712524414,-0.2514816522598266,-0.2781748473644256,0.0725079476833343,-0.1622671484947204,-0.3077110648155212,0.0638285279273986,-0.1886258721351623,-0.3178256452083587,-0.0633008778095245,-0.2923343777656555,-0.1548952460289001,-0.0028591752052307,-0.1630283594131469,-0.2467772811651229,0.0419697761535644,-0.0938178300857544,-0.2316813915967941,0.0428228080272674,-0.1318953037261963,-0.2134831100702285,-0.1054750084877014,-0.2186338901519775,-0.1584219336509704,-0.0278788208961486,-0.083191692829132,-0.226047858595848,0.0169146955013275,-0.0421304106712341,-0.233209490776062,0.0213947594165802,-0.08711838722229,-0.2313831895589828,0.4214120209217071,0.3890573382377624,0.3368366360664367,0.2898676693439483,0.2550500333309173,0.235343798995018,0.2010857313871383,0.1967628300189972,0.0778048411011695,0.1206107884645462,0.052768800407648,0.1305215656757354,0.2550500333309173,0.0914075821638107,0.1305215656757354,0.2463922500610351
fist,0.0,0.0,0.0,0.0890726447105407,-0.0341492295265197,-0.1156245619058609,0.1434888243675232,-0.0931044816970825,-0.2020650506019592,0.0968008637428283,-0.1389278769493103,-0.268096387386322,0.0231545865535736,-0.1635540127754211,-0.3195732533931732,0.0986403822898864,-0.3791590929031372,-0.1708628535270691,0.1328626573085785,-0.2933692634105682,-0.2718890309333801,0.1397197842597961,-0.1979787349700927,-0.3211323320865631,0.1214693784713745,-0.2135041356086731,-0.3527683317661285,0.0049303174018859,-0.3634887039661407,-0.1557691395282745,0.0362960398197174,-0.2729981541633606,-0.2636985182762146,0.0701585412025451,-0.1676570773124694,-0.2849200665950775,0.0727347433567047,-0.1951282024383545,-0.2892659604549408,-0.0610857605934143,-0.3020287752151489,-0.1510785073041916,-0.0087635815143585,-0.1757888793945312,-0.2386492490768432,0.0360347926616668,-0.1020784974098205,-0.2187883406877517,0.0381906330585479,-0.1481191515922546,-0.1976451873779297,-0.1037045866250991,-0.227076768875122,-0.1578401774168014,-0.0304408371448516,-0.0838258266448974,-0.2210930436849594,0.0109457969665527,-0.0398295521736145,-0.224942147731781,0.0135226249694824,-0.0912294387817382,-0.2207867503166198,0.4274174273014068,0.3954900205135345,0.3431873619556427,0.2953506708145141,0.2470877021551132,0.2253088951110839,0.1889773309230804,0.1901551634073257,0.0821297168731689,0.1086163595318794,0.0661852061748504,0.1151639074087143,0.2470877021551132,0.0962026864290237,0.1151639074087143,0.2534602582454681
fist,0.0,0.0,0.0,0.0969792306423187,-0.0377129316329956,-0.1196421608328819,0.149098515510559,-0.1024698615074157,-0.2069311141967773,0.0930423438549041,-0.1482946872711181,-0.2730302810668945,0.0111348330974578,-0.1616301536560058,-0.3246475160121918,0.10392826795578,-0.3840299844741821,-0.1711243391036987,0.1306234896183014,-0.2936391234397888,-0.266223281621933,0.1386760771274566,-0.1984890699386596,-0.3076048493385315,0.125359833240509,-0.2088696360588073,-0.3322562277317047,0.0087917447090148,-0.3712849020957947,-0.1521560996770858,0.0363746583461761,-0.2658118009567261,-0.2518779635429382,0.0701941847801208,-0.1620932817459106,-0.2662513852119446,0.0750739872455596,-0.1910514831542968,-0.265342116355896,-0.0584278404712677,-0.3131051957607269,-0.1441224813461303,-0.0108428001403808,-0.177925169467926,-0.2257120311260223,0.0337356030941009,-0.1090498566627502,-0.2054720222949981,0.0381047427654266,-0.1560769081115722,-0.1836933046579361,-0.102494791150093,-0.2421887516975402,-0.1480053216218948,-0.0337552428245544,-0.0954127311706543,-0.2050515562295913,0.0062330067157745,-0.0511225461959838,-0.2079361826181411,0.0089966356754302,-0.1001766324043273,-0.2030804753303527,0.4330861866474151,0.4013493061065674,0.3495997190475464,0.3017717003822326,0.2389643192291259,0.2229091674089431,0.1885265856981277,0.1887618899345398,0.085578329861164,0.0962105765938758,0.0659392550587654,0.1238418817520141,0.2389643192291259,0.0978426784276962,0.1238418817520141,0.2515231668949127
fist,0.0,0.0,0.0,0.0953368246555328,-0.0354171991348266,-0.137332484126091,0.1496813297271728,-0.0889519453048706,-0.2416910082101822,0.10921511054039,-0.1449130773544311,-0.3233651518821716,0.031096339225769,-0.1742686033248901,-0.389237642288208,0.1199938356876373,-0.3780621886253357,-0.2030228376388549,0.1362615525722503,-0.2927226126194,-0.3088693022727966,0.1397956907749176,-0.2054040431976318,-0.3453700542449951,0.1255694031715393,-0.218976080417633,-0.3641486763954162,0.0220674872398376,-0.3648710250854492,-0.1809181571006775,0.0423481166362762,-0.2792108058929443,-0.2914989292621612,0.0709801614284515,-0.1645087003707885,-0.2938851416110992,0.0768350958824157,-0.2036502957344055,-0.2805630564689636,-0.0473082363605499,-0.3097124397754669,-0.1720283925533294,-0.0081733763217926,-0.1795012950897216,-0.2644111216068268,0.0363192558288574,-0.1051809787750244,-0.2324775159358978,0.0442748069763183,-0.1599239110946655,-0.2006696164608001,-0.0940808355808258,-0.2419775128364563,-0.1769729405641555,-0.0322105586528778,-0.0894027948379516,-0.2433680295944214,0.010856807231903,-0.0414996743202209,-0.2443397641181945,0.0204409956932067,-0.094908058643341,-0.2367397248744964,0.4455870389938354,0.4078593254089355,0.3574264049530029,0.3142033517360687,0.2264972627162933,0.1972833424806594,0.1778886616230011,0.1957466304302215,0.0979615673422813,0.0967219248414039,0.0780779421329498,0.1074866205453872,0.2264972627162933,0.1012531146407127,0.1074866205453872,0.2550011873245239
fist,0.0,0.0,0.0,0.0747118294239044,-0.0530598163604736,-0.0540010035037994,0.1094989478588104,-0.0953954458236694,-0.1066994071006774,0.1174899041652679,-0.1037471890449523,-0.1573269963264465,0.1101985573768615,-0.1129992008209228,-0.2048878818750381,0.0550814270973205,-0.3116003274917602,-0.0967867672443389,0.0961661636829376,-0.3617992699146271,-0.1816044747829437,0.1435627043247223,-0.316893070936203,-0.2402366399765014,0.1747837960720062,-0.2621515989303589,-0.273022323846817,-0.01059290766716,-0.2913613319396972,-0.1064433455467224,0.017597496509552,-0.3402449488639831,-0.1885646283626556,0.0728353559970855,-0.2918634414672851,-0.2278724163770675,0.1070227622985839,-0.2386612296104431,-0.2457694411277771,-0.0604308545589447,-0.2346953153610229,-0.1223150938749313,-0.0082019865512847,-0.1963140964508056,-0.1933215111494064,0.0408526062965393,-0.1416921615600586,-0.2076530754566192,0.0611209869384765,-0.1088930368423461,-0.2071880996227264,-0.0855892300605773,-0.1548584699630737,-0.1437157690525055,-0.0058428347110748,-0.0825258493423461,-0.1902116239070892,0.0423014461994171,-0.0437988638877868,-0.1982376277446746,0.0635226666927337,-0.0316738486289978,-0.1977567970752716,0.3309024274349212,0.3103768825531006,0.2714678049087524,0.2279493063688278,0.2187071293592453,0.1897959560155868,0.1944337785243988,0.2008214145898819,0.0767207592725753,0.1429520100355148,0.0778300762176513,0.1762384474277496,0.2187071293592453,0.0693972930312156,0.1762384474277496,0.2157743573188781
fist,0.0,0.0,0.0,0.0999677777290344,-0.031296968460083,-0.0814077854156494,0.1671851873397827,-0.0709487795829773,-0.1422277092933654,0.1594528555870056,-0.10095876455307,-0.192158356308937,0.1093072891235351,-0.1209577322006225,-0.2347133606672287,0.0991287231445312,-0.322250485420227,-0.1224559098482132,0.1535411477088928,-0.3263029456138611,-0.1967459172010421,0.1990712285041809,-0.2656929492950439,-0.2346098721027374,0.2148741483688354,-0.2179770469665527,-0.2522152364253998,0.0348621308803558,-0.3105108141899109,-0.1113148033618927,0.0925852060317993,-0.2670596241950989,-0.1836780458688736,0.1312033534049987,-0.1897714138031005,-0.2037200778722763,0.1408281922340393,-0.153282344341278,-0.2064972519874572,-0.0105595886707305,-0.248891532421112,-0.1068113222718238,0.052073448896408,-0.1379393935203552,-0.1652455180883407,0.093512624502182,-0.0903774499893188,-0.1591944992542266,0.1070918440818786,-0.0879830718040466,-0.1447864025831222,-0.0403355062007904,-0.1705042719841003,-0.109905369579792,0.0310326814651489,-0.074370265007019,-0.1529214531183242,0.0679487586021423,-0.0467956066131591,-0.1534272879362106,0.0782368779182434,-0.062049925327301,-0.1442975252866745,0.3587022721767425,0.3316976428031921,0.2710482478141784,0.2068280726671219,0.2027496695518493,0.2121539562940597,0.2029174715280532,0.1643306910991668,0.1084358841180801,0.0959706455469131,0.0387991778552532,0.1444417685270309,0.2027496695518493,0.0662732124328613,0.1444417685270309,0.2064817100763321
fist,0.0,0.0,0.0,0.1087161898612976,-0.0079736709594726,-0.1159189790487289,0.1790298223495483,-0.0260916352272033,-0.1981253325939178,0.1666985750198364,-0.0633560419082641,-0.2611085474491119,0.1027488112449646,-0.1034078001976013,-0.314413458108902,0.1367814540863037,-0.302958071231842,-0.1732618510723114,0.1789538860321045,-0.2205962538719177,-0.259517639875412,0.1770443320274353,-0.1251867413520813,-0.301402747631073,0.1467591524124145,-0.0957696437835693,-0.3237960338592529,0.0591827929019928,-0.2909342050552368,-0.1519304066896438,0.1003196239471435,-0.2172082662582397,-0.2446873635053634,0.1129194498062133,-0.1283518075942993,-0.271281898021698,0.1000460386276245,-0.1088743805885315,-0.2786733508110046,0.0002633929252624,-0.2445994019508361,-0.1386088281869888,0.0508656501770019,-0.1399605274200439,-0.220389112830162,0.0848431587219238,-0.0680848956108093,-0.2189686149358749,0.0886963009834289,-0.0667990446090698,-0.2059941291809082,-0.0430389940738678,-0.1877374053001403,-0.1345031559467315,0.0214358270168304,-0.093942642211914,-0.1969857960939407,0.0502025187015533,-0.0478550195693969,-0.2050037533044815,0.0565910041332244,-0.0611346960067749,-0.2005483508110046,0.3748498558998108,0.3335088491439819,0.281142920255661,0.2349229305982589,0.2562950253486633,0.2255645245313644,0.2097000777721405,0.1741159111261367,0.0662563666701316,0.0847432538866996,0.0330528579652309,0.0456430092453956,0.2562950253486633,0.0813704878091812,0.0456430092453956,0.2170562893152237
fist,0.0,0.0,0.0,0.08891361951828,-0.0210965871810913,-0.0615322738885879,0.1657907962799072,-0.0758800506591796,-0.0996361523866653,0.1311979293823242,-0.1267488598823547,-0.129758596420288,0.0617419481277465,-0.1530760526657104,-0.1519581377506256,0.1226766109466552,-0.3163195848464966,-0.0658219754695892,0.1277986764907837,-0.3076985478401184,-0.118144005537033,0.1350437998771667,-0.2309746146202087,-0.1425263732671737,0.1322787404060363,-0.2060988545417785,-0.1561027020215988,0.0514006316661834,-0.3229485750198364,-0.0631898492574691,0.0563944578170776,-0.2872819304466247,-0.1162171363830566,0.0734674334526062,-0.1798049807548523,-0.1272888034582138,0.0767685770988464,-0.1675935387611389,-0.1282177716493606,-0.0112694799900054,-0.2875880599021911,-0.0682928785681724,-0.0066152811050415,-0.2356926202774047,-0.1228407993912696,0.0234721601009368,-0.1356095671653747,-0.1128510236740112,0.0342715382575988,-0.1310749053955078,-0.0987609028816223,-0.0640041232109069,-0.2319396734237671,-0.0793046653270721,-0.0412771105766296,-0.1454094648361206,-0.1167528852820396,-0.0147100090980529,-0.0787157416343689,-0.1129365935921669,-0.0056687593460083,-0.0908083915710449,-0.1042970791459083,0.3456011712551117,0.3330627083778381,0.2958002984523773,0.2533411979675293,0.1427985280752182,0.1703154444694519,0.1658271700143814,0.1547438949346542,0.0730862990021705,0.0633033663034439,0.0569848120212554,0.0883404463529586,0.1427985280752182,0.0716319531202316,0.0883404463529586,0.2053081840276718
fist,0.0,0.0,0.0,0.0935747027397155,-0.0142027735710144,-0.0894929245114326,0.1629911065101623,-0.0616704821586608,-0.1527930647134781,0.1388903856277465,-0.113349437713623,-0.201899304986,0.0664879381656646,-0.1413747072219848,-0.239204928278923,0.1245777010917663,-0.3243578970432281,-0.1113060638308525,0.158806025981903,-0.2590558528900146,-0.186357781291008,0.1528445482254028,-0.1689115762710571,-0.2231395691633224,0.1337642073631286,-0.1719025373458862,-0.246159940958023,0.0502668619155883,-0.3226785957813263,-0.1027978807687759,0.0832277536392211,-0.2548799514770508,-0.183014765381813,0.0961188077926635,-0.1484216451644897,-0.2027016133069992,0.0949996411800384,-0.1576331853866577,-0.2074292600154876,-0.0089077353477478,-0.2785289287567138,-0.1035970672965049,0.0301564931869506,-0.1736560463905334,-0.1748409867286682,0.0557813942432403,-0.0888900160789489,-0.1651318222284317,0.0554399192333221,-0.1132721304893493,-0.150727242231369,-0.0530324578285217,-0.2153876423835754,-0.1129354834556579,-0.0003017485141754,-0.0872243046760559,-0.1642850339412689,0.0281915664672851,-0.0356375575065612,-0.1677953898906707,0.0332421660423278,-0.0712045431137085,-0.1638516187667846,0.3648515939712524,0.3423677086830139,0.2973046600818634,0.2489150613546371,0.2037463933229446,0.20047128200531,0.1834984421730041,0.1755691617727279,0.0566248334944248,0.0821461752057075,0.0493423901498317,0.0742052346467971,0.2037463933229446,0.0748151764273643,0.0742052346467971,0.2083807587623596
fist,0.0,0.0,0.0,0.0855780839920044,-0.0163974165916442,-0.0755723714828491,0.1616417169570922,-0.0626391768455505,-0.1269414126873016,0.1346025466918945,-0.1192783117294311,-0.167682260274887,0.0622220933437347,-0.1487497091293335,-0.1968208402395248,0.1208760142326355,-0.3069252371788025,-0.0828248709440231,0.1507185697555542,-0.2757822275161743,-0.1555506139993667,0.1442624926567077,-0.183570921421051,-0.1916786730289459,0.1275191307067871,-0.1700568199157714,-0.2118780016899109,0.0473760962486267,-0.3111090660095215,-0.0790737643837928,0.0692630112171173,-0.271095871925354,-0.1553027331829071,0.0826179385185241,-0.1667534112930297,-0.1754577904939651,0.082547128200531,-0.1649479866027832,-0.1781750619411468,-0.014688491821289,-0.2767209410667419,-0.0853056162595748,0.014407604932785,-0.188409686088562,-0.1556101590394973,0.0432342588901519,-0.09608656167984,-0.1488674432039261,0.0491025745868682,-0.1104083657264709,-0.1334026902914047,-0.0618960559368133,-0.2215619683265686,-0.0988245382905006,-0.0207861065864563,-0.0996562838554382,-0.1455622762441635,0.00865039229393,-0.0405312180519104,-0.1477039456367492,0.0197013020515441,-0.0680397152900695,-0.14134182035923,0.3401089012622833,0.3244780600070953,0.2899435758590698,0.2503739595413208,0.1882333755493164,0.1800586879253387,0.1845061033964157,0.1789830476045608,0.0564311034977436,0.0780875980854034,0.0521782264113426,0.0703165307641029,0.1882333755493164,0.073714405298233,0.0703165307641029,0.2023573666810989
fist,0.0,0.0,0.0,0.0904314219951629,-0.0185639858245849,-0.0766303390264511,0.1657418012619018,-0.0617194175720214,-0.1335237473249435,0.1527571678161621,-0.1108714938163757,-0.1788387149572372,0.0850982367992401,-0.1334749460220337,-0.2130597531795501,0.1289994716644287,-0.3133503794670105,-0.0957332402467727,0.1700597405433654,-0.2529987096786499,-0.1663555055856704,0.1605010032653808,-0.1664362549781799,-0.2024113833904266,0.1362038850784301,-0.1767187714576721,-0.2256426215171814,0.0552007853984832,-0.3182172775268554,-0.0912163704633712,0.0917148888111114,-0.2574460506439209,-0.1685784012079239,0.0992328822612762,-0.1508160829544067,-0.1895774006843567,0.0918915867805481,-0.1685903072357177,-0.1953190118074417,-0.0044194757938385,-0.2798822522163391,-0.0942694693803787,0.0382910668849945,-0.179181694984436,-0.1596856862306594,0.0623597204685211,-0.0926052331924438,-0.146403819322586,0.0587097108364105,-0.1198633909225463,-0.1303963661193847,-0.0491132140159606,-0.2228786945343017,-0.1049079671502113,0.0023305118083953,-0.0933673381805419,-0.1482408493757248,0.031106561422348,-0.0406789779663085,-0.1463819295167923,0.0351240038871765,-0.0749467611312866,-0.139501690864563,0.3521280586719513,0.3356036245822906,0.2953647673130035,0.2511826157569885,0.1886704713106155,0.1859349459409713,0.175773948431015,0.173713818192482,0.0543062910437583,0.0876943543553352,0.0515431500971317,0.0681186020374298,0.1886704713106155,0.0740967914462089,0.0681186020374298,0.1999835819005966
fist,0.0,0.0,0.0,0.0967694222927093,-0.0249421596527099,-0.0661966651678085,0.1729785203933715,-0.0718804597854614,-0.1185776889324188,0.1504167914390564,-0.1162698864936828,-0.1607710719108581,0.0784984529018402,-0.130595862865448,-0.1922951638698578,0.1271566748619079,-0.3187761902809143,-0.0898126363754272,0.1670715808868408,-0.2577481269836426,-0.1547033935785293,0.1579199433326721,-0.164597749710083,-0.1880232244729995,0.1326315402984619,-0.1747914552688598,-0.2113306671380996,0.0504614412784576,-0.321628987789154,-0.0900678113102912,0.0896234810352325,-0.2632676362991333,-0.1619543731212616,0.1003428399562835,-0.1548982858657837,-0.1824957877397537,0.0924930572509765,-0.1711181998252868,-0.1907376199960708,-0.0101452469825744,-0.2782917618751526,-0.0963148176670074,0.0391068458557128,-0.1799898743629455,-0.1573938727378845,0.0658768415451049,-0.0934929251670837,-0.1442489027976989,0.060217410326004,-0.1230561137199401,-0.1308552175760269,-0.0534862875938415,-0.2153380513191223,-0.1091216132044792,0.0045602917671203,-0.0860628485679626,-0.1509783715009689,0.0333881080150604,-0.0360020995140075,-0.1491815149784088,0.0339514911174774,-0.0753605961799621,-0.1440440565347671,0.3547582030296325,0.3377924859523773,0.2946621477603912,0.2472625821828842,0.1884892880916595,0.1858885735273361,0.1739024072885513,0.1686968654394149,0.0452621728181839,0.083292156457901,0.0560241602361202,0.0724292173981666,0.1884892880916595,0.0767486989498138,0.0724292173981666,0.209055408835411
fist,0.0,0.0,0.0,0.0937801301479339,-0.0210589170455932,-0.0607263632118701,0.1713818311691284,-0.0696583986282348,-0.1042458564043045,0.1500650644302368,-0.116922914981842,-0.1387736052274704,0.080146849155426,-0.1349315047264099,-0.163233071565628,0.1203625798225402,-0.3128303587436676,-0.0729429051280021,0.1649677157402038,-0.2638611793518066,-0.1343255192041397,0.1562942862510681,-0.179465115070343,-0.1657721400260925,0.1295879483222961,-0.1837798357009887,-0.1857489198446273,0.0483785569667816,-0.3180435299873352,-0.0729625225067138,0.0885734856128692,-0.2657287120819092,-0.1387005001306533,0.0982119441032409,-0.1686840653419494,-0.1583284735679626,0.088023692369461,-0.1785763502120971,-0.1648827493190765,-0.0098329782485961,-0.2825172543525696,-0.0798496156930923,0.0346777141094207,-0.187274158000946,-0.1389037817716598,0.061583787202835,-0.100180447101593,-0.1323490589857101,0.0569833517074584,-0.1193993091583252,-0.12117400765419,-0.0534547865390777,-0.2263732552528381,-0.0925910472869873,-0.0013701915740966,-0.1025853157043457,-0.1321309804916381,0.0249971449375152,-0.0500808358192443,-0.1336120218038559,0.0246919691562652,-0.081314206123352,-0.1295401901006698,0.3430315554141998,0.3298722505569458,0.2937493026256561,0.2503504753112793,0.1716517955064773,0.1716745644807815,0.1810513436794281,0.1688617169857025,0.0467980839312076,0.0798490941524505,0.0506280697882175,0.073058508336544,0.1716517955064773,0.0721725523471832,0.073058508336544,0.1951239556074142
fist,0.0,0.0,0.0,0.0891613960266113,-0.0183941721916198,-0.073843777179718,0.156795471906662,-0.04899263381958,-0.1295222789049148,0.1602934300899505,-0.0917016267776489,-0.175685629248619,0.1057626008987426,-0.1186677813529968,-0.2133376598358154,0.1268459260463714,-0.2846969366073608,-0.0977827012538909,0.1736771762371063,-0.2622509598731994,-0.1660707741975784,0.1691600382328033,-0.2133217453956604,-0.1973082870244979,0.1360168159008026,-0.2032701969146728,-0.2120459526777267,0.0564855337142944,-0.2971712350845337,-0.0905061885714531,0.0942631363868713,-0.2675026655197143,-0.1591415405273437,0.10440194606781,-0.1841862797737121,-0.1717250645160675,0.0915444493293762,-0.1801515817642212,-0.1694535613059997,-0.0002059042453765,-0.2733920216560364,-0.0912692174315452,0.0403012037277221,-0.1910024285316467,-0.1530191302299499,0.0679898858070373,-0.1085691452026367,-0.1426949501037597,0.0645748078823089,-0.1070481538772583,-0.1251158714294433,-0.0440059304237365,-0.2294004559516906,-0.0991989746689796,0.0084858536720275,-0.122811734676361,-0.141641691327095,0.0361638665199279,-0.0696577429771423,-0.1422168016433715,0.0407042205333709,-0.0812350511550903,-0.1344205141067505,0.3266552984714508,0.3157415390014648,0.2882243990898132,0.2537745535373688,0.1406076401472091,0.145449012517929,0.1816931962966919,0.1742680519819259,0.0657751709222793,0.0896510109305381,0.0363689102232456,0.0898585245013237,0.1406076401472091,0.071827158331871,0.0898585245013237,0.1795830279588699
fist,0.0,0.0,0.0,0.0897024869918823,-0.0096011161804199,-0.0869851633906364,0.1541852056980133,-0.0396901965141296,-0.1489402055740356,0.1600838005542755,-0.0759796500205993,-0.1976118087768554,0.1103239357471466,-0.1071354150772094,-0.236745536327362,0.1220360100269317,-0.2752408385276794,-0.1209601536393165,0.1743406355381012,-0.2348804473876953,-0.1937422901391983,0.1659133732318878,-0.1820194721221923,-0.2262535840272903,0.1313631236553192,-0.1798352599143982,-0.242408737540245,0.0529664754867553,-0.289495587348938,-0.107758492231369,0.0924399495124816,-0.2502031922340393,-0.1891147643327713,0.0971584022045135,-0.1830357909202575,-0.2084337919950485,0.0821723639965057,-0.1977564692497253,-0.2098243087530136,-0.0031715333461761,-0.2636353969573974,-0.1019854843616485,0.0409508645534515,-0.1581093668937683,-0.1702338904142379,0.0659447014331817,-0.0865628123283386,-0.1586910337209701,0.0644067227840423,-0.1007617712020874,-0.1400395631790161,-0.0471405982971191,-0.2224388718605041,-0.1041979491710662,0.0060177147388458,-0.1039766073226928,-0.1504105627536773,0.0341197550296783,-0.0551714897155761,-0.1503294259309768,0.0415239632129669,-0.0764310359954834,-0.1422289162874221,0.3244713544845581,0.3134087324142456,0.2826919257640838,0.2501169741153717,0.1547222584486007,0.1403085142374038,0.180396094918251,0.1750029921531677,0.0616655945777893,0.1208035573363304,0.0334723554551601,0.075894571840763,0.1547222584486007,0.0717501416802406,0.075894571840763,0.1780161410570144
fist,0.0,0.0,0.0,0.099730759859085,-0.0135396122932434,-0.0846218913793563,0.1624827980995178,-0.0544710755348205,-0.1414900571107864,0.1420997381210327,-0.080543041229248,-0.1820130050182342,0.0848304331302642,-0.0853733420372009,-0.2125719040632248,0.104219913482666,-0.2968751788139343,-0.121385633945465,0.1693313121795654,-0.2277131676673889,-0.1785193383693695,0.1581819653511047,-0.1480524539947509,-0.2005345523357391,0.1232244372367858,-0.1535955071449279,-0.2151965051889419,0.041566401720047,-0.3053819537162781,-0.1060946062207222,0.1029644608497619,-0.2412657141685485,-0.1733426302671432,0.1032792329788208,-0.1429696679115295,-0.1860019713640213,0.0848938226699829,-0.1569024920463562,-0.1880107522010803,-0.0069456398487091,-0.2686251401901245,-0.0959760397672653,0.0577656030654907,-0.1651294827461242,-0.152566060423851,0.072672426700592,-0.085496962070465,-0.1388471722602844,0.05708709359169,-0.107909619808197,-0.1244474425911903,-0.0441443920135498,-0.2182013392448425,-0.0927365720272064,0.0200472474098205,-0.1103712320327758,-0.1326297223567962,0.0430803596973419,-0.0610383749008178,-0.1305716931819915,0.0394335985183715,-0.0872809886932373,-0.1248087882995605,0.33724045753479,0.3259477913379669,0.2853403389453888,0.2411651462316513,0.172309935092926,0.1750247776508331,0.1753290891647339,0.1586002707481384,0.0471087843179702,0.084934152662754,0.0271535795181989,0.0783278495073318,0.172309935092926,0.0650510862469673,0.0783278495073318,0.1703593581914901
fist,0.0,0.0,0.0,0.0926931798458099,0.0009854435920715,-0.0785785838961601,0.1591283977031707,-0.0410025715827941,-0.1277088969945907,0.1927151978015899,-0.1135030388832092,-0.1542492508888244,0.1944102942943573,-0.1949396729469299,-0.1731282025575637,0.0506483018398284,-0.1526187658309936,-0.1744634807109832,0.1225283443927764,-0.1987350583076477,-0.2231094688177108,0.1315774023532867,-0.2318568229675293,-0.2343722432851791,0.1103529334068298,-0.2512201070785522,-0.2353189438581466,0.0111990869045257,-0.1917893290519714,-0.1420961916446685,0.1258368790149688,-0.2380809187889099,-0.1822959631681442,0.1464479267597198,-0.220008909702301,-0.1682642996311187,0.1289773285388946,-0.1923509836196899,-0.1533660441637039,-0.0064578056335449,-0.2101852297782898,-0.1091355234384536,0.1096554100513458,-0.2366151809692382,-0.1377861946821212,0.1280547082424163,-0.2011520266532898,-0.1121608391404151,0.1163479685783386,-0.1701955199241638,-0.0903510227799415,-0.0101978182792663,-0.2125038504600525,-0.0814524292945861,0.0874118208885192,-0.2209444642066955,-0.100332923233509,0.104895144701004,-0.1977068185806274,-0.0893295854330062,0.0993606150150299,-0.1790442466735839,-0.0765891596674919,0.2372661978006363,0.2389558553695678,0.2369179129600525,0.2278077751398086,0.1303466707468032,0.118317537009716,0.1305116564035415,0.1146570816636085,0.1026095524430275,0.0679798424243927,0.0235851444303989,0.1187468543648719,0.1303466707468032,0.0643289610743522,0.1187468543648719,0.1262518465518951
fist,0.0,0.0,0.0,0.0749971568584442,-0.1015877723693847,-0.0701757445931434,0.1222945153713226,-0.1538963913917541,-0.1396712511777877,0.1548011004924774,-0.1491537094116211,-0.2021385878324508,0.1591256558895111,-0.1134461164474487,-0.2597727179527282,-0.0105166733264923,-0.3419210016727447,-0.1401335895061493,0.13967165350914,-0.3129798173904419,-0.2168033123016357,0.1402439773082733,-0.2498286962509155,-0.2577770054340362,0.1037986576557159,-0.2330742478370666,-0.2858352363109588,-0.058858573436737,-0.260468065738678,-0.1459885239601135,0.1060499846935272,-0.2239903807640075,-0.2176689952611923,0.1064944565296173,-0.1661498546600341,-0.2293100506067276,0.079364001750946,-0.1596448421478271,-0.2369478791952133,-0.0739231407642364,-0.1489206552505493,-0.1571176648139953,0.0833566486835479,-0.1005727052688598,-0.2111741602420807,0.0935280323028564,-0.0647903680801391,-0.1941969841718673,0.0725443661212921,-0.0753029584884643,-0.1814504265785217,-0.0701039433479309,-0.0371684432029724,-0.1763446927070617,0.0588645040988922,0.0042577981948852,-0.2130444943904876,0.0759728252887725,0.0084151029586792,-0.2076601684093475,0.0603453814983367,-0.0148077011108398,-0.2019640654325485,0.3696728348731994,0.3043363094329834,0.2287530452013015,0.1933740079402923,0.2148129045963287,0.193763792514801,0.1657238006591797,0.134808674454689,0.0915363505482673,0.1011930182576179,0.0650330707430839,0.134354829788208,0.2148129045963287,0.0948988944292068,0.134354829788208,0.3126275837421417
fist,0.0,0.0,0.0,0.0869726240634918,-0.099655270576477,-0.0643149390816688,0.1442610919475555,-0.1670635938644409,-0.1245698630809784,0.1778221428394317,-0.1845726370811462,-0.1771665066480636,0.1715127527713775,-0.1631947755813598,-0.2222032248973846,0.0096878707408905,-0.3858799338340759,-0.1132370233535766,0.1686120331287384,-0.3444690108299255,-0.1842016726732254,0.1616900265216827,-0.272857129573822,-0.2268663197755813,0.1182238459587097,-0.2681465148925781,-0.2583425343036651,-0.0318171679973602,-0.300921082496643,-0.1196392104029655,0.1415817439556121,-0.2661030292510986,-0.1896589398384094,0.1281363666057586,-0.2094658613204956,-0.2085456550121307,0.0960217416286468,-0.2140010595321655,-0.222330167889595,-0.0441298186779022,-0.1856666207313537,-0.1311711966991424,0.1292134821414947,-0.1307033896446228,-0.1808983534574508,0.1125797033309936,-0.0952752232551574,-0.1687672436237335,0.0767092704772949,-0.1116873025894165,-0.1605376005172729,-0.0389542281627655,-0.0687647461891174,-0.150961622595787,0.1049180924892425,-0.0302727222442626,-0.1840302646160125,0.0960688292980194,-0.0226442813873291,-0.1839325278997421,0.0619917809963226,-0.0472833514213562,-0.1835837215185165,0.4022683203220367,0.3253911137580871,0.231571614742279,0.170397862792015,0.2160944789648056,0.1855890899896621,0.1446976512670517,0.1082393079996109,0.0687135756015777,0.1210759952664375,0.069968543946743,0.1231284961104393,0.2160944789648056,0.0947716385126113,0.1231284961104393,0.3230344355106354
fist,0.0,0.0,0.0,0.0758959650993347,-0.1200624108314514,-0.0570176243782043,0.1254069507122039,-0.1895468235015869,-0.1233769953250885,0.1731753349304199,-0.1876857280731201,-0.1822929084300995,0.1989669203758239,-0.1547197699546814,-0.231847882270813,-0.006211519241333,-0.3715226054191589,-0.1440792232751846,0.1224540770053863,-0.381195455789566,-0.2207000702619552,0.1728407740592956,-0.3241529464721679,-0.253739446401596,0.1794387698173523,-0.2962278723716736,-0.2729492485523224,-0.0315222144126892,-0.2848706841468811,-0.1550910323858261,0.1374305784702301,-0.2784935235977173,-0.2332643121480941,0.1565231084823608,-0.2207083702087402,-0.2431094944477081,0.14268758893013,-0.2141466736793518,-0.2470452189445495,-0.0254617631435394,-0.1768186092376709,-0.1684420704841613,0.1481205224990844,-0.130232572555542,-0.2190147489309311,0.1332808136940002,-0.0918903350830078,-0.1946542263031005,0.0946012437343597,-0.1023771166801452,-0.1776542067527771,-0.0070545971393585,-0.0734808444976806,-0.1894064247608184,0.1359020471572876,-0.0317445397377014,-0.2186708003282547,0.116733431816101,-0.0201568603515625,-0.2064788192510604,0.0744698643684387,-0.0403740406036376,-0.1968696862459182,0.39853036403656,0.325880616903305,0.2455317676067352,0.2032830417156219,0.2382074892520904,0.2093000560998916,0.1415680944919586,0.0883062779903411,0.0935894772410392,0.1400708556175232,0.0679624080657959,0.1486445814371109,0.2382074892520904,0.0909419953823089,0.1486445814371109,0.3014699816703796
fist,0.0,0.0,0.0,0.0737255811691284,-0.1240835189819336,-0.0463602058589458,0.1273600161075592,-0.1849489212036132,-0.1130230948328971,0.1817562878131866,-0.1775283217430114,-0.1746190786361694,0.2040974199771881,-0.1495559215545654,-0.2287334650754928,0.0114030539989471,-0.3722384572029114,-0.1426488012075424,0.1275580823421478,-0.3826029300689697,-0.2211499214172363,0.1921912133693695,-0.3344734907150268,-0.2604956030845642,0.2066381275653839,-0.3019251823425293,-0.2833884060382843,-0.0184982419013977,-0.2860314846038818,-0.158584788441658,0.1246515810489654,-0.2923068404197693,-0.2437846362590789,0.1743790805339813,-0.2529987692832947,-0.2634817957878113,0.1845246851444244,-0.2435386180877685,-0.2727265655994415,-0.0148779451847076,-0.1731027364730835,-0.1734265089035034,0.1488728821277618,-0.1291856169700622,-0.2257845997810363,0.1507697105407714,-0.09222012758255,-0.1963550895452499,0.1143852472305297,-0.0921881794929504,-0.1738655865192413,0.0030638873577117,-0.0649239420890808,-0.1948900818824768,0.1410903334617614,-0.0279799699783325,-0.2219004034996032,0.132155954837799,-0.0191750526428222,-0.199467197060585,0.092943400144577,-0.0352664589881897,-0.1808495372533798,0.3987984359264374,0.3275749385356903,0.2454845458269119,0.2054425626993179,0.2507355809211731,0.2367536723613739,0.1525002717971801,0.0956819206476211,0.0633377432823181,0.1939071714878082,0.0612258985638618,0.1618950515985489,0.2507355809211731,0.0926265940070152,0.1618950515985489,0.3118347227573395
fist,0.0,0.0,0.0,0.0620242655277252,-0.118444800376892,-0.0572924800217151,0.1118183434009552,-0.1831883788108825,-0.1351521462202072,0.1696667075157165,-0.1839550733566284,-0.2059945613145828,0.1997625827789306,-0.1567445397377014,-0.2697929143905639,0.0003115534782409,-0.3566589951515198,-0.1714938730001449,0.1178587079048156,-0.3758674561977386,-0.2544759809970855,0.1821421384811401,-0.3203483819961548,-0.2909520268440246,0.1954061985015869,-0.2782677412033081,-0.3105256259441376,-0.0234922468662261,-0.2680785059928894,-0.1851614862680435,0.1304512917995453,-0.2763901948928833,-0.2652890384197235,0.1636309027671814,-0.2214723825454712,-0.2707720696926117,0.1558552980422973,-0.2040665745735168,-0.2716976702213287,-0.0150603353977203,-0.1566733717918396,-0.1993391960859298,0.1521254777908325,-0.1166563034057617,-0.2470668107271194,0.1439149975776672,-0.0797475576400756,-0.2105310559272766,0.1022942662239074,-0.0793697237968444,-0.1866849660873413,0.0058716535568237,-0.0508880615234375,-0.2213398069143295,0.1438917517662048,-0.0189715027809143,-0.246094137430191,0.1317827999591827,-0.0099310874938964,-0.221561312675476,0.0914237201213836,-0.0252871513366699,-0.2037915587425232,0.3957472443580627,0.3266538679599762,0.2539871633052826,0.2271901965141296,0.252065360546112,0.209168791770935,0.1410960108041763,0.091008260846138,0.092615857720375,0.1601413339376449,0.057755772024393,0.1282420456409454,0.252065360546112,0.0927357971668243,0.1282420456409454,0.309857040643692
fist,0.0,0.0,0.0,0.0689001381397247,-0.1263325810432434,-0.0629451647400856,0.1200071275234222,-0.1856403350830078,-0.1481937021017074,0.1746171414852142,-0.1821208596229553,-0.2260243892669677,0.1996627151966095,-0.1434061527252197,-0.2974793910980224,0.0003081262111663,-0.3617598712444305,-0.1819499880075454,0.1243517994880676,-0.3609671294689178,-0.2639012038707733,0.1775236427783966,-0.3123828172683716,-0.2965421080589294,0.1807958781719207,-0.2782953977584839,-0.3142877519130707,-0.027972400188446,-0.2664339542388916,-0.194905936717987,0.1297941207885742,-0.2680423259735107,-0.2697703242301941,0.1602524816989898,-0.2173418402671814,-0.2659787535667419,0.1512077748775482,-0.208683967590332,-0.2613810896873474,-0.0233073532581329,-0.1513419151306152,-0.2091977000236511,0.1405504643917083,-0.1102933287620544,-0.2531628608703613,0.1358783841133117,-0.0807084441184997,-0.2098381519317627,0.0993016064167022,-0.0850523710250854,-0.1825621426105499,-0.0043998062610626,-0.041522204875946,-0.2325086146593094,0.1307602822780609,-0.0110494494438171,-0.2573948502540588,0.124074786901474,-0.0109319686889648,-0.2328144609928131,0.0902683436870575,-0.0300534963607788,-0.2152636796236038,0.4049396216869354,0.3312971889972687,0.2592513859272003,0.2362280786037445,0.2388627827167511,0.1996485590934753,0.1419038921594619,0.0969070568680763,0.0923055931925773,0.1555360108613968,0.0646209418773651,0.1372355222702026,0.2388627827167511,0.1002730056643486,0.1372355222702026,0.3242383301258087
fist,0.0,0.0,0.0,0.0700815916061401,-0.1176022887229919,-0.0548783503472805,0.118631899356842,-0.1772823333740234,-0.1247295215725898,0.1667931675910949,-0.1766640543937683,-0.1871766746044159,0.1861844658851623,-0.1457052230834961,-0.2414262890815735,-0.0040111541748046,-0.3650979995727539,-0.1518458575010299,0.131540834903717,-0.3707470297813415,-0.2283520251512527,0.1748139858245849,-0.305908203125,-0.2625869512557983,0.1648014783859253,-0.2680906057357788,-0.2828502058982849,-0.0324622988700866,-0.2789567112922668,-0.1632340252399444,0.1276352107524871,-0.2795242667198181,-0.2436217069625854,0.1555598974227905,-0.2235038876533508,-0.2570196092128753,0.1435068249702453,-0.2070137858390808,-0.263868898153305,-0.0295940339565277,-0.1682925820350647,-0.1747385710477829,0.1367461681365966,-0.1213269233703613,-0.2237508893013,0.1330320239067077,-0.08133065700531,-0.1960207968950271,0.0965397953987121,-0.0830986499786377,-0.1773447394371032,-0.0116872191429138,-0.0617343783378601,-0.1933176964521408,0.1264054179191589,-0.0230209827423095,-0.2187224775552749,0.1189225316047668,-0.0107994079589843,-0.2012088596820831,0.0820009112358093,-0.0276262760162353,-0.1884400844573974,0.3954362273216247,0.3248322606086731,0.2444008439779281,0.2032718807458877,0.2346705794334411,0.2151006758213043,0.1522318720817566,0.0998229384422302,0.0674101635813713,0.1582633703947067,0.0584095045924186,0.1309631913900375,0.2346705794334411,0.0914301872253418,0.1309631913900375,0.3062814474105835
fist,0.0,0.0,0.0,0.0716650784015655,-0.1152421236038208,-0.0511231422424316,0.1183157265186309,-0.1688127517700195,-0.1243056803941726,0.1642125844955444,-0.1677353978157043,-0.1911014169454574,0.1892768740653991,-0.1444491147994995,-0.2490931898355484,0.0018230080604553,-0.3571099638938904,-0.1618732661008834,0.1114722490310669,-0.3773406147956848,-0.2461492270231247,0.1720847487449646,-0.3232485651969909,-0.2823132276535034,0.1836530566215515,-0.2873308658599853,-0.3017072677612304,-0.0303680896759033,-0.2759596705436706,-0.176614299416542,0.1181957423686981,-0.2776855826377868,-0.2693269848823547,0.1580181717872619,-0.2279835939407348,-0.281918466091156,0.1556594371795654,-0.214026927947998,-0.2842216193675995,-0.0281442403793334,-0.1672787070274353,-0.1907758265733719,0.1349839568138122,-0.1147958636283874,-0.2479672133922577,0.1361266076564788,-0.0795716643333435,-0.2130473554134369,0.1007994413375854,-0.0832871198654174,-0.1861628293991089,-0.0125352144241333,-0.0632510781288147,-0.2118585407733917,0.1240005195140838,-0.0186532735824584,-0.2415077686309814,0.1190742552280426,-0.0079619288444519,-0.2187145203351974,0.0836686193943023,-0.0265358686447143,-0.1992596536874771,0.3920890390872955,0.3290418982505798,0.2552835345268249,0.2214539945125579,0.2397599667310714,0.2236542850732803,0.1539556384086609,0.1037396565079689,0.0803919062018394,0.1723892092704773,0.0607099384069442,0.152364894747734,0.2397599667310714,0.088537760078907,0.152364894747734,0.2984254062175751
fist,0.0,0.0,0.0,0.0544510185718536,-0.1057348251342773,-0.0240371152758598,0.1060824990272522,-0.1741621494293213,-0.0741644725203514,0.1659444272518158,-0.1921197772026062,-0.1234171837568283,0.2210284173488617,-0.198081374168396,-0.1672902107238769,0.0098924040794372,-0.3229123950004577,-0.1147651150822639,0.0948320627212524,-0.3979972600936889,-0.1851577758789062,0.1812358796596527,-0.3742396831512451,-0.2196662127971649,0.2228898704051971,-0.3350034952163696,-0.2373136729001999,-0.0122592747211456,-0.2554340958595276,-0.1390619426965713,0.0868314504623413,-0.3325456380844116,-0.2172423005104065,0.1744625270366668,-0.3164460062980652,-0.2388956844806671,0.2208909690380096,-0.2843695878982544,-0.2462864518165588,-0.0055605471134185,-0.164547860622406,-0.1612333059310913,0.1246395111083984,-0.1833319664001464,-0.2149935513734817,0.1681652963161468,-0.1526901125907898,-0.1958855986595153,0.1633533239364624,-0.1307162046432495,-0.1771193295717239,0.0198449790477752,-0.0692404508590698,-0.1864956319332122,0.1389124393463134,-0.0590406060218811,-0.214952751994133,0.1589043140411377,-0.0505176782608032,-0.1963614672422409,0.1398572921752929,-0.052937626838684,-0.1789349317550659,0.3428429961204529,0.2910929322242737,0.2304410934448242,0.1999216973781585,0.2460330426692962,0.2582506537437439,0.1729995459318161,0.1213503256440162,0.0514616258442401,0.1780562698841095,0.0812703296542167,0.1537999212741851,0.2460330426692962,0.0750623270869255,0.1537999212741851,0.2638063430786133
fist,0.0,0.0,0.0,0.0936255753040313,-0.0201423168182373,-0.0738472864031791,0.176270991563797,-0.073657214641571,-0.124898113310337,0.1639616191387176,-0.1255698204040527,-0.1682893335819244,0.0998053848743438,-0.1622515320777893,-0.2032234221696853,0.1346571743488311,-0.3481225371360779,-0.0784979090094566,0.1737474501132965,-0.2739914655685425,-0.1629518121480941,0.1854723393917083,-0.1800385117530822,-0.2137829810380935,0.1852864325046539,-0.1669480204582214,-0.2418333142995834,0.057853490114212,-0.3493383526802063,-0.0744808688759803,0.0919805467128753,-0.2427038550376892,-0.1525077372789383,0.1026016175746917,-0.14492267370224,-0.1804647892713546,0.0984021723270416,-0.145693838596344,-0.1908691674470901,-0.0058472454547882,-0.3070115447044372,-0.0812264233827591,0.0257250666618347,-0.1830516457557678,-0.150508776307106,0.049802541732788,-0.1046727895736694,-0.15029376745224,0.0502972304821014,-0.1177073717117309,-0.1400611698627472,-0.0554179847240448,-0.244894802570343,-0.0955093279480934,-0.0173504650592803,-0.136720061302185,-0.14106285572052,0.0054177343845367,-0.0813788771629333,-0.1435217708349228,0.0036110579967498,-0.0979062914848327,-0.1369148045778274,0.3814233541488647,0.3618448674678802,0.3176287412643432,0.2686385214328766,0.2491304576396942,0.2380367964506149,0.2060334980487823,0.1637206822633743,0.1029463931918144,0.0753576830029487,0.0508092604577541,0.0939137414097786,0.2491304576396942,0.0769182741641998,0.0939137414097786,0.2169652432203292
fist,0.0,0.0,0.0,0.0893519818782806,-0.0006662607192993,-0.0896425768733024,0.16898974776268,-0.0337219834327697,-0.1512795090675354,0.1452848017215728,-0.0979920029640197,-0.1991709172725677,0.0736444890499115,-0.1491701602935791,-0.2364015877246856,0.1359715759754181,-0.3080520629882812,-0.1085564419627189,0.1699683368206024,-0.2221546769142151,-0.1862061619758606,0.1651241481304168,-0.1267481446266174,-0.2250230759382248,0.1516081392765045,-0.1243729591369628,-0.2473343312740326,0.0568887293338775,-0.3225920796394348,-0.0980345532298088,0.0805006921291351,-0.2166979908943176,-0.1735998690128326,0.0891121923923492,-0.1118412613868713,-0.1946750730276107,0.0868041813373565,-0.1307460069656372,-0.2015819698572158,-0.013001412153244,-0.2907523512840271,-0.096958540380001,0.0073874294757843,-0.1639915704727172,-0.1651972830295562,0.0331992208957672,-0.0783605575561523,-0.1582790315151214,0.038768321275711,-0.1069039106369018,-0.1459339559078216,-0.0696867406368255,-0.2382079362869262,-0.1037408336997032,-0.0414545536041259,-0.1150473356246948,-0.1483572572469711,-0.0179589092731475,-0.0552764534950256,-0.1468693912029266,-0.0122250616550445,-0.08255535364151,-0.1391223818063736,0.3537921011447906,0.3419250547885895,0.306768536567688,0.2690007984638214,0.230741873383522,0.2200497984886169,0.1971774399280548,0.1696508973836898,0.0795829594135284,0.077282540500164,0.0569172613322734,0.0825394243001937,0.230741873383522,0.0810938850045204,0.0825394243001937,0.2172480970621109
fist,0.0,0.0,0.0,0.090372234582901,0.0126208066940307,-0.0923442840576171,0.1798286139965057,-0.0143159627914428,-0.1540215164422989,0.1607360541820526,-0.0910367965698242,-0.2005112618207931,0.085500031709671,-0.1567047238349914,-0.2359425276517868,0.1743085086345672,-0.2931032180786133,-0.1098745837807655,0.1921513974666595,-0.2050557732582092,-0.1914434134960174,0.1785389482975006,-0.113050103187561,-0.2312690466642379,0.1585724651813507,-0.122792899608612,-0.2534100711345672,0.092581957578659,-0.3248034119606018,-0.0984414964914321,0.1004639565944671,-0.2316097021102905,-0.1763509809970855,0.0997152030467987,-0.1215513944625854,-0.1942658126354217,0.0937019288539886,-0.1466200351715088,-0.1969424337148666,0.0172013342380523,-0.3067697882652282,-0.0972240567207336,0.0247440934181213,-0.1892309188842773,-0.1709917485713958,0.0432127714157104,-0.0901923775672912,-0.1590861678123474,0.0443435907363891,-0.11802339553833,-0.1413967162370681,-0.0512471497058868,-0.262208342552185,-0.1041072830557823,-0.0323578715324401,-0.1332883834838867,-0.1576550602912902,-0.0107558071613311,-0.0648666620254516,-0.1566139757633209,-0.0027598738670349,-0.0946006178855896,-0.1464961469173431,0.358281135559082,0.3517945408821106,0.3222671449184418,0.2867364883422851,0.2232838273048401,0.2036001086235046,0.1957373917102813,0.1795555055141449,0.0892441347241401,0.0796199738979339,0.052852313965559,0.0824300199747085,0.2232838273048401,0.08840162307024,0.0824300199747085,0.2277347296476364
fist,0.0,0.0,0.0,0.0854057967662811,0.0298547744750976,-0.1160409674048423,0.1672044098377227,0.0158126950263977,-0.1948839277029037,0.1372828185558319,-0.0729449391365051,-0.2568051517009735,0.0656673014163971,-0.1569554805755615,-0.3053958714008331,0.2148613035678863,-0.255068302154541,-0.1333480179309845,0.1816481053829193,-0.2671518325805664,-0.2283260971307754,0.1435350477695465,-0.2415353059768676,-0.2660240828990936,0.1127555072307586,-0.2612548470497131,-0.2835447192192077,0.1265757977962494,-0.3146209120750427,-0.1168004348874092,0.0715033113956451,-0.2610468864440918,-0.2116660475730896,0.0671325623989105,-0.1134319901466369,-0.2145470827817917,0.0889001190662384,-0.1198559403419494,-0.1987968534231186,0.0436843633651733,-0.3176543116569519,-0.1157147586345672,-0.0072440207004547,-0.219547688961029,-0.2064355164766311,0.0102462470531463,-0.0859375596046447,-0.1756298393011093,0.0379938781261444,-0.095828890800476,-0.1393020749092102,-0.0346667170524597,-0.2870445847511291,-0.1263333410024643,-0.0576601326465606,-0.1586894392967224,-0.192285805940628,-0.0326786041259765,-0.0635817646980285,-0.184853196144104,-7.990002632141113e-05,-0.0780125260353088,-0.1656083017587661,0.3591753244400024,0.3586782813072204,0.3408848643302917,0.3155257105827331,0.1817221045494079,0.2146538197994232,0.2231485098600387,0.2154835760593414,0.1665681004524231,0.0819046571850776,0.0495888404548168,0.1165037751197815,0.1817221045494079,0.1077713593840599,0.1165037751197815,0.2516663074493408
fist,0.0,0.0,0.0,0.1042772531509399,0.005979299545288,-0.1008863747119903,0.1784688830375671,-0.0113794207572937,-0.1796024292707443,0.1497783064842224,-0.0868393182754516,-0.2423492968082428,0.0814030766487121,-0.1661737561225891,-0.2958092987537384,0.1717268228530883,-0.3047125935554504,-0.1526623666286468,0.2078067660331726,-0.2647820711135864,-0.2269236147403717,0.1841306686401367,-0.225988507270813,-0.2542472779750824,0.1374456882476806,-0.2391162514686584,-0.2681064009666443,0.0757440328598022,-0.3397842049598694,-0.1379453837871551,0.1096128821372985,-0.2782627940177917,-0.1961361318826675,0.113310158252716,-0.1477177739143371,-0.1871652156114578,0.1134951114654541,-0.1450470089912414,-0.1753328889608383,-0.0011954009532928,-0.3151129484176636,-0.1323537677526474,0.0363264977931976,-0.1977405548095703,-0.1870628595352172,0.0597665309906005,-0.0906391143798828,-0.1493753641843795,0.0674813389778137,-0.1043384671211242,-0.1204820126295089,-0.0658962428569793,-0.2617338895797729,-0.137064442038536,-0.0262804627418518,-0.1277877688407898,-0.1798010915517807,0.003060758113861,-0.0544064044952392,-0.16453717648983,0.0173691809177398,-0.0703388452529907,-0.1477758139371872,0.3816355168819427,0.3744587898254394,0.34178227186203,0.3027104437351227,0.137132778763771,0.201855257153511,0.2219984531402588,0.208997443318367,0.1342742443084716,0.0823594033718109,0.066424049437046,0.0960668176412582,0.137132778763771,0.1032439023256301,0.0960668176412582,0.2419817894697189
fist,0.0,0.0,0.0,0.0976153910160064,0.0100780725479125,-0.0944190621376037,0.1815546452999115,-0.0170226693153381,-0.162934347987175,0.1474049389362335,-0.0977956652641296,-0.218416541814804,0.0678300559520721,-0.1748998165130615,-0.2633951306343078,0.174759179353714,-0.3038273453712463,-0.1132252514362335,0.1932195127010345,-0.2865471839904785,-0.2014470845460891,0.1728012263774871,-0.2613000869750976,-0.2456972002983093,0.1362996995449066,-0.2859974503517151,-0.2697208523750305,0.0790636837482452,-0.3457360863685608,-0.1034476533532142,0.0803612768650055,-0.254168152809143,-0.1845936477184295,0.0955137312412262,-0.1366191506385803,-0.1966849416494369,0.1004548966884613,-0.1509194374084472,-0.1932617723941803,-0.0024596750736236,-0.3265417814254761,-0.1061419993638992,0.0036636590957641,-0.1828775405883789,-0.1817635148763656,0.0342018902301788,-0.0931229591369628,-0.1630847156047821,0.0452312529087066,-0.1314073204994201,-0.1402129679918289,-0.0714750587940216,-0.275507390499115,-0.1187788695096969,-0.0478170812129974,-0.1232808828353881,-0.1760995686054229,-0.0166989862918853,-0.057871401309967,-0.1755554676055908,-0.0026196241378784,-0.0949203968048095,-0.1646621376276016,0.3683364987373352,0.3694400191307068,0.3433682024478912,0.3084176182746887,0.1621354669332504,0.2155868411064148,0.2037466913461685,0.1986403912305832,0.1593013256788253,0.0790224596858024,0.0649520084261894,0.1306552290916443,0.1621354669332504,0.104926511645317,0.1306552290916443,0.2479196786880493
fist,0.0,0.0,0.0,0.0299117565155029,-0.0878146290779113,-0.0129954200237989,0.0647863149642944,-0.1759896874427795,-0.0336337238550186,0.1015867590904235,-0.2453925013542175,-0.0532856099307537,0.1163471341133117,-0.3117271661758423,-0.0668821111321449,-0.0420959591865539,-0.2699347734451294,-0.0454398244619369,0.0680736899375915,-0.2951670289039612,-0.0734786167740821,0.0906460881233215,-0.2503422498703003,-0.0827650278806686,0.0809724926948547,-0.2248209714889526,-0.0870530903339386,-0.0452314913272857,-0.2427211999893188,-0.0544498860836029,0.0782111287117004,-0.252213716506958,-0.0794087797403335,0.0963298678398132,-0.2092163562774658,-0.0803284496068954,0.0878251194953918,-0.1908087730407714,-0.0815752819180488,-0.0334250032901763,-0.1999878883361816,-0.0644503086805343,0.0863036513328552,-0.2018869519233703,-0.0841198563575744,0.1037188172340393,-0.1637598872184753,-0.0738842487335205,0.0968490839004516,-0.1482126116752624,-0.0678465515375137,-0.0112894177436828,-0.1521896719932556,-0.0760616958141326,0.081437349319458,-0.1558395624160766,-0.0870667621493339,0.0972811579704284,-0.1305738687515258,-0.0811841487884521,0.0961942076683044,-0.1203669309616088,-0.0770931914448738,0.2769505977630615,0.2528324723243713,0.2127586156129837,0.1705125421285629,0.1375236809253692,0.1453779488801956,0.1402267813682556,0.1121003180742263,0.0351254120469093,0.0456546023488044,0.0293481033295393,0.0959735363721847,0.1375236809253692,0.028837326914072,0.0959735363721847,0.1255015879869461
fist,0.0,0.0,0.0,0.0397408008575439,-0.097048282623291,-0.0052640126086771,0.078823447227478,-0.2008202075958252,-0.021760269999504,0.1196229457855224,-0.2767997980117798,-0.0390391647815704,0.141167938709259,-0.3416091799736023,-0.0511222593486309,-0.0397200882434845,-0.2976171970367431,-0.0237737093120813,0.0847833156585693,-0.3289319276809692,-0.0499436818063259,0.1075222492218017,-0.266936719417572,-0.0629870668053627,0.0904330015182495,-0.2267184257507324,-0.0717692598700523,-0.040222018957138,-0.2808082699775696,-0.0370171852409839,0.0984231829643249,-0.2956030368804931,-0.0587606467306613,0.1120780706405639,-0.2327473163604736,-0.0615437552332878,0.091338574886322,-0.2002364993095398,-0.0643057599663734,-0.021570473909378,-0.2439430952072143,-0.0513717830181121,0.1127172708511352,-0.2504773736000061,-0.0691359862685203,0.1213278174400329,-0.189460277557373,-0.0594696104526519,0.0978981256484985,-0.1599080562591552,-0.0540509633719921,0.0094563364982604,-0.1968085765838623,-0.0671883225440979,0.1210145354270935,-0.1995275616645813,-0.078002318739891,0.1322802305221557,-0.1525162458419799,-0.0721733644604682,0.1160225272178649,-0.131224513053894,-0.0675567463040351,0.301195740699768,0.2860793173313141,0.2502250671386719,0.2081761509180069,0.1557884365320205,0.1566673815250396,0.1460883766412735,0.1251309663057327,0.0275284629315137,0.0421256646513938,0.0365191139280796,0.1272800713777542,0.1557884365320205,0.0214051771908998,0.1272800713777542,0.1202727183699607
fist,0.0,0.0,0.0,0.0786819458007812,-0.1068751811981201,-0.0204986482858657,0.1102384328842163,-0.224500834941864,-0.0436379089951515,0.1299637556076049,-0.3140544891357422,-0.0634634345769882,0.1319420933723449,-0.3916153907775879,-0.0754750147461891,-0.0507197976112365,-0.3417777419090271,-0.055953249335289,0.0895268321037292,-0.3783777356147766,-0.0901443511247634,0.113107144832611,-0.2795423865318298,-0.1001412495970726,0.0902533531188964,-0.2314956784248352,-0.1065522655844688,-0.0655393004417419,-0.311519980430603,-0.0648645386099815,0.0997982621192932,-0.3260865211486816,-0.1004964113235473,0.1130956411361694,-0.2335883975028991,-0.0984388515353202,0.0884100198745727,-0.196441650390625,-0.0961934924125671,-0.052711546421051,-0.2571080327033996,-0.0753209963440895,0.1108847260475158,-0.2627941966056824,-0.1030045300722122,0.1143440604209899,-0.1834165453910827,-0.0859577283263206,0.0818802714347839,-0.153089702129364,-0.075272761285305,-0.0225033462047576,-0.194599449634552,-0.0882071405649185,0.1087903380393982,-0.2042232155799865,-0.1076625883579254,0.1152447462081909,-0.1493901014328003,-0.1010760813951492,0.0910735130310058,-0.1272283196449279,-0.0953070297837257,0.3500218391418457,0.3248807489871979,0.2730499804019928,0.2148391157388687,0.1859995126724243,0.1947432160377502,0.1701022386550903,0.1322459131479263,0.0365990027785301,0.0485768057405948,0.0339808575809001,0.1683510243892669,0.1859995126724243,0.0348505489528179,0.1683510243892669,0.1532903462648391
fist,0.0,0.0,0.0,0.0983780920505523,-0.1328680515289306,-0.0104840882122516,0.1281425058841705,-0.2521610260009765,-0.0255753565579652,0.1421816051006317,-0.3368821740150451,-0.0416351333260536,0.144966572523117,-0.4105046391487121,-0.0497738979756832,-0.0471613705158233,-0.3806438446044922,-0.018715001642704,0.0940413177013397,-0.415584921836853,-0.0514847449958324,0.1138918697834014,-0.3206815719604492,-0.0668817535042762,0.094599038362503,-0.2706194519996643,-0.0771317407488823,-0.0653189718723297,-0.3541740775108337,-0.0326116196811199,0.104351133108139,-0.3645150065422058,-0.0646148845553398,0.111206442117691,-0.2698700428009033,-0.0682959109544754,0.0864687263965606,-0.2310460209846496,-0.0691941604018211,-0.0551731288433074,-0.3013473749160766,-0.0498660020530223,0.1116222441196441,-0.2966617941856384,-0.076035626232624,0.109804481267929,-0.2141470313072204,-0.0673986747860908,0.0773716270923614,-0.184892475605011,-0.0614820085465908,-0.0257003009319305,-0.2381747364997863,-0.0694487988948822,0.1049822270870208,-0.2305529117584228,-0.0889763012528419,0.106139451265335,-0.175850510597229,-0.0891046971082687,0.0794139206409454,-0.1602252721786499,-0.0877105519175529,0.3840106725692749,0.3616204559803009,0.3103883564472198,0.2494210302829742,0.1887164413928985,0.1988424062728881,0.1768185049295425,0.1321310400962829,0.0411723628640174,0.0476695299148559,0.0360635295510292,0.1511727720499038,0.1887164413928985,0.0349780358374118,0.1511727720499038,0.1527479737997055
fist,0.0,0.0,0.0,0.1015514433383941,-0.1388454437255859,-0.0043338872492313,0.1351237595081329,-0.2569901943206787,-0.01862165145576,0.152491956949234,-0.343994140625,-0.0368165150284767,0.1493558585643768,-0.4235738515853882,-0.046429730951786,-0.0395159125328063,-0.3976365029811859,-0.0033400363754481,0.1042019426822662,-0.4160146117210388,-0.034831915050745,0.1146900951862335,-0.3243855834007263,-0.0506164394319057,0.0845508873462677,-0.2922649979591369,-0.0626171454787254,-0.0579830110073089,-0.37781423330307,-0.0219881925731897,0.1181413233280181,-0.3711366653442383,-0.0510038174688816,0.1161870658397674,-0.279574990272522,-0.0526971705257892,0.0799168646335601,-0.2543671727180481,-0.0539275370538234,-0.0510646998882293,-0.3283513784408569,-0.044883944094181,0.1222582161426544,-0.3114759922027588,-0.0684460625052452,0.1162970960140228,-0.2284883856773376,-0.0588469095528125,0.0773328244686126,-0.2070072889328003,-0.0545451305806636,-0.0238865315914154,-0.2672035098075866,-0.0705666840076446,0.115041583776474,-0.2418360710144043,-0.089552529156208,0.1129315197467804,-0.1854418516159057,-0.0922356098890304,0.0817056596279144,-0.1757537126541137,-0.0940985158085823,0.3996091187000274,0.3828695714473724,0.3353159725666046,0.2773949205875397,0.1732325106859207,0.1878181993961334,0.1769283860921859,0.1416563540697097,0.0391564629971981,0.0474343486130237,0.0506001785397529,0.1473218649625778,0.1732325106859207,0.0328893586993217,0.1473218649625778,0.1475685089826584
fist,0.0,0.0,0.0,0.1055153906345367,-0.1410566568374633,0.0042201727628707,0.134613424539566,-0.2650122046470642,-0.0048440699465572,0.1520459353923797,-0.3535584807395935,-0.019804848358035,0.14035364985466,-0.4296110868453979,-0.025747962296009,-0.0418874323368072,-0.3989251852035522,0.0116855036467313,0.0991621911525726,-0.428576111793518,-0.0206793453544378,0.1174297630786895,-0.3323437571525574,-0.0408403612673282,0.0907597839832305,-0.2945288419723511,-0.0557691492140293,-0.0618697106838226,-0.388776570558548,-0.0108176069334149,0.1135594546794891,-0.3917763829231262,-0.0453060269355773,0.1224450767040252,-0.2919071912765503,-0.0544723123311996,0.0887565910816192,-0.2619304060935974,-0.0581717677414417,-0.0530758202075958,-0.3506563305854797,-0.0371114239096641,0.1196326911449432,-0.3358484506607055,-0.0634316653013229,0.1202712953090667,-0.2468708157539367,-0.0573511719703674,0.0802402198314666,-0.2230393290519714,-0.0532687455415725,-0.0240620970726013,-0.3011600971221924,-0.0653646066784858,0.1204511821269989,-0.2734667658805847,-0.0832995623350143,0.1284964978694915,-0.2153682708740234,-0.0852569863200187,0.1049409210681915,-0.2080681920051574,-0.0858654305338859,0.4012884497642517,0.3938173353672027,0.3565868139266968,0.3091098964214325,0.1817801147699356,0.2025355547666549,0.1852574497461319,0.1604000180959701,0.0327481813728809,0.0401133894920349,0.0435523055493831,0.146996721625328,0.1817801147699356,0.0317596569657325,0.146996721625328,0.1257476508617401
fist,0.0,0.0,0.0,0.1016805469989776,-0.1429564952850341,-0.0025617855135351,0.1301302015781402,-0.2653370499610901,-0.0156625173985958,0.1471635997295379,-0.3526688814163208,-0.0338073745369911,0.1311350762844085,-0.428581029176712,-0.0420626513659954,-0.0499054789543151,-0.4007292985916137,0.008486189879477,0.0927297174930572,-0.4219022095203399,-0.0295349955558776,0.1121149957180023,-0.3248302936553955,-0.0536677464842796,0.0841584503650665,-0.290226936340332,-0.0704489275813102,-0.0712464749813079,-0.3884972333908081,-0.0119453873485326,0.1054687201976776,-0.3909136354923248,-0.0523895025253295,0.1169979274272918,-0.2895475029945373,-0.0631783232092857,0.0828543603420257,-0.2606194615364074,-0.0662923082709312,-0.0643787682056427,-0.3505308628082275,-0.0373112335801124,0.1102611124515533,-0.3389186859130859,-0.0706057325005531,0.1174792945384979,-0.2485255002975464,-0.0642098262906074,0.0811324417591095,-0.2241088151931762,-0.0571156032383441,-0.0375972092151641,-0.3009713888168335,-0.0651944056153297,0.1080894768238067,-0.2786172032356262,-0.0880716443061828,0.1235986053943634,-0.2228309512138366,-0.0897029265761375,0.105178564786911,-0.2152886986732483,-0.0879704356193542,0.4039140343666076,0.3951567709445953,0.3583415150642395,0.3102380335330963,0.190826267004013,0.2074930816888809,0.1937737315893173,0.1680630594491958,0.0299262534826993,0.0376855954527854,0.0401002615690231,0.1488436758518219,0.190826267004013,0.0319767259061336,0.1488436758518219,0.1246272996068
fist,0.0,0.0,0.0,0.105093240737915,-0.1418274641036987,0.002965870546177,0.1374093294143676,-0.2649409174919128,-0.0079873669892549,0.15418142080307,-0.3489216566085815,-0.0253035146743059,0.1388205885887146,-0.4256443679332733,-0.0329821147024631,-0.0361595749855041,-0.3990548849105835,0.0127740819007158,0.1053498387336731,-0.4162308573722839,-0.0245589334517717,0.120393693447113,-0.324045181274414,-0.0482665039598941,0.0898002386093139,-0.2908293604850769,-0.0651828199625015,-0.0550630688667297,-0.389663815498352,-0.0111892921850085,0.1201480627059936,-0.3864501118659973,-0.0494301356375217,0.126652717590332,-0.2883756160736084,-0.0590519271790981,0.0891061425209045,-0.2616122961044311,-0.0627224519848823,-0.0478789508342742,-0.3545648455619812,-0.0399334616959095,0.1231549382209777,-0.3339640498161316,-0.0690896213054657,0.1261647343635559,-0.2459766864776611,-0.0616623573005199,0.0859783887863159,-0.2238109707832336,-0.0562607385218143,-0.0199662744998931,-0.3072142004966736,-0.0714009627699852,0.1210489273071289,-0.2745400667190552,-0.0915257409214973,0.1291740536689758,-0.2155677080154419,-0.0936677381396293,0.1030119657516479,-0.2071537971496582,-0.094009593129158,0.400893360376358,0.3936940729618072,0.36000457406044,0.3160337209701538,0.1834554970264434,0.1995936334133148,0.1878322213888168,0.1601464450359344,0.0293286889791488,0.0384769663214683,0.0446383282542228,0.1470202952623367,0.1834554970264434,0.031933955848217,0.1470202952623367,0.1256279051303863
fist,0.0,0.0,0.0,0.1046523451805114,-0.139920175075531,0.0002960080455522,0.136110246181488,-0.2630489468574524,-0.0120072681456804,0.1531910896301269,-0.3485356569290161,-0.0300358645617961,0.1356107592582702,-0.4227709472179413,-0.038189023733139,-0.0392393767833709,-0.3974656164646148,0.008684248663485,0.1011115908622741,-0.4146274924278259,-0.0295035950839519,0.1156902313232421,-0.3200961947441101,-0.0527671501040458,0.0840161442756652,-0.2911180853843689,-0.0693845525383949,-0.0599121451377868,-0.3861309885978699,-0.0138896200805902,0.1156302094459533,-0.3784042596817016,-0.0533940494060516,0.1206218600273132,-0.2785839438438415,-0.0620199292898178,0.081326425075531,-0.2573915719985962,-0.0648939236998558,-0.0530838668346405,-0.3472225666046142,-0.04138645529747,0.1181834936141967,-0.3229767680168152,-0.0728771984577179,0.1185826063156127,-0.2327361702919006,-0.0650349110364914,0.0769596099853515,-0.2141374945640564,-0.0589046590030193,-0.0250614881515502,-0.296736478805542,-0.0715404972434043,0.1155102252960205,-0.2624154686927795,-0.093495063483715,0.1207872033119201,-0.2036566138267517,-0.09575816988945,0.0926716923713684,-0.1977260112762451,-0.0959327667951583,0.3994922637939453,0.3909981250762939,0.353686660528183,0.3062656819820404,0.1805448979139328,0.1977968961000442,0.1868952363729477,0.1557535082101822,0.0341303087770938,0.0438845716416835,0.0434429161250591,0.1448020786046981,0.1805448979139328,0.0326407216489315,0.1448020786046981,0.1295506954193115
fist,0.0,0.0,0.0,0.0805916786193847,-0.0297556519508361,-0.0582326240837574,0.165239155292511,-0.114949882030487,-0.0958536863327026,0.170202374458313,-0.207941472530365,-0.1286990046501159,0.1155115365982055,-0.2611007690429687,-0.1567027866840362,0.1543570756912231,-0.2892477512359619,-0.048401404172182,0.1932296156883239,-0.3408113718032837,-0.1140837967395782,0.1709704995155334,-0.3254889845848083,-0.1549288034439087,0.1409413814544677,-0.3227379918098449,-0.1778682917356491,0.0868016481399536,-0.3213078379631042,-0.0461386553943157,0.0977320671081543,-0.3536918759346008,-0.1112790331244468,0.0815202593803405,-0.2593361735343933,-0.1272845268249511,0.0706474184989929,-0.2334871292114257,-0.1268814504146576,0.0226935446262359,-0.3183040022850036,-0.0542250946164131,0.0269551277160644,-0.339779257774353,-0.1163992211222648,0.0278214216232299,-0.2480488419532776,-0.104147583246231,0.0277208089828491,-0.2224675416946411,-0.0842495486140251,-0.0425347983837127,-0.2892564535140991,-0.0681276246905326,-0.0312029421329498,-0.2782312631607055,-0.1080045625567436,-0.0245463848114013,-0.2121415138244629,-0.0991589874029159,-0.0208421945571899,-0.1964562535285949,-0.0842406824231147,0.3314107060432434,0.3360089659690857,0.3236862421035766,0.3001997470855713,0.1343996077775955,0.1203861832618713,0.1005553007125854,0.0966544225811958,0.124525561928749,0.0614947490394115,0.0550904050469398,0.0699557214975357,0.1343996077775955,0.0748111307621002,0.0699557214975357,0.1978775709867477
fist,0.0,0.0,0.0,0.1073110997676849,0.0095838904380798,-0.0933190137147903,0.1793689429759979,-0.0309175848960876,-0.1495257467031479,0.1829263865947723,-0.1443137526512146,-0.1900263875722885,0.1581594049930572,-0.2474934458732605,-0.2241336554288864,0.1872558891773224,-0.2483574748039245,-0.1235235556960105,0.2033410370349884,-0.3029094934463501,-0.1878173947334289,0.1776129305362701,-0.28089439868927,-0.2184118330478668,0.1458514630794525,-0.2473846077919006,-0.2330162674188614,0.1100781857967376,-0.3032757043838501,-0.1004165709018707,0.1280921995639801,-0.33472740650177,-0.1554322391748428,0.1095952689647674,-0.2798663377761841,-0.1665883958339691,0.0968340337276458,-0.2432248592376709,-0.1678364872932434,0.0388451516628265,-0.3091128468513489,-0.0855468586087226,0.0489030182361602,-0.3009945154190063,-0.1349556446075439,0.0467543005943298,-0.2475520372390747,-0.1278807818889618,0.0484826266765594,-0.215240478515625,-0.118225373327732,-0.0241719186305999,-0.2851818799972534,-0.0788670405745506,-0.0093776583671569,-0.2514838576316833,-0.1197416335344314,-0.0041696727275848,-0.2051726579666137,-0.1206850484013557,0.0017718970775604,-0.1860109567642212,-0.1143118292093277,0.3346703946590423,0.3379006385803222,0.3230757713317871,0.2968720197677612,0.1170637607574462,0.0912521556019783,0.0998638421297073,0.1084632948040962,0.0816603675484657,0.0747144296765327,0.0552410446107387,0.0151788694784045,0.1170637607574462,0.0975004732608795,0.0151788694784045,0.2192075699567794
fist,0.0,0.0,0.0,0.0824118852615356,0.049563705921173,-0.1274655759334564,0.1258515119552612,0.0322558879852294,-0.2105698883533477,0.0497719645500183,-0.0748142600059509,-0.2709830105304718,-0.0173067450523376,-0.1846795082092285,-0.3164780437946319,0.2121040821075439,-0.2459186911582946,-0.17741459608078,0.1986110210418701,-0.2205320596694946,-0.2787902057170868,0.1690917015075683,-0.1472704410552978,-0.3175014555454254,0.1522754430770874,-0.1439603567123413,-0.337365061044693,0.1223363876342773,-0.3274384140968323,-0.1569082587957382,0.0550881028175354,-0.25726318359375,-0.2586999237537384,0.044028103351593,-0.1380443572998047,-0.2724761962890625,0.0592609643936157,-0.1516677141189575,-0.2688897550106048,0.0257235169410705,-0.3342323303222656,-0.1493363082408905,-0.0499583184719085,-0.1982630491256714,-0.2433829456567764,-0.0314054489135742,-0.071081519126892,-0.2244692593812942,0.0067297518253326,-0.0844333171844482,-0.1994373947381973,-0.060421347618103,-0.3048363327980041,-0.1527226120233535,-0.1021841168403625,-0.1511904597282409,-0.2236216962337494,-0.0801407396793365,-0.0532716512680053,-0.2232856750488281,-0.0450913906097412,-0.0677271485328674,-0.2110954821109771,0.37005415558815,0.3831478953361511,0.3669799566268921,0.346265971660614,0.1988947391510009,0.2177468687295913,0.2554807960987091,0.244669497013092,0.1157582178711891,0.1100164577364921,0.055681575089693,0.1756486147642135,0.1988947391510009,0.1229805424809455,0.1756486147642135,0.2799126505851745
fist,0.0,0.0,0.0,0.0844561457633972,-0.0127398967742919,-0.0377319306135177,0.1446619033813476,-0.056783378124237,-0.0652988106012344,0.1533499360084533,-0.0977756977081298,-0.0900065600872039,0.1308832764625549,-0.1366921663284301,-0.1118628308176994,0.1070132255554199,-0.1976804137229919,-0.0559335201978683,0.1136727929115295,-0.234825998544693,-0.0947559624910354,0.1292256116867065,-0.2022446393966674,-0.1118425577878952,0.1277934908866882,-0.1605137586593628,-0.1193317398428917,0.0536125898361206,-0.2040324509143829,-0.0573284737765789,0.0574120283126831,-0.2441093921661377,-0.0992117375135421,0.0767521858215332,-0.1758056879043579,-0.1067680865526199,0.0823339819908142,-0.1338886022567749,-0.1057649403810501,0.0027025043964385,-0.1848647594451904,-0.0630115494132042,0.0011691451072692,-0.2113372981548309,-0.1041843444108963,0.0270884335041046,-0.1390296816825866,-0.0959980264306068,0.039826899766922,-0.0996038317680358,-0.0841823071241378,-0.0430268347263336,-0.1503831148147583,-0.0717587247490882,-0.0422094464302063,-0.1391605734825134,-0.1040698513388633,-0.0168386697769165,-0.092457890510559,-0.1017504632472992,0.000245451927185,-0.0724276304244995,-0.0951597392559051,0.2316418290138244,0.218609482049942,0.1953272670507431,0.1720921397209167,0.0763709023594856,0.0899509266018867,0.0953721553087234,0.0921800211071968,0.0544015057384967,0.058720588684082,0.0492518097162246,0.025155508890748,0.0763709023594856,0.05379518866539,0.025155508890748,0.1581122726202011
fist,0.0,0.0,0.0,0.0837960839271545,0.139340341091156,-0.1060457304120063,0.0878326296806335,0.2450667023658752,-0.1927048712968826,-0.0170958042144775,0.29112708568573,-0.2640162110328674,-0.1338708996772766,0.2986425757408142,-0.3368223309516907,0.0576834082603454,-0.0048137307167053,-0.2383033335208892,-0.0306481122970581,0.0252253413200378,-0.3400817811489105,-0.0709272623062133,0.0587914586067199,-0.3942328691482544,-0.0815083980560302,0.0663370490074157,-0.430482804775238,-0.054560899734497,-0.0719087123870849,-0.2342533469200134,-0.153029978275299,0.0619527697563171,-0.3256692290306091,-0.1638898849487304,0.1907939910888672,-0.3344879746437073,-0.1347401142120361,0.2351883053779602,-0.3430743515491485,-0.1556141376495361,-0.0900952517986297,-0.2340911775827407,-0.2464405000209808,0.0805367827415466,-0.3224579989910126,-0.2345889806747436,0.1946316361427307,-0.2994147539138794,-0.1826894879341125,0.2288667559623718,-0.2809656262397766,-0.229410171508789,-0.0727385282516479,-0.2437169104814529,-0.3053115308284759,0.0948178768157959,-0.3082423806190491,-0.29224494099617,0.1939858794212341,-0.2950263321399688,-0.2489628493785858,0.2268464565277099,-0.2837799489498138,0.2452325969934463,0.2510426044464111,0.2951806187629699,0.3425169289112091,0.2477291673421859,0.3355283737182617,0.3235228657722473,0.3028836548328399,0.1974451839923858,0.0787184759974479,0.0663638487458229,0.2558905482292175,0.2477291673421859,0.1308316588401794,0.2558905482292175,0.29506915807724
fist,0.0,0.0,0.0,0.0825883746147155,-0.0217636823654174,-0.140126496553421,0.1103951334953308,-0.0373477935791015,-0.2283298522233963,0.0499802231788635,-0.0142794847488403,-0.2864384353160858,-0.0361925363540649,0.0074973702430725,-0.3254359662532806,0.0042901635169982,-0.3469484448432922,-0.2229829877614975,-0.0005452632904052,-0.1035236120223999,-0.3114540874958038,0.0121095180511474,-0.008927583694458,-0.3392618894577026,-0.0053967237472534,-0.0276150703430175,-0.3558685481548309,-0.1113702952861785,-0.3446239829063415,-0.1867274492979049,-0.0827946960926055,-0.0236121416091918,-0.2816145122051239,-0.0369378924369812,0.0213425159454345,-0.2873700261116028,-0.0239242911338806,-0.045784592628479,-0.2848554849624634,-0.1981659829616546,-0.2854159474372864,-0.1576061397790908,-0.1554521918296814,0.0103564262390136,-0.2333809286355972,-0.1088221073150634,0.0178029537200927,-0.2084391713142395,-0.1025489270687103,-0.0598289966583251,-0.1875742077827453,-0.2648633122444153,-0.192682683467865,-0.1420444995164871,-0.2089755833148956,0.0216590166091918,-0.2122382968664169,-0.1529446542263031,0.0404294729232788,-0.2170895338058471,-0.1349379122257232,-0.0143753290176391,-0.2078636437654495,0.4124476313591003,0.4074753522872925,0.3815385997295379,0.3570095598697662,0.3460147380828857,0.3264673054218292,0.2468404024839401,0.2302309274673462,0.0756059363484382,0.125867873430252,0.0593863911926746,0.0557441264390945,0.3460147380828857,0.1212320476770401,0.0557441264390945,0.3206127882003784
fist,0.0,0.0,0.0,0.0942934155464172,-0.0101668238639831,-0.1249900013208389,0.1390573382377624,-0.0242793560028076,-0.2035798728466034,0.0769786238670349,0.0048439502716064,-0.2583146095275879,-0.0115876793861389,0.0010035634040832,-0.2997109889984131,0.0881169438362121,-0.3525275588035583,-0.1839382350444793,0.1269354820251464,-0.1633703112602234,-0.2808387875556946,0.1162593364715576,-0.074471890926361,-0.3313115239143371,0.0933062434196472,-0.0945469737052917,-0.3637558817863464,-0.0295305848121643,-0.3626227676868438,-0.1591444760560989,0.0245807766914367,-0.0925599336624145,-0.2447297871112823,0.0341895222663879,-0.035323679447174,-0.2622819244861603,0.0259824395179748,-0.0941787958145141,-0.2715021669864654,-0.1192296743392944,-0.3048539161682129,-0.1450795978307724,-0.0696898102760315,-0.0264469385147094,-0.2165395319461822,-0.0527082383632659,-0.0125290751457214,-0.2045208364725113,-0.0634994804859161,-0.0919811725616455,-0.1942656934261322,-0.1921970248222351,-0.217991292476654,-0.1440460830926895,-0.1400096416473388,-0.0071554780006408,-0.2097337245941162,-0.1008358895778656,0.0206822752952575,-0.2172211408615112,-0.0867016315460205,-0.0220920443534851,-0.2130733430385589,0.4072757661342621,0.3971073925495147,0.3580498695373535,0.3243596255779266,0.3145080208778381,0.2962568402290344,0.2254771143198013,0.2329604178667068,0.1142076104879379,0.1182257011532783,0.0760036706924438,0.1556739807128906,0.3145080208778381,0.1206548139452934,0.1556739807128906,0.3134761750698089
fist,0.0,0.0,0.0,0.1138580441474914,0.007896065711975,-0.1196641027927398,0.1841115355491638,-0.0046716332435607,-0.1969131380319595,0.1318715214729309,0.0074684619903564,-0.2541137635707855,0.0409679412841796,-0.0188736319541931,-0.3004012107849121,0.1541706323623657,-0.3459437489509582,-0.1683307886123657,0.2027346491813659,-0.152441143989563,-0.2794785499572754,0.1807866692543029,-0.0821855664253234,-0.3485534489154815,0.1542363762855529,-0.1105597019195556,-0.3932126760482788,0.0423637628555297,-0.3683481216430664,-0.1500394791364669,0.0857015252113342,-0.0960840582847595,-0.2435953021049499,0.0764037370681762,-0.0614396333694458,-0.2710871994495392,0.0612014532089233,-0.1352956295013427,-0.2871229648590088,-0.0539142489433288,-0.31017005443573,-0.1439957916736602,-0.0152896642684936,-0.0388798713684082,-0.2198276370763778,-0.0052756667137146,-0.0296568870544433,-0.2026159465312957,-0.0119117498397827,-0.1164895892143249,-0.1863822191953659,-0.135640263557434,-0.2228486537933349,-0.1513677686452865,-0.091826856136322,-0.0162132978439331,-0.2199042588472366,-0.0666417777538299,-0.001863956451416,-0.2238477021455764,-0.0619925260543823,-0.0665071010589599,-0.2158137559890747,0.4144646227359772,0.3999835848808288,0.3461892604827881,0.3016156554222107,0.3255418837070465,0.2710354328155517,0.2026645988225937,0.1844449937343597,0.1432563811540603,0.1258884668350219,0.0766325518488884,0.1727716475725174,0.3255418837070465,0.1154872477054596,0.1727716475725174,0.3153260350227356
thumbs_up,0.0,0.0,0.0,0.0401999354362487,-0.1033709645271301,-0.0040068496018648,0.0959569215774536,-0.1920310854911804,-0.0231268256902694,0.1268640756607055,-0.2703883051872253,-0.0421880520880222,0.1178489625453949,-0.3427107036113739,-0.0591694861650466,0.1693710088729858,-0.1655765175819397,-0.0422919653356075,0.2457717061042785,-0.0984390974044799,-0.0580940023064613,0.2263084053993225,-0.0712699890136718,-0.0621454454958438,0.1951086521148681,-0.078550100326538,-0.0639497116208076,0.1676366925239563,-0.0887555480003357,-0.0544765330851078,0.2476558089256286,-0.0328925251960754,-0.0581366717815399,0.2234115004539489,-0.0149353742599487,-0.0505750738084316,0.1891301274299621,-0.0256075859069824,-0.0489298999309539,0.157041311264038,-0.0082800388336181,-0.0649667084217071,0.2272298336029052,0.0357180833816528,-0.0632241293787956,0.2011365294456482,0.0447707176208496,-0.0460130497813224,0.1668184399604797,0.0321590304374694,-0.0400841012597084,0.1394204497337341,0.0669678449630737,-0.0757916718721389,0.1833572387695312,0.0927498340606689,-0.0712102055549621,0.1562414765357971,0.0926398634910583,-0.0535464361310005,0.129020869731903,0.080676794052124,-0.0435650795698165,0.2406049221754074,0.1973506957292556,0.1701505333185196,0.1722414940595626,0.0933010280132293,0.0669357776641845,0.0484773591160774,0.0365327186882495,0.0553556457161903,0.0625543072819709,0.0616015158593654,0.2752684950828552,0.0933010280132293,0.0778006017208099,0.2752684950828552,0.2368462532758712
thumbs_up,0.0,0.0,0.0,0.0310941636562347,-0.124305784702301,0.004919035360217,0.0972456037998199,-0.2359821796417236,-0.0017554743681102,0.1321160793304443,-0.332247257232666,-0.0134655646979808,0.1292285025119781,-0.4151695370674133,-0.0251508522778749,0.168434590101242,-0.1951609253883361,-0.0025567011907696,0.2589581310749054,-0.1607930064201355,-0.0123658366501331,0.2672803103923797,-0.1223970055580139,-0.0205609910190105,0.2541511356830597,-0.1115630269050598,-0.0249950028955936,0.177809864282608,-0.1219851970672607,-0.0147269237786531,0.2578679621219635,-0.0901710391044616,-0.0125213535502552,0.2444956600666046,-0.0588154196739196,-0.0124632688239216,0.2144314348697662,-0.0538215637207031,-0.015566412359476,0.1757626235485077,-0.042153000831604,-0.0263254214078187,0.245751291513443,-0.0127671957015991,-0.0184316858649253,0.2255696952342987,0.0101068615913391,-0.0080357063561677,0.1905203163623809,0.0075984001159667,-0.0060170451179146,0.1665694415569305,0.0331817865371704,-0.0379654988646507,0.2223229110240936,0.0518217682838439,-0.0262806396931409,0.2035863101482391,0.0631240010261535,-0.0100389597937464,0.1731680333614349,0.0575140118598938,-0.0008554248488508,0.2578071653842926,0.2161333411931991,0.1826537847518921,0.1740338802337646,0.1218171268701553,0.0773829743266105,0.055726308375597,0.0448637530207634,0.0707151293754577,0.0665983781218528,0.0530971959233284,0.3283026218414306,0.1218171268701553,0.0747709646821022,0.3283026218414306,0.2310793250799179
thumbs_up,0.0,0.0,0.0,0.0475273132324218,-0.1154776811599731,-0.0194096732884645,0.1173001825809478,-0.2299298048019409,-0.041702464222908,0.141546219587326,-0.3361049294471741,-0.0621893107891082,0.1147467792034149,-0.4172676205635071,-0.0796430557966232,0.1883348822593689,-0.163925290107727,-0.0455055013298988,0.3046430349349975,-0.1196781992912292,-0.0701765194535255,0.2918893098831177,-0.0997498631477356,-0.0834748372435569,0.2499454021453857,-0.1056063771247863,-0.0885778442025184,0.1936332583427429,-0.0766944289207458,-0.0476872846484184,0.2986209392547607,-0.0375531911849975,-0.0580215156078338,0.2755625247955322,-0.0265251994132995,-0.0571911260485649,0.2326350212097168,-0.0397373437881469,-0.0584229230880737,0.189696729183197,0.0080184340476989,-0.0500606447458267,0.2878609299659729,0.0369998216629028,-0.0503910742700099,0.2677936553955078,0.0405806303024292,-0.0357498042285442,0.2266933917999267,0.0274299383163452,-0.0293474476784467,0.1791816353797912,0.0790761113166809,-0.0538632906973362,0.2507595419883728,0.0920670628547668,-0.0449348464608192,0.2336193323135376,0.0934150218963623,-0.0253368355333805,0.2043598294258117,0.0850626826286315,-0.01355423592031,0.2537957429885864,0.2136584967374801,0.1963548064231872,0.2031264156103134,0.095142938196659,0.0547924935817718,0.0466325655579566,0.0479019880294799,0.0744828730821609,0.0734311267733573,0.0637945681810379,0.3398399949073791,0.095142938196659,0.0874188542366027,0.3398399949073791,0.2433173209428787
thumbs_up,0.0,0.0,0.0,0.0480885505676269,-0.1380279064178466,-0.006574222818017,0.1205597519874572,-0.2564314007759094,-0.0217563137412071,0.1503205299377441,-0.3648754358291626,-0.0375993438065052,0.1188735961914062,-0.4482809603214264,-0.0511605516076087,0.2039176821708679,-0.1844603419303894,-0.028326541185379,0.3170401453971863,-0.1386207938194275,-0.043334923684597,0.2900517582893371,-0.127467393875122,-0.0511389300227165,0.242077350616455,-0.138020634651184,-0.0531700663268566,0.2085211277008056,-0.0911366939544677,-0.0341116301715374,0.3085752129554748,-0.0516397356986999,-0.0308940596878528,0.2810749411582947,-0.0471773147583007,-0.0238329861313104,0.2397996187210083,-0.0591130256652832,-0.0233208201825618,0.2046587467193603,-0.0046066641807556,-0.0393756218254566,0.2969897985458374,0.0204384922981262,-0.0266955215483903,0.2729989886283874,0.0209630131721496,-0.009872960858047,0.2348646521568298,0.0091647505760192,-0.0053308680653572,0.1972001791000366,0.06599622964859,-0.0457158312201499,0.2716495990753174,0.0770339965820312,-0.0269096810370683,0.2500780820846557,0.0775020122528076,-0.0040010856464505,0.219168484210968,0.0717559456825256,0.0080519439652562,0.2764243483543396,0.2301098853349685,0.2084631025791168,0.212916299700737,0.0650385096669197,0.0460467264056205,0.0475509613752365,0.058367408812046,0.0843953564763069,0.0707802772521972,0.065902404487133,0.3338333070278168,0.0650385096669197,0.0936160385608673,0.3338333070278168,0.2511493563652038
thumbs_up,0.0,0.0,0.0,0.0538844466209411,-0.1459056735038757,0.0133021594956517,0.1254067420959472,-0.271207332611084,0.0047050295397639,0.1566822528839111,-0.3901734948158264,-0.0080310255289077,0.1322996318340301,-0.4788300991058349,-0.0188914574682712,0.2091317176818847,-0.2102953791618347,-0.0085474867373704,0.3278952836990356,-0.1723133325576782,-0.0096158720552921,0.298769474029541,-0.1481898427009582,-0.0082582924515008,0.2522006630897522,-0.1506377458572387,-0.0056555434130132,0.2202764749526977,-0.1219906210899353,-0.0202581081539392,0.3240838050842285,-0.0840470194816589,-0.0013201321708038,0.292495846748352,-0.064194917678833,0.0106170810759067,0.248517096042633,-0.0705556869506836,0.0119637940078973,0.21956467628479,-0.0310903787612915,-0.0288119949400424,0.3083882331848144,-0.0095730423927307,0.0013642396079376,0.2827428579330444,0.0054028630256652,0.0209932345896959,0.2424364686012268,-0.0013485550880432,0.0229146368801593,0.2129765152931213,0.04972904920578,-0.0368215031921863,0.2847466468811035,0.0535778403282165,-0.0020710204262286,0.2623429894447326,0.0594355463981628,0.0260455552488565,0.2297648787498474,0.056242287158966,0.0388146303594112,0.2967040240764618,0.2526139914989471,0.2236188501119613,0.2217832207679748,0.0736364722251892,0.0669427812099456,0.0639010071754455,0.0777502134442329,0.0820801183581352,0.0703315138816833,0.0610744133591651,0.3496593534946441,0.0736364722251892,0.089772343635559,0.3496593534946441,0.2615853548049927
thumbs_up,0.0,0.0,0.0,0.0554543435573577,-0.1398103237152099,0.0062218499369919,0.1273250579833984,-0.2645789980888366,-0.0057721654884517,0.161852478981018,-0.378193199634552,-0.0205111466348171,0.1382762491703033,-0.4612288475036621,-0.0331737659871578,0.2077234983444214,-0.2105219960212707,-0.0254172105342149,0.3274553418159485,-0.162098228931427,-0.0373498052358627,0.3047388792037964,-0.137255311012268,-0.0402962490916252,0.2554747462272644,-0.1412005424499511,-0.038996335119009,0.2169191241264343,-0.1231749057769775,-0.0361517034471035,0.3233529925346374,-0.0770778059959411,-0.0277513321489095,0.2941367626190185,-0.0565205216407775,-0.0164376311004161,0.2492401003837585,-0.0644363164901733,-0.0145610310137271,0.2180127501487732,-0.0298965573310852,-0.0444020815193653,0.3103343844413757,0.0007403492927551,-0.0244820043444633,0.2834842801094055,0.0137616991996765,-0.0030832404736429,0.2414397597312927,0.0054274201393127,0.0018108597723767,0.212403118610382,0.0549805760383605,-0.0526489578187465,0.2870464324951172,0.0661981701850891,-0.0270425900816917,0.2616227269172668,0.0701591372489929,-0.0006282819667831,0.2273616790771484,0.0636675953865051,0.012367426417768,0.296841025352478,0.2520573437213897,0.2244880944490432,0.2256321310997009,0.0852645188570022,0.0704345405101776,0.0627076104283332,0.0672781690955162,0.0808003842830658,0.0721791237592697,0.0608403794467449,0.3408628702163696,0.0852645188570022,0.0884833484888076,0.3408628702163696,0.2669364809989929
thumbs_up,0.0,0.0,0.0,0.0584213733673095,-0.1390938758850097,0.0056841536425054,0.1289012730121612,-0.2612297534942627,-0.0087877428159117,0.1636477708816528,-0.3717159032821655,-0.0258034579455852,0.1422105133533477,-0.4552678763866424,-0.0405227020382881,0.2065705060958862,-0.2083632946014404,-0.0319867096841335,0.3266483545303345,-0.1563127040863037,-0.046357799321413,0.3005160093307495,-0.130580723285675,-0.0498714260756969,0.2509264349937439,-0.1355424523353576,-0.0490516535937786,0.2156087756156921,-0.1243177056312561,-0.0432264804840087,0.3298292756080627,-0.0798754692077636,-0.0387825332581996,0.2989088296890259,-0.0615193247795105,-0.0275231339037418,0.2527826428413391,-0.0707707405090332,-0.0247865747660398,0.216437816619873,-0.0332404375076293,-0.0515598580241203,0.3134890794754028,-0.0005937814712524,-0.0347797982394695,0.2845814228057861,0.0102350115776062,-0.012282432988286,0.240661084651947,0.0007328987121582,-0.005786073859781,0.2096791863441467,0.0504783391952514,-0.059733685106039,0.284676730632782,0.0621489882469177,-0.0359952375292778,0.2592352032661438,0.0659112334251403,-0.0092118699103593,0.2257332801818847,0.0593217015266418,0.0044124340638518,0.2951436638832092,0.252607524394989,0.2249637097120285,0.2237890511751175,0.0869570896029472,0.0677436664700508,0.0619370155036449,0.0667132884263992,0.0691925883293151,0.0749714747071266,0.0613147355616092,0.3378109633922577,0.0869570896029472,0.0852741673588752,0.3378109633922577,0.2603431344032287
thumbs_up,0.0,0.0,0.0,0.0560420751571655,-0.1421642899513244,0.0034091074485331,0.128962904214859,-0.2670493721961975,-0.0108067924156785,0.1623981595039367,-0.3791751265525818,-0.0267406739294528,0.1380626559257507,-0.4629369080066681,-0.040566187351942,0.199207603931427,-0.2093520164489746,-0.0327779948711395,0.3248578906059265,-0.1576431989669799,-0.0461734533309936,0.3007908463478088,-0.1364527940750122,-0.0492703728377819,0.25155109167099,-0.1436514258384704,-0.0479525625705719,0.2081316709518432,-0.1224401593208313,-0.0422901250422,0.3276024460792541,-0.0802392959594726,-0.0368737839162349,0.2999168634414673,-0.0638892650604248,-0.026197949424386,0.2549052238464355,-0.0733906626701355,-0.0241175442934036,0.209958016872406,-0.0305019617080688,-0.0490266419947147,0.3182787299156189,-0.00313001871109,-0.0322206728160381,0.2917506098747253,0.0076108574867248,-0.0098733082413673,0.2483914494514465,1.0669231414794922e-05,-0.0032992733176797,0.2054012417793274,0.051837146282196,-0.0555327609181404,0.2917324900627136,0.056537926197052,-0.0313271470367908,0.2678695321083069,0.0622128844261169,-0.0036041606217622,0.2329538464546203,0.0595247149467468,0.010424549691379,0.2908373177051544,0.2451506555080413,0.2177529633045196,0.2189991921186447,0.0853620246052742,0.0701702311635017,0.06707563996315,0.0718930512666702,0.0742693319916725,0.0765740498900413,0.0629967078566551,0.3389357030391693,0.0853620246052742,0.087885096669197,0.3389357030391693,0.2622516453266144
thumbs_up,0.0,0.0,0.0,0.0592872202396392,-0.1395302414894104,0.0092684449627995,0.1299774646759033,-0.2579128742218017,-0.0038117128424346,0.1642003953456878,-0.3665542006492615,-0.0197108872234821,0.1453518569469452,-0.4489288032054901,-0.0340192019939422,0.2027710974216461,-0.2100154161453247,-0.0290323570370674,0.3253170549869537,-0.1637916564941406,-0.04097905382514,0.3037604391574859,-0.1384480595588684,-0.0441311560571193,0.2574051320552826,-0.1436457633972168,-0.0432501174509525,0.2126624286174774,-0.127070665359497,-0.0410308875143528,0.3307514488697052,-0.0875948071479797,-0.0333797261118888,0.3030692636966705,-0.0676696300506591,-0.0222519803792238,0.2582549154758453,-0.0776926279067993,-0.0204173065721988,0.2152806222438812,-0.0359305739402771,-0.0495008267462253,0.3190741240978241,-0.0073413252830505,-0.028673717752099,0.291277140378952,0.0058785080909729,-0.005561436060816,0.2481386363506317,-0.0024563074111938,2.935243355750572e-05,0.2103728950023651,0.0472457408905029,-0.0574997290968894,0.2924750745296478,0.0536143779754638,-0.0305863209068775,0.2666424810886383,0.0592372417449951,-0.0021909291390329,0.2315793335437774,0.0560380220413208,0.0117983259260654,0.2933691740036011,0.2511091232299804,0.2238014489412307,0.223148226737976,0.0871318131685257,0.0702978298068046,0.068215936422348,0.0730016231536865,0.069798819720745,0.0786187574267387,0.0619217716157436,0.3253288865089416,0.0871318131685257,0.0843897759914398,0.3253288865089416,0.2589430212974548
thumbs_up,0.0,0.0,0.0,0.047133445739746,-0.1560357213020324,0.0760093182325363,0.1099381446838378,-0.25185626745224,0.1021826267242431,0.151779294013977,-0.3279935717582702,0.1150514632463455,0.148005723953247,-0.3833929300308227,0.1258743107318878,0.1914510428905487,-0.2666416764259338,0.0578952357172966,0.303718239068985,-0.2394950985908508,0.0981148406863212,0.3132194578647613,-0.1867653727531433,0.1281642019748687,0.2985995709896087,-0.1627410650253296,0.1469651311635971,0.2194084823131561,-0.1972677111625671,0.0299897175282239,0.3129633367061615,-0.1434786319732666,0.0908935889601707,0.2923437058925628,-0.0954478979110717,0.1210474073886871,0.2578525245189667,-0.0873869061470031,0.1296299397945404,0.2277379333972931,-0.1054193377494812,0.0111186429858207,0.3012686669826507,-0.0624066591262817,0.0834046155214309,0.2817746102809906,-0.0273738503456115,0.1086521744728088,0.2472990453243255,-0.0239652395248413,0.1044389456510543,0.2254336178302765,-0.0126253962516784,-0.0025376481935381,0.2793426215648651,0.0111849904060363,0.0641603544354438,0.2626100480556488,0.0308589339256286,0.0956986621022224,0.232547789812088,0.0297121405601501,0.1054403260350227,0.3333213627338409,0.2965704202651977,0.2511999607086181,0.2258011400699615,0.173809066414833,0.1532315611839294,0.1254036873579025,0.1161994859576225,0.0874018296599388,0.0690526589751243,0.0556764155626297,0.2679749429225921,0.173809066414833,0.0798315927386283,0.2679749429225921,0.2633082270622253
thumbs_up,0.0,0.0,0.0,0.0434643626213073,-0.1316696405410766,0.0690045282244682,0.0947275161743164,-0.191031277179718,0.0912540405988693,0.1343971490859985,-0.2207173705101013,0.0993658378720283,0.1523427367210388,-0.2395660281181335,0.1071824952960014,0.1762992143630981,-0.251811683177948,0.0558745078742504,0.2632802128791809,-0.2337066531181335,0.0814168527722358,0.2725479006767273,-0.1806638240814209,0.1004142016172409,0.2573159337043762,-0.152832806110382,0.11228609085083,0.2073560357093811,-0.2022594809532165,0.0245452523231506,0.2870978713035583,-0.1583192348480224,0.0667386725544929,0.2778926491737366,-0.111164391040802,0.085419587790966,0.2486572265625,-0.0936506390571594,0.088301233947277,0.2232858538627624,-0.1290162801742553,-9.212619625031948e-05,0.2884629368782043,-0.0861526131629943,0.0507158115506172,0.273456335067749,-0.0495335459709167,0.0700713992118835,0.2422676682472229,-0.0400011539459228,0.0671834349632263,0.2264901399612426,-0.0495639443397522,-0.0207701064646244,0.2736561298370361,-0.0172076821327209,0.0262394975870847,0.2570653557777405,0.0074019432067871,0.0512136295437812,0.2251272797584533,0.0122782588005065,0.0606587938964366,0.3124299943447113,0.2907024323940277,0.2578794062137604,0.2327783703804016,0.1397955417633056,0.1325386464595794,0.113181285560131,0.1022593826055526,0.0644420310854911,0.0580090954899787,0.0554030761122703,0.1362647116184234,0.1397955417633056,0.066343568265438,0.1362647116184234,0.2220308035612106
thumbs_up,0.0,0.0,0.0,0.0419937372207641,-0.1231474876403808,0.0344005785882473,0.0866960287094116,-0.2032703161239624,0.0395549833774566,0.1152677536010742,-0.2768134474754333,0.0368054173886776,0.1184864044189453,-0.3312526345252991,0.034700259566307,0.1738802194595337,-0.2106865644454956,0.0191567447036504,0.2429758906364441,-0.1779571175575256,0.0311059169471263,0.2385480999946594,-0.1421088576316833,0.0415598303079605,0.2159843444824218,-0.1302771568298339,0.0476576685905456,0.1893274784088134,-0.1515281200408935,-0.000601137173362,0.2527151703834533,-0.1110357046127319,0.0239639971405267,0.2358410954475402,-0.084667682647705,0.0369726046919822,0.2030335068702697,-0.0823674798011779,0.0380711629986763,0.1923211812973022,-0.0816060304641723,-0.016063030809164,0.2400323748588562,-0.0481231808662414,0.0156961362808942,0.2225311398506164,-0.0302740335464477,0.0316164046525955,0.1901487112045288,-0.035034954547882,0.0301641132682561,0.1851167678833007,-0.0122143626213073,-0.0300389472395181,0.2147857546806335,0.0118799805641174,0.0002239960012957,0.1936509013175964,0.0185726284980773,0.01908147521317,0.1634521484375,0.0076313614845275,0.026099145412445,0.2738432586193084,0.2424995303153991,0.2095351964235305,0.1879354864358902,0.0951353460550308,0.0804151520133018,0.0656546503305435,0.06336160749197,0.0505466349422931,0.0496881008148193,0.050494011491537,0.2237518429756164,0.0951353460550308,0.0642550662159919,0.2237518429756164,0.204786941409111
thumbs_up,0.0,0.0,0.0,0.0424402952194213,-0.119503915309906,0.0178371910005807,0.0859654545783996,-0.2067948579788208,0.0176780559122562,0.106615126132965,-0.2843922972679138,0.0132115064188838,0.0980967283248901,-0.3407087922096252,0.0102562895044684,0.1630921959877014,-0.1810739636421203,0.0081775458529591,0.2277581095695495,-0.1482857465744018,0.0158691313117742,0.2216043472290039,-0.1178468465805053,0.022953450679779,0.1967450380325317,-0.107953131198883,0.0271815545856952,0.1740154027938842,-0.1190353035926818,-0.0042217448353767,0.2330005168914795,-0.0834386348724365,0.0145852630957961,0.2186018228530883,-0.0609722137451171,0.0236353110522031,0.1880991458892822,-0.0616822838783264,0.0232577715069055,0.1747742891311645,-0.0505216717720031,-0.0138162700459361,0.2203245162963867,-0.0239642262458801,0.0106017347425222,0.2047795057296753,-0.0084770321846008,0.0226790737360715,0.1751990318298339,-0.014116883277893,0.0209882445633411,0.1667478084564209,0.0143191218376159,-0.0227514263242483,0.1991683840751648,0.0318459272384643,0.0001149126837844,0.1804988384246826,0.0375980734825134,0.0160560309886932,0.1537438035011291,0.02913099527359,0.0224386900663375,0.2438313364982605,0.2108757644891739,0.1824537813663482,0.1689008474349975,0.0827062427997589,0.06513711810112,0.0503670871257782,0.0493015460669994,0.047234933823347,0.0493358969688415,0.048299167305231,0.2533636689186096,0.0827062427997589,0.0642016679048538,0.2533636689186096,0.1978596001863479
thumbs_up,0.0,0.0,0.0,0.0372814238071441,-0.1159368753433227,0.0110387811437249,0.0806468725204467,-0.2024117112159729,0.0051930574700236,0.1011678874492645,-0.2796179056167602,-0.0035252678208053,0.0874368846416473,-0.335617184638977,-0.0108103789389133,0.1569131910800933,-0.1712303757667541,-0.0038991919718682,0.219857782125473,-0.1351577639579773,0.0003128970856778,0.2063244879245758,-0.1078266501426696,0.0039870683103799,0.1806599199771881,-0.1025596857070922,0.005390468519181,0.1666952073574066,-0.101750910282135,-0.0147741474211215,0.2202015221118927,-0.0696733593940734,0.0029374377336353,0.2022145688533783,-0.0509315729141235,0.0124450474977493,0.1730290949344635,-0.0522811412811279,0.0119354147464036,0.165570467710495,-0.0301036238670349,-0.023061042651534,0.2063020169734954,-0.0099039077758789,0.0002819755172822,0.1893540918827057,0.0010652542114257,0.0138371773064136,0.1609100997447967,-0.0044952034950256,0.0130888875573873,0.1570474803447723,0.034608781337738,-0.0311682261526584,0.185665875673294,0.040748655796051,-0.0083996765315532,0.1664070188999176,0.0434927344322204,0.0096844034269452,0.1421007812023162,0.0370910167694091,0.0173148140311241,0.2322860211133957,0.1958540678024292,0.1698576509952545,0.1638082265853881,0.0732520893216133,0.0565754100680351,0.044545792043209,0.0507953763008117,0.0512737520039081,0.0493122339248657,0.0458373501896858,0.2515329122543335,0.0732520893216133,0.0710024535655975,0.2515329122543335,0.2076376080513
thumbs_up,0.0,0.0,0.0,0.0404445528984069,-0.1138361692428588,0.0040704230777919,0.0833688378334045,-0.2036072611808776,-0.0054816398769617,0.1030605435371398,-0.2816286087036133,-0.0169903934001922,0.086709439754486,-0.336402416229248,-0.0267702247947454,0.1561364531517028,-0.1671977639198303,-0.0107174403965473,0.216102659702301,-0.137140691280365,-0.0128600876778364,0.2062636613845825,-0.1071466207504272,-0.0135455140843987,0.1827208399772644,-0.0983946919441223,-0.0145551525056362,0.1650643944740295,-0.0986698269844055,-0.0203694719821214,0.2187493443489074,-0.0686262845993042,-0.0108647029846906,0.2018724679946899,-0.0483706593513488,-0.0049454299733042,0.1732679605484008,-0.0493792295455932,-0.0060457400977611,0.1635996103286743,-0.029052197933197,-0.0283315628767013,0.2024324536323547,-0.0100544691085815,-0.0119843976572155,0.1856268048286438,0.0019145607948303,-0.0003327567828819,0.1573989391326904,-0.0034471154212951,-0.0003229020803701,0.1544682383537292,0.0352030992507934,-0.0368272922933101,0.1791945695877075,0.043170690536499,-0.0193616151809692,0.160053551197052,0.0462347269058227,-0.0032510673627257,0.1365620493888855,0.0399336814880371,0.0042130118235945,0.2290164828300476,0.1933827847242355,0.1685572266578674,0.1626528352499008,0.0738601386547088,0.0519810616970062,0.0384519658982753,0.0450257323682308,0.0506387464702129,0.0489319525659084,0.0483388453722,0.2569339871406555,0.0738601386547088,0.0697778463363647,0.2569339871406555,0.2040848284959793
thumbs_up,0.0,0.0,0.0,0.0400698482990264,-0.1121708154678344,0.0013436774024739,0.0833459794521331,-0.2040159106254577,-0.0095233777537941,0.1025168895721435,-0.2831822037696838,-0.0221136454492807,0.0811655223369598,-0.338273286819458,-0.0329325683414936,0.1541071534156799,-0.1651980280876159,-0.0115464217960834,0.2168359160423278,-0.1308818459510803,-0.0152655262500047,0.2038898468017578,-0.1024592518806457,-0.0176501516252756,0.178327739238739,-0.0970481038093566,-0.0196601767092943,0.1615379452705383,-0.0966032743453979,-0.0201856140047311,0.2174874544143676,-0.0643615126609802,-0.011718695051968,0.1999427676200866,-0.0457196831703186,-0.0066090459004044,0.170989453792572,-0.0487167835235595,-0.0082938689738512,0.1595845222473144,-0.0269786715507507,-0.0276367831975221,0.2011604309082031,-0.0069313049316406,-0.0124191539362072,0.1841375231742859,0.0040735602378845,-0.0011041639372706,0.1558124423027038,-0.0019842386245727,-0.00100323848892,0.1508700847625732,0.0373872518539428,-0.0358111746609211,0.1794456839561462,0.0444240570068359,-0.0185277238488197,0.1602951288223266,0.0472850203514099,-0.0021407175809144,0.1371049880981445,0.0410375595092773,0.0053979684598743,0.2262138873338699,0.1892991214990615,0.1641915291547775,0.1595055758953094,0.0727796778082847,0.0502380393445491,0.0367191508412361,0.0436004139482975,0.0501892417669296,0.0496731884777545,0.047347854822874,0.2603963315486908,0.0727796778082847,0.0695348307490348,0.2603963315486908,0.2040589451789856
thumbs_up,0.0,0.0,0.0,0.0396434366703033,-0.1133898496627807,0.0024171292316168,0.0814708769321441,-0.204400360584259,-0.0076369289308786,0.099370390176773,-0.2828699946403503,-0.0197260417044162,0.0834344029426574,-0.3375270962715149,-0.0303322244435548,0.1532040536403656,-0.1643969416618347,-0.0113674951717257,0.2147905528545379,-0.134247601032257,-0.0159134119749069,0.2102539837360382,-0.1032120585441589,-0.0186979230493307,0.1897744834423065,-0.0919497013092041,-0.0207700300961732,0.1622563898563385,-0.0968074202537536,-0.0204307697713375,0.2169284522533416,-0.0642603635787963,-0.0133057795464992,0.2013263404369354,-0.0445695519447326,-0.0084004029631614,0.1731796562671661,-0.0458022952079772,-0.0098166354000568,0.1608646214008331,-0.027789831161499,-0.0283317137509584,0.2009434401988983,-0.0058892965316772,-0.0132913580164313,0.1842388212680816,0.0049413442611694,-0.0021400626283138,0.1558454930782318,-0.0008317828178405,-0.0021911922376602,0.1515925824642181,0.0371148586273193,-0.037025548517704,0.1759634912014007,0.0488324165344238,-0.0204835049808025,0.1572284400463104,0.0498905181884765,-0.0055312318727374,0.1338184177875518,0.0412385463714599,0.0011927925515919,0.225004568696022,0.1900427043437957,0.165687620639801,0.1604017317295074,0.0816970393061637,0.053230632096529,0.0378847569227218,0.0423505306243896,0.0502488613128662,0.0487951599061489,0.0476083606481552,0.2677833139896393,0.0816970393061637,0.0687926709651947,0.2677833139896393,0.2031451165676117
thumbs_up,0.0,0.0,0.0,0.0409079790115356,-0.1095755696296691,0.0032617261167615,0.0831914246082305,-0.2009085416793823,-0.0070520457811653,0.101509153842926,-0.2791102528572082,-0.0200594551861286,0.0838439762592315,-0.3332870006561279,-0.0317138992249965,0.1590766310691833,-0.1574002504348755,-0.0082341060042381,0.2185226082801818,-0.1237832903861999,-0.0133670922368764,0.2104524374008178,-0.0945502519607544,-0.0175247900187969,0.1867188811302185,-0.0853824019432067,-0.0204899478703737,0.1659386157989502,-0.0901889204978942,-0.0182182341814041,0.2192083001136779,-0.0527432560920715,-0.0119455540552735,0.2022178769111633,-0.0341147780418396,-0.008172258734703,0.172633409500122,-0.0369716882705688,-0.0101135354489088,0.1633681654930114,-0.022278606891632,-0.0272299256175756,0.2033491134643554,0.0062654018402099,-0.0127521399408578,0.1864331364631652,0.0162981152534484,-0.001899218885228,0.1573657989501953,0.0081555843353271,-0.0019275425001978,0.1535497307777404,0.0410957932472229,-0.037083763629198,0.1802389621734619,0.0590426325798034,-0.0210372935980558,0.1609179973602295,0.0599494576454162,-0.0061930269002914,0.1366989016532898,0.0497618913650512,0.0006093651172704,0.223937526345253,0.1897407919168472,0.1671136170625686,0.1632225215435028,0.0781080648303031,0.0542455539107322,0.040030974894762,0.0421879589557647,0.0514749214053154,0.0483381934463977,0.0465257056057453,0.2686371505260467,0.0781080648303031,0.0682944506406784,0.2686371505260467,0.2006577402353286
thumbs_up,0.0,0.0,0.0,0.0428183376789093,-0.1125116944313049,0.0112129133194684,0.0890566408634185,-0.2013640999794006,0.0047909943386912,0.1097753047943115,-0.2822068929672241,-0.0054638409055769,0.1016077399253845,-0.3401330113410949,-0.0145582323893904,0.1610011458396911,-0.169841468334198,-0.0042087831534445,0.2284353375434875,-0.135502278804779,-0.0064040571451187,0.2229944467544555,-0.1012185215950012,-0.0063782255165278,0.2010958790779113,-0.0908870697021484,-0.006139232777059,0.171716570854187,-0.1038098335266113,-0.0165892783552408,0.2318567037582397,-0.066002070903778,-0.0062179728411138,0.2163662910461425,-0.0418426990509033,0.0009557359735481,0.1878525614738464,-0.0425761342048645,0.000798478606157,0.1724919080734253,-0.0340313911437988,-0.027131225913763,0.2167346477508545,-0.0051177740097045,-0.008427258580923,0.1991742253303527,0.0093512535095214,0.0047297817654907,0.170481264591217,0.0023121833801269,0.0051477556116878,0.1651990413665771,0.0327108502388,-0.037840262055397,0.1936325430870056,0.0515990257263183,-0.0176849272102117,0.173608660697937,0.0556288957595825,-0.0011104427976533,0.1491886973381042,0.0459908246994018,0.0062213977798819,0.2340624034404754,0.2013411670923233,0.1778979897499084,0.172605350613594,0.0885726287961006,0.0656678825616836,0.0486500859260559,0.048724927008152,0.0505713745951652,0.0483284518122673,0.0486040115356445,0.2685001194477081,0.0885726287961006,0.0680314153432846,0.2685001194477081,0.2053682953119278
thumbs_up,0.0,0.0,0.0,0.0404168367385864,-0.1145768761634826,0.0107212578877806,0.0867639183998107,-0.2019277811050415,0.0035912080202251,0.1116814017295837,-0.2794210910797119,-0.0074088107794523,0.1068903803825378,-0.3394795060157776,-0.017602490261197,0.1597391366958618,-0.1804144382476806,-0.0086389947682619,0.2372124195098877,-0.1483789086341858,-0.0125290611758828,0.2441401481628418,-0.112233817577362,-0.0129144508391618,0.2282145023345947,-0.0955181121826171,-0.0129209021106362,0.1745851039886474,-0.1151126623153686,-0.0214302446693182,0.2429550290107727,-0.0701090693473815,-0.0137843415141105,0.2310396432876587,-0.041120171546936,-0.007181238848716,0.2031424045562744,-0.0400019884109497,-0.0066882306709885,0.1767049431800842,-0.0428824424743652,-0.0321672223508358,0.2209710478782653,-0.0083454251289367,-0.014672489836812,0.2049440145492553,0.0105063915252685,-0.0021421683486551,0.1763502359390258,0.0042263269424438,-0.0019959742203354,0.169998824596405,0.030149757862091,-0.0431425347924232,0.1929651498794555,0.0532899498939514,-0.02452995441854,0.1732242703437805,0.0581624507904052,-0.0094947246834635,0.1474736332893371,0.04517263174057,-0.0027391789481043,0.2411236017942428,0.2102145105600357,0.1846571713685989,0.1779603511095047,0.1091540083289146,0.08169736713171,0.0559434182941913,0.0486364290118217,0.0612331293523311,0.0519228391349315,0.0501099824905395,0.2725043594837188,0.1091540083289146,0.0681787431240081,0.2725043594837188,0.2136189043521881
thumbs_up,0.0,0.0,0.0,0.0347643494606018,-0.116566777229309,0.0005550196510739,0.0844694375991821,-0.2136635780334472,-0.0110519248992204,0.1113635003566742,-0.2994292974472046,-0.0252938754856586,0.1075121462345123,-0.3645848631858825,-0.0386588759720325,0.1625571548938751,-0.1957973837852478,-0.0156534723937511,0.2468406856060028,-0.1537830233573913,-0.0274779107421636,0.2549382150173187,-0.1181416511535644,-0.0357582122087478,0.237181156873703,-0.1026005744934082,-0.0404181219637393,0.1777842938899994,-0.130828857421875,-0.0258181486278772,0.2483024299144745,-0.0718092322349548,-0.0281233862042427,0.2314204275608062,-0.0397439002990722,-0.0281183384358882,0.199720412492752,-0.0377367734909057,-0.0299941711127758,0.181690365076065,-0.0576264858245849,-0.0349644161760807,0.2353754937648773,-0.0086889266967773,-0.0271965488791465,0.215919941663742,0.0133170485496521,-0.0168663132935762,0.1845686137676239,0.0081926584243774,-0.0151326656341552,0.1774381697177887,0.0151763558387756,-0.0450663045048713,0.2086010873317718,0.0507413744926452,-0.0332549698650836,0.1886568367481231,0.0620361566543579,-0.0191636104136705,0.1637335121631622,0.0538846850395202,-0.0110567258670926,0.2549636960029602,0.2222386598587036,0.1937903761863708,0.183699756860733,0.1219330802559852,0.0957328006625175,0.0688021928071975,0.0533179529011249,0.0756259113550186,0.0505959875881671,0.0503832884132862,0.2923232913017273,0.1219330802559852,0.067498855292797,0.2923232913017273,0.2135333120822906
thumbs_up,0.0,0.0,0.0,0.0307828485965728,-0.1339566707611084,-0.0424057208001613,0.1084373593330383,-0.3060172200202942,-0.0765595808625221,0.1298051476478576,-0.4423400163650512,-0.1044226959347724,0.0938909649848938,-0.5451741218566895,-0.1277178823947906,0.1632587909698486,-0.2319251298904419,-0.091251254081726,0.3352196216583252,-0.1954297423362732,-0.1445062756538391,0.304584801197052,-0.1709943413734436,-0.1687386780977249,0.2390405535697937,-0.164369523525238,-0.1762297302484512,0.1737504601478576,-0.1154583096504211,-0.0909149795770645,0.3628328442573547,-0.1085381507873535,-0.1315968632698059,0.3187842667102813,-0.0965908169746398,-0.1328955739736557,0.2429873347282409,-0.0887413620948791,-0.1292732954025268,0.1804362535476684,-0.0070732831954956,-0.0927012637257576,0.3415983915328979,-0.0123796463012695,-0.1195532158017158,0.3042366206645965,-0.0063989162445068,-0.1025662273168563,0.2464699149131775,0.0031965970993041,-0.0876301601529121,0.1826428472995758,0.0793879032135009,-0.0969453454017639,0.2992335557937622,0.0709099769592285,-0.1060399860143661,0.2744324803352356,0.0794973373413086,-0.0871916264295578,0.2333960235118866,0.0904786586761474,-0.0731769725680351,0.2979421019554138,0.2275640070438385,0.2029798030853271,0.2214932292699813,0.1323932707309723,0.0835398137569427,0.0670196339488029,0.0571298971772193,0.0891072526574134,0.1009894460439682,0.089431419968605,0.4104070663452148,0.1323932707309723,0.1169389113783836,0.4104070663452148,0.3119679093360901
thumbs_up,0.0,0.0,0.0,0.0122016668319702,-0.0981755852699279,-0.0119045246392488,0.0508756339550018,-0.2073507308959961,-0.0277253277599811,0.0733270943164825,-0.2980518937110901,-0.0427238754928112,0.0696940720081329,-0.3665875792503357,-0.0566554553806781,0.0846368968486785,-0.1690662503242492,-0.0402960553765296,0.1320567429065704,-0.1950430870056152,-0.0629138052463531,0.1465462744235992,-0.1833952069282531,-0.0748014077544212,0.1455603539943695,-0.163886547088623,-0.079476960003376,0.111081451177597,-0.1098019480705261,-0.0436835326254367,0.1834960877895355,-0.1223270297050476,-0.057218287140131,0.1970756947994232,-0.1032648682594299,-0.0601840913295745,0.1921380460262298,-0.0835634469985961,-0.0628570392727851,0.1324755847454071,-0.047400951385498,-0.0463169775903224,0.2045387327671051,-0.0515756011009216,-0.0556536614894866,0.208710104227066,-0.03641277551651,-0.0499956645071506,0.1958549916744232,-0.022325575351715,-0.0463224947452545,0.1467033922672271,0.0098551511764526,-0.0490307845175266,0.2047406136989593,0.0074295997619628,-0.050333384424448,0.2066593468189239,0.014109194278717,-0.0403272919356823,0.1969718635082245,0.0220517516136169,-0.0329127870500087,0.1933147013187408,0.1621844917535781,0.1481279581785202,0.1549936383962631,0.0726198330521583,0.0873284265398979,0.0681595504283905,0.0541799403727054,0.0943265780806541,0.0635396242141723,0.0463725663721561,0.2176332324743271,0.0726198330521583,0.0649849772453308,0.2176332324743271,0.1895822137594223
thumbs_up,0.0,0.0,0.0,0.0286225080490112,-0.1087291240692138,0.0124618364498019,0.0757983326911926,-0.2058568596839904,0.0030325823463499,0.109136015176773,-0.2901333570480346,-0.0108732031658291,0.1103233695030212,-0.3541737198829651,-0.0258441027253866,0.0963727235794067,-0.1974994540214538,-0.0174997188150882,0.1342313289642334,-0.2493601441383361,-0.0376353114843368,0.1636211276054382,-0.2587233781814575,-0.0503899604082107,0.1732977628707885,-0.2504357695579529,-0.0561784096062183,0.1255823373794555,-0.1465842127799987,-0.0353994406759738,0.2277265191078186,-0.1564842462539672,-0.048168271780014,0.2482630610466003,-0.1151419878005981,-0.0490593872964382,0.2346510291099548,-0.0823982954025268,-0.048159759491682,0.1502615809440612,-0.0769838690757751,-0.0508789829909801,0.2547957301139831,-0.0661466717720031,-0.0555231049656868,0.2513458132743835,-0.0363030433654785,-0.0416802242398262,0.2224012613296508,-0.0212557911872863,-0.0324633829295635,0.1653008460998535,0.0009037852287292,-0.0649385899305343,0.2505247592926025,0.0006712675094604,-0.0591785535216331,0.2420070767402649,0.0132526755332946,-0.0397502221167087,0.2125744223594665,0.0161421298980712,-0.0257806535810232,0.2204540222883224,0.1962421387434005,0.1763341426849365,0.1776012629270553,0.1010730266571044,0.1271952688694,0.0929993912577629,0.0632482543587684,0.1790673434734344,0.0643027126789093,0.0392406694591045,0.1250899881124496,0.1010730266571044,0.0613674446940422,0.1250899881124496,0.2153262197971344
thumbs_up,0.0,0.0,0.0,0.0302483439445495,-0.1092671155929565,0.0063858521170914,0.0784579217433929,-0.204550564289093,-0.0063745426014065,0.1114254891872406,-0.2886520624160766,-0.0229086950421333,0.1128857731819152,-0.3569287061691284,-0.039113737642765,0.1137735545635223,-0.1981463432312011,-0.0184375513345003,0.1713480949401855,-0.222500741481781,-0.040977656841278,0.195472240447998,-0.204226016998291,-0.0555387623608112,0.1952582597732544,-0.1802067756652832,-0.0617542490363121,0.1390979886054992,-0.1434457898139953,-0.0335479639470577,0.2367973923683166,-0.13844895362854,-0.0435083471238613,0.2491706013679504,-0.0959645509719848,-0.0444318316876888,0.2303258776664734,-0.0703183412551879,-0.0454542152583599,0.1598720550537109,-0.0728416442871093,-0.0472415909171104,0.2576896548271179,-0.0526337027549743,-0.0487865880131721,0.2512956857681274,-0.0189193487167358,-0.0332998596131801,0.2197644114494323,-0.0066497921943664,-0.0248055607080459,0.1688856482505798,0.0030451416969299,-0.0604804567992687,0.2481433153152465,0.0091679096221923,-0.0536820366978645,0.236531376838684,0.0264352560043334,-0.0329958945512771,0.2056129574775695,0.0324785709381103,-0.0184597223997116,0.2292298823595047,0.2026090174913406,0.1819251030683517,0.1794143915176391,0.0940102189779281,0.1175240874290466,0.0920425504446029,0.0630948841571807,0.1164941936731338,0.0677613094449043,0.0420899279415607,0.1962866783142089,0.0940102189779281,0.06214340031147,0.1962866783142089,0.2127979397773742
thumbs_up,0.0,0.0,0.0,0.0391814112663269,-0.1134496331214904,-0.0034967008978128,0.0882588624954223,-0.2215682864189148,-0.0172501858323812,0.1123333275318145,-0.312131404876709,-0.0325301140546798,0.1015363037586212,-0.3791912794113159,-0.0466750711202621,0.1333191394805908,-0.1924356818199157,-0.0218070708215236,0.2168527245521545,-0.1780222654342651,-0.0406858921051025,0.2407035827636718,-0.1380239129066467,-0.0540674515068531,0.2377532124519348,-0.1086535453796386,-0.0605726949870586,0.1475492119789123,-0.1281924843788147,-0.0302759297192096,0.2455574870109558,-0.1152663230895996,-0.038044523447752,0.2555700540542602,-0.0762150883674621,-0.0413474030792713,0.2377111911773681,-0.0538516640663147,-0.0449538566172122,0.1576731204986572,-0.0538402795791626,-0.0377221293747425,0.2524001598358154,-0.0291504859924316,-0.0381408184766769,0.2502080798149109,-0.0030617713928222,-0.0277159754186868,0.2207404375076294,0.0056772232055664,-0.0226357653737068,0.1607670187950134,0.0187819004058837,-0.0451822243630886,0.2342085838317871,0.0294094681739807,-0.0363948196172714,0.2298938632011413,0.0418627262115478,-0.018302159383893,0.2057112455368042,0.0454916954040527,-0.006354886572808,0.2351191937923431,0.197789579629898,0.1708289980888366,0.1680482923984527,0.139386847615242,0.117775984108448,0.0880194157361984,0.0651226490736007,0.0569841749966144,0.0658011585474014,0.0455646328628063,0.3032142221927643,0.139386847615242,0.0663430914282798,0.3032142221927643,0.2142723649740219
thumbs_up,0.0,0.0,0.0,0.0401760339736938,-0.120903193950653,0.0015578677412122,0.0916267931461334,-0.2315829992294311,-0.0101984404027462,0.1176471710205078,-0.3247408866882324,-0.0259169843047857,0.1075701117515564,-0.3944923877716064,-0.0405232049524784,0.1430026888847351,-0.1941354870796203,-0.0092573137953877,0.2343954443931579,-0.1745129227638244,-0.0245289802551269,0.2593644857406616,-0.129235565662384,-0.0356842428445816,0.2545309662818908,-0.0976809859275817,-0.0412140935659408,0.1568949818611145,-0.1305305957794189,-0.0209452155977487,0.2545292377471924,-0.1175600886344909,-0.0264983214437961,0.2580655217170715,-0.0799759030342102,-0.0286762788891792,0.2337003946304321,-0.0629131197929382,-0.0317036658525466,0.1655297875404358,-0.0568724274635314,-0.0322516560554504,0.2631802558898926,-0.0386800169944763,-0.031278520822525,0.2557207345962524,-0.0116364955902099,-0.0202113986015319,0.2217234969139099,-0.0044060945510864,-0.0151231596246361,0.1677091717720031,0.0174016952514648,-0.0435191094875335,0.2421538829803466,0.0242588520050048,-0.0347959734499454,0.2334362864494323,0.0366259813308715,-0.0173774026334285,0.205451488494873,0.0376384854316711,-0.0061682341620326,0.2412966042757034,0.2051657289266586,0.1779740303754806,0.1741352826356887,0.150874987244606,0.1028928533196449,0.0787644237279892,0.056825153529644,0.0416313037276268,0.0619792789220809,0.0459642894566059,0.3312023282051086,0.150874987244606,0.0661451816558837,0.3312023282051086,0.2157133668661117
thumbs_up,0.0,0.0,0.0,0.0424059033393859,-0.1238408684730529,0.0014149111229926,0.0949803590774536,-0.2380334734916687,-0.0089800795540213,0.1220595240592956,-0.3315241932868957,-0.0232719574123621,0.1108444929122924,-0.4020447134971618,-0.0363705828785896,0.1576042175292968,-0.1895620226860046,-0.0026097812224179,0.2471452355384826,-0.1650372147560119,-0.0140929222106933,0.2666372060775757,-0.1287932395935058,-0.0243505202233791,0.2576242089271545,-0.1049689650535583,-0.0299191195517778,0.1687329411506652,-0.1206715703010559,-0.0131421871483325,0.2630569338798523,-0.0950307846069336,-0.0151979131624102,0.2596988677978515,-0.0660638213157653,-0.0173923335969448,0.2306946516036987,-0.0566315054893493,-0.0210301056504249,0.1743455529212951,-0.0451220273971557,-0.0234976392239332,0.2673783302307129,-0.0220527052879333,-0.0175743103027343,0.2558899521827698,-0.002586007118225,-0.0064629614353179,0.219847023487091,0.0008395910263061,-0.0025711925700306,0.1734454035758972,0.0295845866203308,-0.0342120639979839,0.2460765242576599,0.0385045409202575,-0.0206637661904096,0.2332222461700439,0.0455418825149536,-0.002333088312298,0.2035759091377258,0.0453143715858459,0.0085069285705685,0.2465353161096573,0.2078584879636764,0.1816163808107376,0.1792456954717636,0.1338125020265579,0.0894572660326957,0.0679762512445449,0.0545910783112049,0.0560421757400035,0.0613296777009964,0.0486362017691135,0.3314210474491119,0.1338125020265579,0.0705738961696624,0.3314210474491119,0.2219794690608978
thumbs_up,0.0,0.0,0.0,0.0481110513210296,-0.1336212158203125,0.0056619751267135,0.1067268252372741,-0.2538349032402038,-0.0048949872143566,0.1339548528194427,-0.355591356754303,-0.0199638530611991,0.1149916648864746,-0.4258830547332763,-0.034624483436346,0.1642811596393585,-0.2084178924560547,-0.0042870244942605,0.2499103248119354,-0.1886598467826843,-0.014188339933753,0.2704445421695709,-0.1459097266197204,-0.0238776598125696,0.2639249265193939,-0.1161571741104126,-0.0299937073141336,0.1807464063167572,-0.1370646953582763,-0.0174769815057516,0.2747946679592132,-0.1200558543205261,-0.0161168742924928,0.2700512111186981,-0.0856577157974243,-0.0159302372485399,0.2374880015850067,-0.0723432898521423,-0.0189436245709657,0.1882145702838897,-0.0566297769546508,-0.0295223481953144,0.2782087624073028,-0.0399205088615417,-0.0200075767934322,0.2640823423862457,-0.0147783756256103,-0.0068317418918013,0.2250397503376007,-0.0099220275878906,-0.0030053732916712,0.1865370571613311,0.025110900402069,-0.0416557416319847,0.2537917792797088,0.0313524603843688,-0.025685328990221,0.2385054528713226,0.0414204001426696,-0.0053498684428632,0.2062616646289825,0.0419038534164428,0.0060693542473018,0.2654142081737518,0.2275114059448242,0.1987541764974594,0.1927740424871444,0.1382090896368026,0.0860849544405937,0.065121866762638,0.054302379488945,0.052351426333189,0.0656155571341514,0.0558649189770221,0.343704342842102,0.1382090896368026,0.0744067057967186,0.343704342842102,0.2375446110963821
thumbs_up,0.0,0.0,0.0,0.0496757626533508,-0.1335062980651855,6.552876584464684e-05,0.1110540032386779,-0.2517701387405395,-0.010988681577146,0.1421300768852234,-0.3498502969741821,-0.02555388584733,0.1337316036224365,-0.4252760410308838,-0.0385144390165805,0.187935471534729,-0.1995676159858703,-0.0038877574261277,0.2774040699005127,-0.1700471043586731,-0.0177532192319631,0.2823337316513061,-0.1388646364212036,-0.0298001021146774,0.2565513253211975,-0.1236339807510376,-0.035711795091629,0.2003284096717834,-0.1197662353515625,-0.0135301072150468,0.2904770374298095,-0.0923330187797546,-0.0146497040987014,0.2783429026603699,-0.0670725107192993,-0.0171351227909326,0.2407493591308593,-0.0628281831741333,-0.0214356891810894,0.2040372490882873,-0.0352267622947692,-0.0232864115387201,0.2899176478385925,-0.0146073102951049,-0.0163839198648929,0.27517169713974,0.0017737746238708,-0.0059684715233743,0.2354206442832946,0.0011502504348754,-0.003259188728407,0.1982724666595459,0.0443383455276489,-0.033449575304985,0.2662525773048401,0.0531961917877197,-0.0204242002218961,0.2519670128822326,0.0611525774002075,-0.0024423650465905,0.2212365269660949,0.0599455833435058,0.0084068980067968,0.2741570472717285,0.2337915450334549,0.2083611786365509,0.2059046775102615,0.1071765944361686,0.0702729895710945,0.05205088108778,0.0502284578979015,0.0644271224737167,0.066723458468914,0.0615969002246856,0.3256999850273132,0.1071765944361686,0.081331543624401,0.3256999850273132,0.2459082603454589
thumbs_up,0.0,0.0,0.0,0.0471435785293579,-0.1420068144798278,0.034225508570671,0.1054033935070037,-0.2422603368759155,0.0357767343521118,0.1417297422885894,-0.3140264749526977,0.0295499730855226,0.1353800296783447,-0.3662160038948059,0.0223786886781454,0.162235140800476,-0.2439128160476684,0.0070484355092048,0.2599213719367981,-0.2294214963912964,0.0107638416811823,0.2818396687507629,-0.1839562654495239,0.0152503345161676,0.2746993899345398,-0.1512057185173034,0.0187303982675075,0.1883687973022461,-0.1736796498298645,-0.0146000748500227,0.2932199835777282,-0.1531545519828796,0.0040780743584036,0.290083646774292,-0.1102390885353088,0.0165570434182882,0.256011426448822,-0.0933749079704284,0.019528578966856,0.2018740773200988,-0.0861992239952087,-0.0315853245556354,0.3005770444869995,-0.0705726146697998,-0.003146031172946,0.2888455986976623,-0.0387828350067138,0.0154747916385531,0.2507444620132446,-0.0296984910964965,0.0175538565963506,0.2049583792686462,0.0050216913223266,-0.0461766682565212,0.2772057652473449,0.0077071189880371,-0.0186357647180557,0.2657557129859924,0.0255552530288696,0.0034996969625353,0.2349013686180114,0.0325584411621093,0.0138531122356653,0.2930245399475097,0.2566331624984741,0.2217680811882019,0.2101557552814483,0.1462165564298629,0.1104044467210769,0.0894164815545082,0.072515033185482,0.0607805885374546,0.0639243796467781,0.0643476843833923,0.2562276721000671,0.1462165564298629,0.0780020728707313,0.2562276721000671,0.2581212520599365
thumbs_up,0.0,0.0,0.0,0.0412084758281707,-0.1151012182235717,-0.009757419116795,0.1014589071273803,-0.2296532988548278,-0.0279568489640951,0.1263338327407837,-0.3267040252685547,-0.0471421219408512,0.1137560606002807,-0.4040985107421875,-0.0636622458696365,0.1569178402423858,-0.1716741323471069,-0.0333029218018054,0.2661632597446441,-0.1631421446800232,-0.0612039566040039,0.27460977435112,-0.1535789370536804,-0.0776204317808151,0.2515312731266022,-0.1485140323638916,-0.0832901895046234,0.1608096063137054,-0.0998564958572387,-0.0403304509818553,0.2789112031459808,-0.0924178957939148,-0.0559061244130134,0.2722680270671844,-0.0905481576919555,-0.0559641271829605,0.236107736825943,-0.0868868827819824,-0.0560157895088195,0.1609315574169159,-0.0236678719520568,-0.0479522868990898,0.2719860970973968,-0.0197512507438659,-0.0497667156159877,0.2632496654987335,-0.021933376789093,-0.0346041694283485,0.2287277281284332,-0.0176566839218139,-0.0259435549378395,0.1579080820083618,0.0472554564476013,-0.0569148808717727,0.2509256303310394,0.0441062450408935,-0.046784371137619,0.246083527803421,0.0390095114707946,-0.0274232048541307,0.2198278605937957,0.0407385826110839,-0.0151530569419264,0.2349559515714645,0.1935396492481231,0.1695834845304489,0.1743770241737365,0.1094843298196792,0.0780003145337104,0.0715320855379104,0.0749705135822296,0.0691352561116218,0.0758394673466682,0.0600470602512359,0.2910166382789612,0.1094843298196792,0.072265513241291,0.2910166382789612,0.2202014327049255
thumbs_up,0.0,0.0,0.0,0.0262055099010467,-0.112540066242218,-0.0232270639389753,0.0835166573524475,-0.2331603765487671,-0.0522875189781188,0.1033335328102111,-0.3356218338012695,-0.0778751969337463,0.0789114236831665,-0.4160068035125732,-0.1001120880246162,0.1325028240680694,-0.1866376996040344,-0.0749070420861244,0.2549254894256592,-0.1472762823104858,-0.1037762835621833,0.217706024646759,-0.1380032896995544,-0.1121778339147567,0.1724039912223816,-0.1482304334640503,-0.1134156361222267,0.1325878798961639,-0.0895894765853881,-0.0775277912616729,0.250085711479187,-0.064848244190216,-0.0907784104347229,0.2148580849170684,-0.0681678652763366,-0.0804663524031639,0.1680775880813598,-0.0761287808418273,-0.0763376355171203,0.1311171948909759,-0.003922700881958,-0.079790748655796,0.2322840690612793,0.004012107849121,-0.0818483456969261,0.2004810571670532,0.0012751221656799,-0.0588852949440479,0.1568439602851867,-0.0042958259582519,-0.0485235042870044,0.1312564611434936,0.0679078698158264,-0.0838268399238586,0.2178977131843567,0.0591872930526733,-0.0751565918326377,0.1886630654335022,0.0542462468147277,-0.0504717044532299,0.149372398853302,0.0498108863830566,-0.0372737981379032,0.2408354133367538,0.1778099536895752,0.1535371989011764,0.169901967048645,0.0674546733498573,0.0379753373563289,0.040492545813322,0.0531307235360145,0.0811920240521431,0.0778446793556213,0.0557666271924972,0.2839401960372925,0.0674546733498573,0.097083643078804,0.2839401960372925,0.254704862833023
thumbs_up,0.0,0.0,0.0,0.0436292439699173,-0.1312585473060608,-0.0063574011437594,0.114393338561058,-0.2626683712005615,-0.0230721961706876,0.1434786468744278,-0.371770977973938,-0.041105605661869,0.1223859637975692,-0.4515403509140014,-0.0559104457497596,0.1677436083555221,-0.2295700311660766,-0.033164981752634,0.282950222492218,-0.1895734667778015,-0.0564107000827789,0.2613005638122558,-0.1616947650909423,-0.067762516438961,0.2216474264860153,-0.1628008484840393,-0.0720999464392662,0.1721491366624832,-0.1469542980194091,-0.0437382981181144,0.286623477935791,-0.1137368083000183,-0.05262466147542,0.256534993648529,-0.0986754894256591,-0.0484260655939579,0.2108909636735916,-0.1064698100090026,-0.0475398190319538,0.1736061722040176,-0.0605207681655883,-0.0541487336158752,0.2782037854194641,-0.0388538241386413,-0.0532068535685539,0.2491060346364975,-0.0312056541442871,-0.0346629507839679,0.2050411254167556,-0.0387121438980102,-0.0259850863367319,0.1714351624250412,0.0209412574768066,-0.0654118806123733,0.2571674585342407,0.0208440423011779,-0.0535343438386917,0.2306902259588241,0.0217694044113159,-0.0299101956188678,0.1941904872655868,0.0156011581420898,-0.016405725851655,0.2862520515918731,0.2305296659469604,0.1916610300540924,0.1846815198659896,0.0942320376634597,0.0561638176441192,0.0475075095891952,0.0542947947978973,0.0623865984380245,0.0713437348604202,0.0562088526785373,0.3057538866996765,0.0942320376634597,0.0834060162305831,0.3057538866996765,0.2526052296161651
thumbs_up,0.0,0.0,0.0,0.0419393181800842,-0.1251445412635803,-0.0081303417682647,0.110224962234497,-0.2518907785415649,-0.0257907584309577,0.1400091052055359,-0.3586147427558899,-0.0437054745852947,0.1188700199127197,-0.4359657764434814,-0.0580253638327121,0.1655853390693664,-0.2225526571273803,-0.0384743846952915,0.2847359776496887,-0.178513765335083,-0.0622171722352504,0.2611613273620605,-0.1514150500297546,-0.0726036205887794,0.2177770733833313,-0.1527790427207946,-0.0762501806020736,0.1710622608661651,-0.1398165822029113,-0.0476535037159919,0.2889164686203003,-0.1048764586448669,-0.055060114711523,0.2595096230506897,-0.0895131230354309,-0.0479960478842258,0.213059514760971,-0.0980907678604126,-0.0462696403264999,0.1732730269432068,-0.0522480607032775,-0.0566059239208698,0.2775682210922241,-0.0291119813919067,-0.0556847974658012,0.2475860118865966,-0.0205491185188293,-0.0343173965811729,0.203484296798706,-0.0274033546447753,-0.02440632507205,0.1713316440582275,0.0299804210662841,-0.0664669871330261,0.2570892572402954,0.0303467512130737,-0.0553605556488037,0.2287749052047729,0.0340655446052551,-0.0307345390319824,0.1914438605308532,0.029862642288208,-0.0166073162108659,0.2800508439540863,0.2260129004716873,0.1896249800920486,0.1862020939588546,0.0949702337384224,0.059217631816864,0.0506635420024395,0.0537633895874023,0.0625451505184173,0.0746083110570907,0.0590355060994625,0.300515353679657,0.0949702337384224,0.0834236815571785,0.300515353679657,0.2541447579860687
thumbs_up,0.0,0.0,0.0,0.037425622344017,-0.1255806684494018,-0.0108412420377135,0.1068577915430069,-0.2526471018791199,-0.0282623078674078,0.1370721906423568,-0.3591662049293518,-0.045389924198389,0.1152785569429397,-0.4382076263427734,-0.0583269409835338,0.1654685586690902,-0.2200663685798645,-0.0377404689788818,0.2840524911880493,-0.1737258434295654,-0.0611652769148349,0.2556796669960022,-0.1481947898864746,-0.071785032749176,0.2107439190149307,-0.1526520252227783,-0.0757542997598648,0.1714702099561691,-0.1352242231369018,-0.0456488281488418,0.2852920293807983,-0.0963881611824035,-0.0530379973351955,0.2548091411590576,-0.0822261571884155,-0.0464800968766212,0.2095342427492141,-0.0910569429397583,-0.0450145043432712,0.1737354844808578,-0.0483994483947753,-0.0538799166679382,0.2728699445724487,-0.0231743454933166,-0.0523470938205719,0.2440578788518905,-0.0157634615898132,-0.0322073064744472,0.202608123421669,-0.0233985185623168,-0.0232456438243389,0.172321155667305,0.0314475297927856,-0.063435286283493,0.2536622881889343,0.0368719100952148,-0.0520716309547424,0.2258608192205429,0.0393760204315185,-0.0288192257285118,0.1902610212564468,0.0336633920669555,-0.0157827027142047,0.277908980846405,0.2230951339006424,0.1882274448871612,0.186299666762352,0.0896638333797454,0.0583097040653228,0.0489605404436588,0.0509658455848693,0.0688502192497253,0.0714109018445015,0.0588575229048728,0.3015946745872497,0.0896638333797454,0.0854210257530212,0.3015946745872497,0.2529158294200897
thumbs_up,0.0,0.0,0.0,0.0398860573768615,-0.1286028027534485,-0.0117850033566355,0.1087095439434051,-0.2579505443572998,-0.0306705608963966,0.1364881098270416,-0.3666898608207702,-0.0491338893771171,0.1105257272720336,-0.4441142678260803,-0.0636946931481361,0.1664629280567169,-0.2203128337860107,-0.0402387380599975,0.2842481732368469,-0.1743412613868713,-0.0633973106741905,0.2544512450695038,-0.1517496109008789,-0.0740588679909706,0.2095513939857483,-0.1562200188636779,-0.0784874632954597,0.1704386472702026,-0.1312228441238403,-0.0484935119748115,0.2857304215431213,-0.0931091904640197,-0.0565853901207447,0.2532843649387359,-0.0821495652198791,-0.0500063225626945,0.2057651579380035,-0.0914806127548217,-0.0485845692455768,0.1704114377498626,-0.0427343249320983,-0.0569816604256629,0.2708790898323059,-0.0184015035629272,-0.0555370785295963,0.2409147322177887,-0.0131173729896545,-0.0350166037678718,0.1976850628852844,-0.0210150480270385,-0.0259196702390909,0.1667094230651855,0.0371568799018859,-0.0668181553483009,0.2497031688690185,0.0407763719558715,-0.0547718107700347,0.2216809689998626,0.041242241859436,-0.0305085740983486,0.1846884191036224,0.0346715450286865,-0.0172313768416643,0.2790462374687195,0.2205003052949905,0.1846975684165954,0.1834048181772232,0.0861827731132507,0.0531734488904476,0.0466950200498104,0.0528040714561939,0.0714122503995895,0.0744606032967567,0.0578393973410129,0.3048081398010254,0.0861827731132507,0.0895598903298378,0.3048081398010254,0.2588381171226501
thumbs_up,0.0,0.0,0.0,0.041535198688507,-0.1226899623870849,-0.0076796133071184,0.1084548532962799,-0.2501030564308166,-0.026202255859971,0.1358154714107513,-0.3564751148223877,-0.0462596528232097,0.1121236383914947,-0.4344217181205749,-0.0627951174974441,0.1662856042385101,-0.213172972202301,-0.035645555704832,0.2847331166267395,-0.1781336069107055,-0.0619454756379127,0.2616978287696838,-0.1508776545524597,-0.0748175457119941,0.2180030941963195,-0.1500824093818664,-0.0796098336577415,0.1701931059360504,-0.1314367651939392,-0.0472713448107242,0.2866730690002441,-0.0979711413383483,-0.0578097477555274,0.2588056325912475,-0.0805467367172241,-0.0529541112482547,0.2122842371463775,-0.0874034762382507,-0.0519607961177825,0.17029869556427,-0.0459488034248352,-0.0593776926398277,0.2746537327766418,-0.0226116776466369,-0.0608099289238452,0.245711863040924,-0.0115727186203002,-0.0404505133628845,0.2016817033290863,-0.0173416137695312,-0.030599957332015,0.1666509211063385,0.0346429347991943,-0.0727301090955734,0.254019170999527,0.0406075716018676,-0.0633890554308891,0.2252382040023803,0.0451568365097045,-0.0395181104540824,0.1866059601306915,0.039523422718048,-0.0257775448262691,0.2726980447769165,0.2201724350452423,0.1861146092414856,0.1851008683443069,0.0926713347434997,0.0610948838293552,0.0512973926961422,0.0512500330805778,0.0687446221709251,0.0740092173218727,0.059026826173067,0.3038783073425293,0.0926713347434997,0.082651287317276,0.3038783073425293,0.2505755722522735
thumbs_up,0.0,0.0,0.0,0.0479720532894134,-0.1194527745246887,-0.0124158049002289,0.1051605343818664,-0.2413245439529419,-0.0338017418980598,0.1272372901439666,-0.3486914038658142,-0.0537863373756408,0.115753561258316,-0.4280372262001037,-0.0726465284824371,0.1537566184997558,-0.1938397884368896,-0.0439865291118621,0.2618806064128876,-0.183610200881958,-0.0657868310809135,0.3079147636890411,-0.1723778843879699,-0.0776219591498375,0.3280021846294403,-0.1643840670585632,-0.0817380920052528,0.1590849161148071,-0.1176097989082336,-0.0465460643172264,0.2829658687114715,-0.1162672638893127,-0.0589109696447849,0.3111629784107208,-0.1229600310325622,-0.0568199381232261,0.3079208433628082,-0.1315398216247558,-0.0544230416417121,0.1628385186195373,-0.0433746576309204,-0.04749096930027,0.2720262110233307,-0.0479390621185302,-0.0470247529447078,0.2887704074382782,-0.0594908595085144,-0.029337678104639,0.2782419621944427,-0.0716663599014282,-0.0177729949355125,0.1652574837207794,0.0246859192848205,-0.0495946519076824,0.2520931661128998,0.0119825601577758,-0.0372486598789691,0.2651204168796539,0.0024236440658569,-0.0143223302438855,0.2588660418987274,-0.0085830092430114,0.0016827853396534,0.251296192407608,0.2032402753829956,0.1750803738832473,0.1742959022521972,0.180705115199089,0.1496937721967697,0.1224807500839233,0.111797846853733,0.0472029261291027,0.0762161016464233,0.0688001662492752,0.3385928571224212,0.180705115199089,0.0764588341116905,0.3385928571224212,0.2188999950885772
thumbs_up,0.0,0.0,0.0,0.008650779724121,-0.1195549964904785,-0.0103945964947342,0.058325171470642,-0.2340912818908691,-0.0119771873578429,0.0832817554473877,-0.325995922088623,-0.0095209870487451,0.0670107007026672,-0.3940495252609253,-0.0046867448836565,0.1388285160064697,-0.1303655505180359,0.004312836099416,0.2099841833114624,-0.11635422706604,0.030100654810667,0.2246440052986145,-0.1123374700546264,0.0507925376296043,0.2222703099250793,-0.1116818189620971,0.065034344792366,0.1515553593635559,-0.0548002123832702,0.0199239253997802,0.215258240699768,-0.0489441156387329,0.0556810013949871,0.2366216778755188,-0.0524855256080627,0.077678844332695,0.2395341992378235,-0.0550503134727478,0.089496299624443,0.1514366269111633,0.0098927021026611,0.0366136990487575,0.2080784440040588,0.0060495138168334,0.0739044547080993,0.2285376787185669,0.0003525018692016,0.0949281677603721,0.2316850423812866,-0.0081911087036132,0.104609191417694,0.1433706283569336,0.0607586503028869,0.0523207299411296,0.1925325989723205,0.0521967411041259,0.0862944424152374,0.206665813922882,0.0446406602859497,0.1093184202909469,0.2062996625900268,0.0384974479675293,0.1239624321460723,0.1904918253421783,0.1623855084180832,0.1561136841773986,0.1642687171697616,0.1048747673630714,0.1121635138988494,0.1067249700427055,0.0979191362857818,0.0640590041875839,0.0498577356338501,0.0565578155219554,0.3296939432621002,0.1048747673630714,0.0782035738229751,0.3296939432621002,0.1971137970685959
thumbs_up,0.0,0.0,0.0,0.0249136686325073,-0.1262934207916259,-0.0145950391888618,0.0757968425750732,-0.2422806024551391,-0.0224536545574665,0.1122170090675354,-0.3427381515502929,-0.0303765777498483,0.0990676283836364,-0.4229627847671509,-0.0352499037981033,0.2024853229522705,-0.1465346813201904,0.0428654104471206,0.2646109461784363,-0.1408670544624328,0.0704135000705719,0.2327625155448913,-0.1442592740058899,0.077780432999134,0.1946150064468383,-0.1494535207748413,0.081205315887928,0.2107132673263549,-0.0740429162979126,0.0595458149909973,0.2686711549758911,-0.0735732913017273,0.1019666343927383,0.2414350509643554,-0.0843064188957214,0.1089351624250412,0.2076918482780456,-0.0881678462028503,0.107787124812603,0.2032786011695861,-0.0093346834182739,0.0745880678296089,0.2599122524261474,-0.0139325261116027,0.123464286327362,0.2394871115684509,-0.0244091749191284,0.1315119713544845,0.2065117359161377,-0.0322009921073913,0.1266964673995971,0.1891353726387024,0.047142744064331,0.0873165279626846,0.231008768081665,0.0304366946220397,0.1367463916540146,0.2128108739852905,0.0164536237716674,0.1577581912279129,0.1874256730079651,0.011686086654663,0.1654482334852218,0.2535944879055023,0.2311452776193618,0.2167318761348724,0.2135855853557586,0.0392480604350566,0.0503573901951313,0.056996539235115,0.0858175978064537,0.068070039153099,0.0590867549180984,0.0615796446800231,0.3122473955154419,0.0392480604350566,0.0748397707939148,0.3122473955154419,0.1991609185934066
thumbs_up,0.0,0.0,0.0,0.0322932600975036,-0.1281207203865051,-0.0126156527549028,0.082862377166748,-0.2438389062881469,-0.0222404897212982,0.1158856153488159,-0.3449007272720337,-0.0333536900579929,0.1010291576385498,-0.4210863709449768,-0.0415003933012485,0.2065520286560058,-0.1397909522056579,0.0387038700282573,0.2660496830940246,-0.1359727382659912,0.054385483264923,0.2375913262367248,-0.1420788764953613,0.0534999743103981,0.2019739747047424,-0.1472111940383911,0.0519814677536487,0.2137289047241211,-0.0659621953964233,0.0484869331121444,0.2731832265853882,-0.070359468460083,0.0777451694011688,0.2476257085800171,-0.0812708139419555,0.0786236077547073,0.2173892855644226,-0.0825437903404235,0.0739570707082748,0.2046688199043274,0.0001429319381713,0.056045401841402,0.2642217874526977,-0.0080780982971191,0.090512603521347,0.2452645897865295,-0.018335223197937,0.0949038192629814,0.2133957743644714,-0.0229323506355285,0.0898955538868904,0.1888750195503235,0.0600275993347168,0.0617058426141738,0.2383658289909362,0.0440768003463745,0.0986758917570114,0.2235563397407531,0.0288653373718261,0.1165196597576141,0.200208842754364,0.0250420570373535,0.1236385479569435,0.2523950040340423,0.2288712263107299,0.2122037559747696,0.2075685411691665,0.0158843677490949,0.0306116919964551,0.0418862886726856,0.0720284953713417,0.0700173676013946,0.0618345141410827,0.0601167902350425,0.3064903318881988,0.0158843677490949,0.0748191252350807,0.3064903318881988,0.2019134014844894
thumbs_up,0.0,0.0,0.0,0.0269752144813537,-0.1314039230346679,0.0010468736290931,0.0782320499420166,-0.2464771270751953,-0.0038258307613432,0.1136289834976196,-0.3476269841194153,-0.013224484398961,0.0963421463966369,-0.4271642565727234,-0.0209963824599981,0.1957521438598632,-0.1565351486206054,0.0373601615428924,0.2573528289794922,-0.1591545939445495,0.051523134112358,0.2293118834495544,-0.1533105969429016,0.0505986250936985,0.1939156055450439,-0.1491995453834533,0.0483878813683986,0.2126266956329345,-0.0821719169616699,0.0375301055610179,0.2695614695549011,-0.0928391218185424,0.0637829899787902,0.2435784935951233,-0.0960364937782287,0.064318336546421,0.2099725604057312,-0.090711772441864,0.0587394870817661,0.2120309472084045,-0.0134779810905456,0.0373235307633876,0.2678691148757934,-0.0290600657463073,0.0687202215194702,0.2470942139625549,-0.0322489142417907,0.0738486051559448,0.2132549881935119,-0.0302441716194152,0.0687168315052986,0.2034844756126403,0.0496115088462829,0.03623603656888,0.2481167316436767,0.0324559807777404,0.0698859244585037,0.2304728627204895,0.0222879648208618,0.087950475513935,0.2034243941307068,0.0221021175384521,0.095154121518135,0.2534125745296478,0.2310213148593902,0.2157123684883117,0.2125565409660339,0.0133714079856872,0.0230176337063312,0.0356109924614429,0.0650239288806915,0.0615288652479648,0.0613730587065219,0.0594617947936058,0.3026534914970398,0.0133714079856872,0.0762539803981781,0.3026534914970398,0.2062946856021881
thumbs_up,0.0,0.0,0.0,0.0263619422912597,-0.1353978514671325,0.0119265792891383,0.0788277983665466,-0.2487618327140808,0.0140593852847814,0.1149269342422485,-0.3487949967384338,0.0097421230748295,0.1001656055450439,-0.4257820844650268,0.0066523691639304,0.1960023641586303,-0.1646178364753723,0.0555430427193641,0.258873701095581,-0.1601050496101379,0.0762738361954689,0.2356497645378112,-0.1533308625221252,0.0786243230104446,0.2041805386543274,-0.1528350114822387,0.0785795077681541,0.2121055126190185,-0.0874198079109191,0.0529270432889461,0.2688614130020141,-0.0948106050491333,0.0878771170973777,0.2450120449066162,-0.0976080894470214,0.0917537063360214,0.2135564684867859,-0.0938975811004638,0.0876462385058403,0.2103948593139648,-0.0149906277656555,0.050057515501976,0.2669978737831116,-0.0282089114189147,0.0895039737224578,0.2466956973075866,-0.0318697690963745,0.097523309290409,0.2136762142181396,-0.032555878162384,0.093109905719757,0.1998599767684936,0.0532561540603637,0.0469510741531848,0.2454006075859069,0.0431229472160339,0.0877153053879737,0.2286696434020996,0.0330340266227722,0.1083585992455482,0.2018497586250305,0.0293151140213012,0.1165579780936241,0.2619179189205169,0.2354405224323272,0.2167866975069046,0.2120958119630813,0.02713661827147,0.0353481136262416,0.0466134436428546,0.0736359506845474,0.0603633522987365,0.0615846589207649,0.0672138109803199,0.3008200824260711,0.02713661827147,0.0789030417799949,0.3008200824260711,0.218077465891838
thumbs_up,0.0,0.0,0.0,0.0301437079906463,-0.1611332893371582,0.0113847022876143,0.0972352921962738,-0.2881761789321899,0.0248527806252241,0.1329195201396942,-0.3901056051254272,0.0337337665259838,0.1167523562908172,-0.4682304263114929,0.043554987758398,0.2182477414608001,-0.2057740092277526,0.068982645869255,0.2482571899890899,-0.219366192817688,0.1051704809069633,0.212387353181839,-0.2082681059837341,0.1127695217728614,0.1834711730480194,-0.2017861604690551,0.1121808439493179,0.2351946532726287,-0.1226028203964233,0.0694371461868286,0.2600483000278473,-0.1465694308280944,0.1156849712133407,0.2297554910182953,-0.1471163630485534,0.1148282140493393,0.197581797838211,-0.1405741572380066,0.1044796034693718,0.2308941185474395,-0.0411900877952575,0.0706981793045997,0.2567303478717804,-0.0731246471405029,0.1122686490416526,0.2332401573657989,-0.0743112564086914,0.1086636781692504,0.1987948715686798,-0.071449875831604,0.0956534221768379,0.2178435027599334,0.0351658463478088,0.0727087631821632,0.2466911375522613,-0.001428484916687,0.1112228035926818,0.2259298861026764,-0.008294403553009,0.1271132379770279,0.1957204639911651,-0.0054195523262023,0.1322744786739349,0.3077882826328277,0.2741705477237701,0.2449631541967392,0.2323337942361831,0.0556003339588642,0.0544579625129699,0.0506831370294094,0.0753968060016632,0.0632876604795456,0.0696960464119911,0.0755682289600372,0.2831138372421264,0.0556003339588642,0.0848813951015472,0.2831138372421264,0.2409690022468567
thumbs_up,0.0,0.0,0.0,0.051255464553833,-0.1394881606101989,0.0076367165893316,0.1206980347633361,-0.2535179853439331,0.0047989655286073,0.1493669152259826,-0.3545300960540771,-0.0022997166961431,0.1302839517593383,-0.4348278641700744,-0.0075220759026706,0.225359559059143,-0.2139487266540527,0.0167917367070913,0.2690578699111938,-0.1676081418991089,0.0209019873291254,0.2345795631408691,-0.1457627415657043,0.0178339555859565,0.1970162391662597,-0.1551224589347839,0.0134848412126302,0.2397689819335937,-0.1278472542762756,0.0058742118999361,0.2755278944969177,-0.0905281901359558,0.0218523573130369,0.2437672019004821,-0.0783979892730712,0.0214595254510641,0.2034084796905517,-0.0873214602470398,0.0152817415073513,0.2365962862968444,-0.0376937389373779,-0.0037543822545558,0.2585427761077881,-0.0073389410972595,0.0158197693526744,0.2300876975059509,0.0011042952537536,0.021002072840929,0.1917127966880798,-0.0124266147613525,0.0167347397655248,0.221547245979309,0.0470390915870666,-0.0136519726365804,0.2351259589195251,0.067251443862915,0.0062325922772288,0.2081510424613952,0.0675544142723083,0.02116827853024,0.1774615049362182,0.0537919402122497,0.0284958109259605,0.3111959993839264,0.2717877626419067,0.2396095097064972,0.2268969714641571,0.0653820261359214,0.0552533045411109,0.0554324761033058,0.061364397406578,0.0681253671646118,0.0758164748549461,0.068748228251934,0.2883220314979553,0.0653820261359214,0.0879789069294929,0.2883220314979553,0.2627850770950317
thumbs_up,0.0,0.0,0.0,0.0643650889396667,-0.1374688148498535,0.0315328724682331,0.1395721435546875,-0.1874374747276306,0.0382267758250236,0.196059763431549,-0.1775041818618774,0.0377938896417617,0.2277197241783142,-0.1415758728981018,0.039710845798254,0.2119408249855041,-0.2310656905174255,0.0156398545950651,0.2832457423210144,-0.1739171743392944,0.0199676342308521,0.2729306817054748,-0.1260433793067932,0.0278961118310689,0.2438269257545471,-0.1154078841209411,0.0335806235671043,0.2315941452980041,-0.1453538537025451,-0.006229808088392,0.2973175644874573,-0.0933465361595153,0.007157799322158,0.2759698629379272,-0.0584298372268676,0.0151212271302938,0.2390584349632263,-0.0590537190437316,0.0174967814236879,0.2346826791763305,-0.0486577153205871,-0.0245499890297651,0.2775822877883911,-0.0078478455543518,-0.0069922944530844,0.2497867345809936,0.0130776166915893,0.0044159446842968,0.2141155004501342,0.0046352744102478,0.0056148120202124,0.2213145494461059,0.045942485332489,-0.0411665774881839,0.2447074055671692,0.0827028155326843,-0.0233796369284391,0.2168750762939453,0.089146077632904,-0.0079988334327936,0.1851276755332946,0.0759074687957763,0.000716361857485,0.3139345049858093,0.2735002636909485,0.2409278601408004,0.2297510057687759,0.1213067322969436,0.0898130238056182,0.0645992830395698,0.0629410073161125,0.0587981306016445,0.0694234743714332,0.077097438275814,0.0313334539532661,0.1213067322969436,0.0906148627400398,0.0313334539532661,0.2829281985759735
thumbs_up,0.0,0.0,0.0,0.0562181770801544,-0.1331713795661926,0.026962898671627,0.1225291788578033,-0.1999410986900329,0.0290879160165786,0.1591732203960418,-0.2463045120239257,0.0265087652951478,0.1520403921604156,-0.2831779718399048,0.0246869008988142,0.2081591188907623,-0.2275120019912719,-0.0020219918806105,0.2763350307941437,-0.166812777519226,0.0076084560714662,0.2558205425739288,-0.1243020892143249,0.0195857062935829,0.2220697700977325,-0.1246355772018432,0.0258033126592636,0.2276361882686615,-0.1387748122215271,-0.0225986149162054,0.2882339060306549,-0.0838460326194763,-0.0015089066000655,0.2619241774082184,-0.0506669282913208,0.0115124136209487,0.2238262593746185,-0.054067313671112,0.0139055149629712,0.2283296883106231,-0.0405888557434082,-0.0379262156784534,0.271544486284256,-0.0027763843536376,-0.0132689997553825,0.2431986629962921,0.0208138227462768,0.0021624180953949,0.208500474691391,0.0124944448471069,0.0025324209127575,0.2124578058719635,0.0516990423202514,-0.0516931861639022,0.2380762994289398,0.0800569653511047,-0.0293234400451183,0.2111213505268097,0.0894314050674438,-0.0105873374268412,0.1809709966182708,0.078123927116394,-0.0016923635266721,0.3083764314651489,0.2675581872463226,0.2349900007247924,0.2246848791837692,0.107477031648159,0.0923169925808906,0.0696271136403083,0.0647284835577011,0.0715857669711113,0.0692437291145324,0.0712948068976402,0.1733235418796539,0.107477031648159,0.093150645494461,0.1733235418796539,0.2836274206638336
thumbs_up,0.0,0.0,0.0,0.0450469255447387,-0.141148567199707,0.010636786930263,0.1054052710533142,-0.2440760135650634,0.0004566876741591,0.1306204795837402,-0.3427320718765259,-0.0123014440760016,0.1174699664115905,-0.4259433150291443,-0.0235195159912109,0.2080451846122741,-0.233837604522705,-0.0148258386179804,0.2701737880706787,-0.1652642488479614,-0.0084701683372259,0.2445025444030761,-0.1236264109611511,-0.000790208694525,0.2113348841667175,-0.1266207695007324,0.0005755395395681,0.2254015803337097,-0.146770179271698,-0.0309399385005235,0.2831942439079284,-0.0876252651214599,-0.013107419013977,0.2536691427230835,-0.0557591319084167,-0.0035754872951656,0.2150121927261352,-0.0613865852355957,-0.0052321464754641,0.22573983669281,-0.049091100692749,-0.0428079143166542,0.2629538774490356,-0.0062490701675415,-0.0197646729648113,0.233252465724945,0.0136457681655883,-0.0043707867152988,0.1970154643058776,0.001245379447937,-0.0059446981176733,0.2122661471366882,0.0431481003761291,-0.0544415712356567,0.2322434782981872,0.0686935186386108,-0.0345862358808517,0.2016116380691528,0.0741695165634155,-0.01599857583642,0.1701425909996032,0.0596145391464233,-0.008217760361731,0.3133410811424255,0.2707482874393463,0.2349487692117691,0.2233440428972244,0.108367308974266,0.0897729769349098,0.0686858594417572,0.0646697580814361,0.0655953586101532,0.0651701837778091,0.0642983391880989,0.3146190941333771,0.108367308974266,0.090231068432331,0.3146190941333771,0.2798362076282501
thumbs_up,0.0,0.0,0.0,0.05154350399971,-0.1407126188278198,0.0176313407719135,0.1120700538158416,-0.2423495650291443,0.0087848054245114,0.1381714046001434,-0.3433464765548706,-0.0045410841703414,0.1235582530498504,-0.4270533919334411,-0.0158253647387027,0.213590532541275,-0.2302145361900329,-0.0086886081844568,0.2771749794483185,-0.1641443967819214,-0.0050808927044272,0.249310165643692,-0.1232330203056335,0.0009086063946597,0.2136003673076629,-0.1247004270553588,0.002195785054937,0.2293066084384918,-0.1447579264640808,-0.0285511631518602,0.2873968183994293,-0.0797855854034423,-0.0111978100612759,0.2561894357204437,-0.0503259897232055,-0.0002885212306864,0.216394692659378,-0.0576683282852172,-0.0009046296472661,0.2283807098865509,-0.0487140417098999,-0.0442925617098808,0.2659612596035003,0.0016521215438842,-0.022403510287404,0.2362362444400787,0.0208432674407959,-0.0071735037490725,0.2000258862972259,0.0062485933303833,-0.0084455106407403,0.2150346338748932,0.0440086722373962,-0.0593205615878105,0.233413428068161,0.0819235444068908,-0.0401708111166954,0.202358990907669,0.0870929360389709,-0.0225811675190925,0.1708495318889618,0.0678819417953491,-0.0153311667963862,0.3141578137874603,0.2726747989654541,0.2376818060874939,0.2273666262626648,0.1060740202665329,0.0922802612185478,0.0714835524559021,0.0667631849646568,0.0671619176864624,0.0664091482758522,0.0685371533036232,0.3159899711608886,0.1060740202665329,0.0891310721635818,0.3159899711608886,0.2788620591163635
thumbs_up,0.0,0.0,0.0,0.053255021572113,-0.1420888304710388,0.0140808401629328,0.1133898496627807,-0.2421441674232483,0.002779406029731,0.1389790177345276,-0.3434612154960632,-0.0120686320587992,0.1238477826118469,-0.4269289076328277,-0.0248578302562236,0.2159395217895507,-0.2338250279426574,-0.0177833586931228,0.2834697961807251,-0.1672629714012146,-0.015660909935832,0.2552765011787414,-0.1273657083511352,-0.0092522874474525,0.2190806269645691,-0.1308032870292663,-0.007633205037564,0.2317175269126892,-0.144483745098114,-0.0359911993145942,0.2913538217544555,-0.0842759013175964,-0.0218441803008317,0.2585006952285766,-0.0575163960456848,-0.0109355580061674,0.2165833115577697,-0.0655856728553772,-0.0109278978779912,0.2307155728340149,-0.0468289852142334,-0.049851831048727,0.2679342627525329,-0.0014120936393737,-0.0290786549448966,0.2379425168037414,0.0151008367538452,-0.0131871225312352,0.2008675932884216,0.0012750029563903,-0.0136722484603524,0.2175493836402893,0.0454126596450805,-0.0632208585739135,0.236484944820404,0.0773892402648925,-0.0439655184745788,0.2058812975883484,0.0801191926002502,-0.0258364882320165,0.1744834184646606,0.0623859167098999,-0.0180973503738641,0.3187793493270874,0.2754340767860412,0.2406404614448547,0.2310561090707779,0.1035681962966919,0.0841553285717964,0.0671852454543113,0.0646444112062454,0.0653485208749771,0.068737655878067,0.0667101964354515,0.3115386962890625,0.1035681962966919,0.0925328880548477,0.3115386962890625,0.2829149067401886
thumbs_up,0.0,0.0,0.0,0.0477960109710693,-0.1403557062149047,0.0127104446291923,0.1085946559906005,-0.2384531497955322,0.006808559410274,0.1377485990524292,-0.3289823532104492,-0.0025219270028173,0.132263958454132,-0.4035722315311432,-0.0101284412667155,0.2190120816230774,-0.2313700914382934,-0.0103586157783865,0.2777957916259765,-0.1785187721252441,-0.0104882819578051,0.2567266225814819,-0.1381915807723999,-0.0065827597863972,0.2222334146499633,-0.1332710981369018,-0.0050070583820343,0.2399635910987854,-0.1407114267349243,-0.0268036723136901,0.2927061915397644,-0.0873988270759582,-0.0160107631236314,0.2618686556816101,-0.0584854483604431,-0.0070858430117368,0.2188979983329773,-0.0600550174713134,-0.0052981884218752,0.2409510612487793,-0.0436998009681701,-0.0401835106313228,0.2723694443702698,-0.0010479688644409,-0.0234523862600326,0.2415754199028015,0.0179381370544433,-0.0100701544433832,0.2038094997406005,0.0077452063560485,-0.0093183387070894,0.2252425551414489,0.0498629212379455,-0.0534592345356941,0.2361164689064026,0.0835362672805786,-0.0369587913155555,0.2063852548599243,0.0864531397819519,-0.0214981101453304,0.174947440624237,0.068066656589508,-0.0138619653880596,0.3187565207481384,0.2794649600982666,0.248156800866127,0.2368088066577911,0.0982976481318473,0.0860912352800369,0.0705602094531059,0.0665501207113266,0.0732925906777381,0.0695751011371612,0.0670249238610267,0.2849270701408386,0.0982976481318473,0.0944902002811431,0.2849270701408386,0.2845847904682159
thumbs_up,0.0,0.0,0.0,0.0242598056793212,-0.1063190102577209,-0.0204123836010694,0.0784924626350402,-0.2298746705055236,-0.0455528385937213,0.1006577908992767,-0.3364443778991699,-0.0682103261351585,0.0848847925662994,-0.4138283133506775,-0.0873957499861717,0.1273792386054992,-0.1722253561019897,-0.0613720715045928,0.2517862319946289,-0.1479383707046508,-0.0914255157113075,0.2358372211456298,-0.1304767727851867,-0.1015884727239608,0.1944681704044342,-0.12834233045578,-0.1024350002408027,0.137915551662445,-0.0963116288185119,-0.0639509335160255,0.2670986652374267,-0.0924606323242187,-0.0835924372076988,0.2420242726802826,-0.0797473192214965,-0.0794749855995178,0.1968773603439331,-0.0766043663024902,-0.074541687965393,0.1441535353660583,-0.0223574638366699,-0.0662683546543121,0.2634458839893341,-0.0204277038574218,-0.0751169621944427,0.2390919625759124,-0.0097894668579101,-0.056468304246664,0.1990426182746887,-0.0050090551376342,-0.0438142530620098,0.1459843814373016,0.0418248176574707,-0.069749116897583,0.2406191229820251,0.0376818180084228,-0.0665481388568878,0.2203589081764221,0.048438549041748,-0.0462863184511661,0.1896159052848816,0.0555174350738525,-0.0328302606940269,0.2228308171033859,0.179962083697319,0.1602235734462738,0.1671098321676254,0.0900711342692375,0.0630637407302856,0.0617896877229213,0.058772437274456,0.0588273592293262,0.0779406949877739,0.062233168631792,0.3061648905277252,0.0900711342692375,0.076684795320034,0.3061648905277252,0.215020477771759
thumbs_up,0.0,0.0,0.0,0.0325231254100799,-0.1099845170974731,-0.0210655461996793,0.0943295359611511,-0.2364885807037353,-0.0478440076112747,0.1169859766960144,-0.3405202627182007,-0.0735675543546676,0.0927757024765014,-0.421371579170227,-0.0952393487095832,0.1360083222389221,-0.178951621055603,-0.0621241480112075,0.2724390625953674,-0.1619678735733032,-0.0970299988985061,0.2442974150180816,-0.1427267789840698,-0.1118944957852363,0.1950962245464325,-0.1421310901641845,-0.1156672164797782,0.1398172676563263,-0.0984578132629394,-0.068114548921585,0.2749428451061249,-0.0846132636070251,-0.0901543870568275,0.2467060089111328,-0.076647400856018,-0.0879726558923721,0.1959463655948639,-0.0821121335029602,-0.0860229730606079,0.142008364200592,-0.0218132734298706,-0.0748721212148666,0.2663324475288391,-0.0195269584655761,-0.0826443433761596,0.241078495979309,-0.0133817195892333,-0.0621733888983726,0.1953951120376587,-0.0158849954605102,-0.0501522198319435,0.143337607383728,0.0434005260467529,-0.0838417261838913,0.2419812977313995,0.0376719236373901,-0.0779723450541496,0.2225265204906463,0.0435770750045776,-0.0557366944849491,0.1854763925075531,0.0430461168289184,-0.0426674671471118,0.2331981062889099,0.184071734547615,0.1620124280452728,0.1716353893280029,0.0878293365240097,0.061142198741436,0.0591300502419471,0.0589162334799766,0.0669460892677307,0.0753196403384208,0.0602268911898136,0.2980973720550537,0.0878293365240097,0.0808062255382537,0.2980973720550537,0.2235304117202758
thumbs_up,0.0,0.0,0.0,0.0284129977226257,-0.1311916708946228,-0.0101855294778943,0.0930976122617721,-0.2674773931503296,-0.0335706770420074,0.1213636249303817,-0.3755325078964233,-0.0563789531588554,0.115264281630516,-0.4629067182540893,-0.0759980306029319,0.1408070176839828,-0.2695786952972412,-0.0616031885147094,0.2735967636108398,-0.2460243701934814,-0.0900917425751686,0.2804666757583618,-0.2007609605789184,-0.0984078645706176,0.2553696036338806,-0.1832163333892822,-0.0997275188565254,0.1497318893671035,-0.1747771501541137,-0.074907936155796,0.29062420129776,-0.1453673839569091,-0.0961967036128044,0.2602432370185852,-0.1201241016387939,-0.0890989154577255,0.2063965648412704,-0.1277670264244079,-0.0826217234134674,0.1536552459001541,-0.0730494856834411,-0.0864684954285621,0.2754796147346496,-0.0585551261901855,-0.092964231967926,0.2399459332227707,-0.0392378568649292,-0.0663291439414024,0.1887440830469131,-0.0444997549057006,-0.0506738610565662,0.153684988617897,0.0241740942001342,-0.0989391505718231,0.2433063238859176,0.0156047940254211,-0.0959886908531189,0.2123154252767563,0.0243484377861022,-0.0690286755561828,0.1704486459493637,0.0220533013343811,-0.0510451905429363,0.3103131353855133,0.2420286983251571,0.1908480077981948,0.1843703240156173,0.1484469771385193,0.0740293189883232,0.0576850920915603,0.0507872961461544,0.0759314894676208,0.0909159779548645,0.0690229684114456,0.3137184977531433,0.1484469771385193,0.0961457341909408,0.3137184977531433,0.296395868062973
thumbs_up,0.0,0.0,0.0,0.0369840413331985,-0.1384934782981872,-0.0089545184746384,0.1116995066404342,-0.289209246635437,-0.0276734065264463,0.1388600915670395,-0.4060774445533752,-0.0458787195384502,0.1160477846860885,-0.4941831529140472,-0.060164488852024,0.1599365025758743,-0.2760199904441833,-0.0541430860757827,0.3021549582481384,-0.2278620600700378,-0.0828378498554229,0.286948561668396,-0.1936596632003784,-0.0930121317505836,0.242555096745491,-0.1903796792030334,-0.0966630280017852,0.1655919104814529,-0.1774178147315979,-0.0678045749664306,0.3109441995620727,-0.1376453638076782,-0.0848114714026451,0.2736890912055969,-0.1213794946670532,-0.0776747614145279,0.2160600572824478,-0.1287320256233215,-0.074325330555439,0.1671341806650161,-0.0721606612205505,-0.0802282989025116,0.2914201021194458,-0.0512160658836364,-0.0849922597408294,0.2531696557998657,-0.0428654551506042,-0.0601352266967296,0.2016426771879196,-0.0489073991775512,-0.0475675053894519,0.1645262688398361,0.0257561206817626,-0.0934906005859375,0.2564337849617004,0.0266626477241516,-0.0861066207289695,0.2223196178674698,0.0265260338783264,-0.0595156550407409,0.1788262873888015,0.0207962393760681,-0.0437633320689201,0.3235709965229034,0.2519825994968414,0.1989411264657974,0.1909784376621246,0.1263647228479385,0.0704262778162956,0.0528987497091293,0.0519797280430793,0.0707205310463905,0.0854155346751213,0.0734415203332901,0.331108421087265,0.1263647228479385,0.0997046083211898,0.331108421087265,0.3043650984764099
thumbs_up,0.0,0.0,0.0,0.0386197417974472,-0.140844464302063,-0.0061980956234037,0.1135120689868927,-0.2964130043983459,-0.0259273704141378,0.1376688480377197,-0.4200449585914612,-0.0460855290293693,0.1095688939094543,-0.5094115734100342,-0.0631119385361671,0.1636131405830383,-0.2862659096717834,-0.0517551191151142,0.3038439154624939,-0.2408834099769592,-0.0809134691953659,0.2873871624469757,-0.2037940025329589,-0.093342125415802,0.2450724244117736,-0.1998589038848877,-0.0985816046595573,0.1694883108139038,-0.1871337890625,-0.0666091218590736,0.3116246461868286,-0.1500135064125061,-0.0809565857052803,0.2789931893348694,-0.1281142234802246,-0.0747327134013176,0.224293053150177,-0.134203553199768,-0.0731595456600189,0.1725946962833404,-0.0810515284538269,-0.0799398049712181,0.2978238761425018,-0.0607674121856689,-0.0824945643544197,0.2637997567653656,-0.0470175743103027,-0.0575990751385688,0.2121898829936981,-0.0531286597251892,-0.0456776246428489,0.1708880364894867,0.0192234516143798,-0.0937951058149337,0.2687934637069702,0.0171815156936645,-0.0837963446974754,0.2370719611644745,0.0258024930953979,-0.0553504079580307,0.1932367384433746,0.023449957370758,-0.0388554446399211,0.3337604403495788,0.2611170709133148,0.2067574709653854,0.1958820670843124,0.1276499330997467,0.0764727219939231,0.0593410655856132,0.0594617016613483,0.0734076872467994,0.0864573940634727,0.0791836380958557,0.3397677540779114,0.1276499330997467,0.1004108339548111,0.3397677540779114,0.3084542751312256
thumbs_up,0.0,0.0,0.0,0.0482756197452545,-0.1615301966667175,0.0257078204303979,0.1222916543483734,-0.3059606552124023,0.0311105512082576,0.164201945066452,-0.4297757148742676,0.0270232278853654,0.1605905294418335,-0.5220569372177124,0.0243083052337169,0.1762636303901672,-0.3149340748786926,0.034349612891674,0.2859553098678589,-0.3063107132911682,0.0337434224784374,0.3259978890419006,-0.2601754069328308,0.0290732104331254,0.3355990052223205,-0.2242011427879333,0.0267486982047557,0.2108353972434997,-0.2581138014793396,0.0154031664133071,0.3243510127067566,-0.2413790822029113,0.0293604545295238,0.3372081518173218,-0.193260371685028,0.0322408229112625,0.3176060914993286,-0.1642513275146484,0.0314372181892395,0.2389610409736633,-0.1736766099929809,-0.0019862442277371,0.3394097089767456,-0.1510860323905944,0.0182565245777368,0.3333712220191955,-0.1136564016342163,0.0322260484099388,0.2999157309532165,-0.0986592769622802,0.0359810404479503,0.2581819295883178,-0.0783144831657409,-0.0186577532440423,0.3307125568389892,-0.0733059048652648,0.0071209608577191,0.3171454071998596,-0.0508880615234375,0.0311240870505571,0.286780834197998,-0.0412421226501464,0.0459118150174617,0.3625358343124389,0.3336338698863983,0.2954147756099701,0.2704425454139709,0.1835156679153442,0.1430637538433075,0.1038488745689392,0.0797589272260665,0.0627670884132385,0.0680875331163406,0.0597316958010196,0.3454736173152923,0.1835156679153442,0.0691572055220604,0.3454736173152923,0.2559476792812347
thumbs_up,0.0,0.0,0.0,0.0364662408828735,-0.1503744721412658,0.0088511938229203,0.1059671640396118,-0.2850800156593323,0.0035725075285881,0.1426080167293548,-0.3993315100669861,-0.0066518639214336,0.1320157647132873,-0.4897190630435943,-0.0146329319104552,0.1917203664779663,-0.28824383020401,0.0048609795048832,0.3031478524208069,-0.2694370746612549,-0.0056272097863256,0.3104419112205505,-0.2119083404541015,-0.0151706971228122,0.2854455113410949,-0.1825773119926452,-0.01987443305552,0.2178985476493835,-0.2103089094161987,-0.008906583301723,0.3221181631088257,-0.1872656345367431,0.0001745059416862,0.3113220334053039,-0.142812430858612,0.0026628323830664,0.2723066806793213,-0.1315213441848755,-0.0016226558946073,0.2339528799057006,-0.1171345114707946,-0.0217981189489364,0.3259691596031189,-0.1034749150276184,-0.0081510115414857,0.3054105043411255,-0.0710557103157043,0.0090224714949727,0.2632203698158264,-0.0652176737785339,0.0133370198309421,0.240693986415863,-0.0213423371315002,-0.0347218215465545,0.3167415857315063,-0.0305232405662536,-0.0161865390837192,0.2904284596443176,-0.0130226016044616,0.0097066964954137,0.2496669888496399,-0.0093626379966735,0.0249635558575391,0.346215009689331,0.3029669225215912,0.2625444829463959,0.2441202402114868,0.1433933675289154,0.0960248932242393,0.0691839754581451,0.0615335069596767,0.0557894967496395,0.0685749948024749,0.0586400516331195,0.3433718383312225,0.1433933675289154,0.0833588317036628,0.3433718383312225,0.2742291390895843
thumbs_up,0.0,0.0,0.0,0.0316852331161499,-0.1411657333374023,0.0011190450750291,0.0929198563098907,-0.2814148664474487,-0.0111252907663583,0.1235085725784301,-0.3967868089675903,-0.0278349928557872,0.1129796504974365,-0.4874664545059204,-0.0416201464831829,0.1806379556655883,-0.2832111716270447,-0.0078261708840727,0.29667729139328,-0.2463955283164978,-0.0287093799561262,0.2845410704612732,-0.1971932053565979,-0.0440917611122131,0.2449209690093994,-0.1865488290786743,-0.0510140098631382,0.2024073004722595,-0.204717218875885,-0.0208898857235908,0.3097628951072693,-0.1677350997924804,-0.0247156340628862,0.2818339467048645,-0.1263327598571777,-0.0252062920480966,0.2313348650932312,-0.1261869072914123,-0.0279040578752756,0.2186751365661621,-0.1130027770996093,-0.0341846905648708,0.3106161952018738,-0.0910263657569885,-0.0311538018286228,0.2810190320014953,-0.0590929985046386,-0.0155830150470137,0.233909010887146,-0.0594468712806701,-0.0088164815679192,0.2278004288673401,-0.020989716053009,-0.047978363931179,0.3098737597465515,-0.0185467004776,-0.0382999219000339,0.27887624502182,0.0035264492034912,-0.0151045368984341,0.2359123229980468,0.0041027665138244,0.0003266156418249,0.3360057771205902,0.2886420488357544,0.2485096305608749,0.2337424457073211,0.123859204351902,0.0839822143316268,0.0611870251595974,0.0550345927476882,0.0660470575094223,0.0694636180996894,0.0642352402210235,0.328706830739975,0.123859204351902,0.0824976712465286,0.328706830739975,0.2694375514984131
thumbs_up,0.0,0.0,0.0,0.0433376431465148,-0.1551164388656616,0.0018389935139566,0.1039557456970214,-0.2976405620574951,0.0017118070973083,0.1288496851921081,-0.4134007096290588,-0.0026470804587006,0.1069920659065246,-0.4993628263473511,-0.0051948074251413,0.22110116481781,-0.2454761862754821,0.0416720882058143,0.3006028532981872,-0.1988032460212707,0.0517263114452362,0.2804239988327026,-0.1692984104156494,0.0459846630692482,0.241530179977417,-0.1612744927406311,0.0418053716421127,0.2406424283981323,-0.1580260992050171,0.0408268719911575,0.3054015040397644,-0.1226460933685302,0.0709628313779831,0.2790055871009826,-0.1072540283203125,0.0691573396325111,0.2354900240898132,-0.1022701263427734,0.0608786679804325,0.2438373565673828,-0.0660648345947265,0.039212729781866,0.3049808144569397,-0.0547484755516052,0.0738822817802429,0.278917908668518,-0.0475078821182251,0.0809501186013221,0.2358759045600891,-0.0476282238960266,0.0763120725750923,0.2379795908927917,0.0176889896392822,0.0368151925504207,0.2818102836608886,0.0100523829460144,0.0727943629026413,0.2560567855834961,0.0128157138824462,0.0959688648581504,0.2232747077941894,0.0156865119934082,0.1076134443283081,0.3329877555370331,0.2907711565494537,0.2556537687778473,0.2414591908454895,0.0866446048021316,0.0594756267964839,0.0421859472990036,0.0723369568586349,0.0623040087521076,0.0567809492349624,0.0717448368668556,0.366896778345108,0.0866446048021316,0.0896107852458953,0.366896778345108,0.2637506127357483
thumbs_up,0.0,0.0,0.0,0.0324886441230773,-0.1477175951004028,0.0117608057335019,0.0996619462966919,-0.2782979607582092,0.0113066844642162,0.1491138339042663,-0.3882200717926025,0.0042625814676284,0.1535086631774902,-0.4783533811569214,-0.0004881049680989,0.193292498588562,-0.2303329706192016,0.0301342867314815,0.2832918167114258,-0.2160301208496093,0.0308728963136672,0.2740758061408996,-0.170873761177063,0.0255525633692741,0.2464470863342285,-0.1488544344902038,0.022799652069807,0.2180954217910766,-0.1561945080757141,0.0195390302687883,0.2982156276702881,-0.1455150842666626,0.0368422046303749,0.2812175750732422,-0.1084069013595581,0.0377214327454566,0.2472451329231262,-0.0928965210914611,0.0323736183345317,0.2309838533401489,-0.0770357847213745,0.0086956853047013,0.3046789169311523,-0.0769435167312622,0.030443837866187,0.2869336605072021,-0.0508067607879638,0.0399526953697204,0.2516743540763855,-0.0416700839996337,0.0382956080138683,0.2362959384918213,-0.0005024671554565,-0.0020097866654396,0.2996903657913208,-0.0136812329292297,0.0214213822036981,0.28167325258255,0.0029215812683105,0.0411062650382518,0.2514227628707886,0.0116263628005981,0.0512888096272945,0.302197515964508,0.2689686119556427,0.2436466068029403,0.2363050282001495,0.0975600257515907,0.0708594918251037,0.0505468621850013,0.0567156933248043,0.0567766316235065,0.0517574697732925,0.0548579767346382,0.3431463539600372,0.0975600257515907,0.0788920521736145,0.3431463539600372,0.2360182106494903
thumbs_up,0.0,0.0,0.0,0.037203699350357,-0.1341797113418579,-0.0013665579026564,0.1062444150447845,-0.2578347325325012,-0.0109979761764407,0.1468878090381622,-0.3655717372894287,-0.0237525720149278,0.1370737850666046,-0.4532695412635803,-0.0339551195502281,0.1963815987110138,-0.2001193761825561,0.0056146583519876,0.2958731353282928,-0.1741059422492981,0.0006752376211807,0.2983598411083221,-0.1340304613113403,-0.0066175279207527,0.2737267911434173,-0.116256296634674,-0.0099364621564745,0.20954230427742,-0.1293755173683166,0.0015452440129593,0.2967559397220611,-0.1052136421203613,0.0161009095609188,0.2906818687915802,-0.0741639137268066,0.0178838223218917,0.2634501159191131,-0.0671126246452331,0.012582940980792,0.2142247259616851,-0.0536710619926452,-0.0028526452369987,0.2923087775707245,-0.0379979014396667,0.0178895872086286,0.2841460406780243,-0.0150569081306457,0.0277326460927724,0.2511339485645294,-0.0134680271148681,0.0259772762656211,0.2136383950710296,0.016534686088562,-0.0079625342041254,0.2770551145076751,0.0173506140708923,0.0147126028314232,0.2667212188243866,0.032006561756134,0.0336855128407478,0.2376294434070587,0.0332094430923461,0.043271467089653,0.2804372012615204,0.246268942952156,0.2208641171455383,0.2144251763820648,0.1151396185159683,0.0830936282873153,0.0617230832576751,0.0589791536331176,0.0550257563591003,0.0566466152667999,0.0515775829553604,0.3644569516181946,0.1151396185159683,0.0720725879073143,0.3644569516181946,0.2177639156579971
thumbs_up,0.0,0.0,0.0,0.025092214345932,-0.1237540245056152,-0.0400095432996749,0.0841811597347259,-0.2417343854904174,-0.0544671528041362,0.1306343376636505,-0.3418811559677124,-0.0642861425876617,0.1357335746288299,-0.4371019005775451,-0.0689023211598396,0.2007148563861847,-0.1324957609176635,0.0054335882887244,0.2854884564876556,-0.1176367998123169,0.0090844528749585,0.2618556320667267,-0.1233982443809509,0.0060741589404642,0.2262496054172516,-0.1258760690689087,0.004814582876861,0.2105404436588287,-0.060755968093872,0.0274092517793178,0.2808700501918793,-0.0633422136306762,0.0436123870313167,0.2563627660274505,-0.0735417008399963,0.0438682846724987,0.2297625243663787,-0.072307288646698,0.0396260730922222,0.205620139837265,-0.0002781152725219,0.0447936579585075,0.2733018100261688,-0.0065207481384277,0.0610105358064174,0.2540920674800873,-0.0183544158935546,0.0658672526478767,0.226460725069046,-0.0178080797195434,0.0645080506801605,0.1956693828105926,0.0472614765167236,0.0590975694358348,0.2541227638721466,0.0395060777664184,0.0774343013763427,0.2392971217632293,0.0271692276000976,0.0913336724042892,0.2166588008403778,0.0277576446533203,0.0985718443989753,0.2405641376972198,0.2208389341831207,0.210442841053009,0.2097919881343841,0.0263861119747161,0.0255376603454351,0.0336197391152381,0.0487767718732357,0.0639827698469162,0.0600014850497245,0.0577291510999202,0.3323986232280731,0.0263861119747161,0.075670801103115,0.3323986232280731,0.1876644492149353
thumbs_up,0.0,0.0,0.0,0.0212780833244323,-0.1171828508377075,-0.0381066501140594,0.0771900713443756,-0.2410622835159301,-0.0674452930688858,0.1141338944435119,-0.3452175855636596,-0.0893335863947868,0.129294216632843,-0.4324596524238586,-0.1054316237568855,0.1395747661590576,-0.1317294239997863,-0.0796847641468048,0.2611077427864074,-0.1270638704299926,-0.1069718524813652,0.2363356947898864,-0.1366921067237854,-0.1134104058146476,0.1933755278587341,-0.1398980021476745,-0.1126643046736717,0.1455002725124359,-0.0455158352851867,-0.0699741840362548,0.2646557688713074,-0.0571589469909668,-0.0896438509225845,0.2388086318969726,-0.0696447491645813,-0.085812471807003,0.1967419385910034,-0.0699765086174011,-0.083000436425209,0.1450928151607513,0.0222037434577941,-0.0604728087782859,0.2598283886909485,0.0117049813270568,-0.0697186291217804,0.2404741048812866,-0.0006770491600036,-0.0535776428878307,0.2024277150630951,-0.0017766952514648,-0.0436779111623764,0.1431271433830261,0.0678597092628479,-0.0530430600047111,0.2323595583438873,0.0556144118309021,-0.0542933531105518,0.2203512787818908,0.0519542098045349,-0.039823617786169,0.1949291825294494,0.0563128590583801,-0.0302550643682479,0.2078061997890472,0.1677450686693191,0.1587510406970977,0.1670445650815963,0.0636309534311294,0.0582556091248989,0.0643771737813949,0.0577587522566318,0.0760282352566719,0.078929103910923,0.0600899085402488,0.2995848059654236,0.0636309534311294,0.0869608521461486,0.2995848059654236,0.201390728354454
thumbs_up,0.0,0.0,0.0,0.0255237966775894,-0.1300712823867797,-0.0270514115691185,0.0878605097532272,-0.2679075598716736,-0.0567059963941574,0.1306123286485672,-0.3833198547363281,-0.0831226259469986,0.1392878144979477,-0.4805697798728943,-0.1050900146365165,0.148600235581398,-0.1860947608947754,-0.0663146376609802,0.2729410529136657,-0.1940030455589294,-0.0945864841341972,0.2547364234924316,-0.1711258888244629,-0.1041939258575439,0.2183864563703537,-0.1568859219551086,-0.1058542430400848,0.1544529348611831,-0.0964022278785705,-0.0667976960539817,0.2833659052848816,-0.1044559478759765,-0.0870078206062316,0.2575259804725647,-0.0931856036186218,-0.0854159221053123,0.2116158455610275,-0.0891034007072448,-0.082932099699974,0.1547617465257644,-0.0176531076431274,-0.0673376694321632,0.2746769785881042,-0.0292960405349731,-0.0778925716876983,0.2509598135948181,-0.0210927724838256,-0.0609436929225921,0.2077516168355941,-0.0180543661117553,-0.0498163290321826,0.1541373282670974,0.0500445365905761,-0.0696125403046608,0.2479996532201767,0.0395361185073852,-0.0725996866822242,0.2287928909063339,0.0443395376205444,-0.0555188432335853,0.1949120014905929,0.0467052459716796,-0.0433530323207378,0.247206225991249,0.1939356327056884,0.1696973592042923,0.1763765215873718,0.085361897945404,0.0598430484533309,0.055812943726778,0.0486136488616466,0.071873053908348,0.0784828141331672,0.0663357898592948,0.3332092761993408,0.085361897945404,0.0898845791816711,0.3332092761993408,0.2362272292375564
thumbs_up,0.0,0.0,0.0,0.0349384546279907,-0.1625889539718628,-0.0017426942940801,0.103950023651123,-0.3133134245872497,-0.0151385711506009,0.1505051553249359,-0.4340599179267883,-0.0294519700109958,0.1622789204120636,-0.5325488448143005,-0.039770346134901,0.170358657836914,-0.3065393567085266,-0.0233287140727043,0.3000518679618835,-0.2839934229850769,-0.0351169817149639,0.303859531879425,-0.2387349605560302,-0.0392757356166839,0.2780038714408874,-0.2199947834014892,-0.0392360463738441,0.1912560164928436,-0.213710606098175,-0.0344801470637321,0.3207753896713257,-0.1854263544082641,-0.0338705852627754,0.2984613180160522,-0.1460225582122802,-0.0286207944154739,0.2476413249969482,-0.1388964653015136,-0.0275186263024806,0.2055655717849731,-0.1107281446456909,-0.0441443771123886,0.3200358748435974,-0.095763087272644,-0.0288501176983118,0.2950528264045715,-0.0687145590782165,-0.0069540180265903,0.2458007335662841,-0.0657953023910522,0.000602573622018,0.2148584425449371,-0.0123569965362548,-0.054818507283926,0.3046495914459228,-0.0242761373519897,-0.0369462631642818,0.2791721820831299,-0.0115835070610046,-0.0109356492757797,0.237638920545578,-0.0070278048515319,0.0044232490472495,0.3514721691608429,0.2888597846031189,0.2376271337270736,0.2220853865146637,0.139034166932106,0.0939410552382469,0.0751007199287414,0.0636940822005271,0.087384894490242,0.0783451944589614,0.0594544485211372,0.333290547132492,0.139034166932106,0.0958030819892883,0.333290547132492,0.2991907298564911
thumbs_up,0.0,0.0,0.0,0.0339976549148559,-0.1519475579261779,-0.0085301985964179,0.108640432357788,-0.3026946783065796,-0.0233272742480039,0.1537017822265625,-0.4236601591110229,-0.0383265353739261,0.1528635919094085,-0.5259178876876831,-0.0490133054554462,0.173671007156372,-0.2863988280296325,-0.0336917638778686,0.3084276914596557,-0.2513485550880432,-0.0612832456827163,0.2939260005950928,-0.216636061668396,-0.0738937631249427,0.2481921911239624,-0.2030396461486816,-0.0771625488996505,0.1903393268585205,-0.1916126012802124,-0.0421349145472049,0.3239054083824157,-0.167340338230133,-0.0510932020843029,0.2985043525695801,-0.1412965059280395,-0.0448625236749649,0.2479141354560852,-0.1376402974128723,-0.0435169972479343,0.2019696831703186,-0.0910761952400207,-0.0510678403079509,0.3224340677261352,-0.0815967321395874,-0.0522953085601329,0.2948248386383056,-0.0652735829353332,-0.0300832334905862,0.2470127344131469,-0.0625337958335876,-0.0191636998206377,0.2087805569171905,0.0021138787269592,-0.0608750879764556,0.3046898245811462,-0.0100525021553039,-0.0520741753280162,0.2762105464935303,0.0012426376342773,-0.0271852798759937,0.2357897162437439,0.0033106207847595,-0.0117844035848975,0.3366319239139557,0.2733492255210876,0.2273643612861633,0.2174846231937408,0.1199661195278167,0.0789289474487304,0.0621403194963932,0.0560430362820625,0.0735470950603485,0.0789612680673599,0.0672004297375679,0.3378317356109619,0.1199661195278167,0.0966102927923202,0.3378317356109619,0.2919095754623413
thumbs_up,0.0,0.0,0.0,0.0325186252593994,-0.1506809592247009,-0.0114492047578096,0.1053212881088256,-0.3009642958641052,-0.027468554675579,0.148444265127182,-0.4188709855079651,-0.0435843728482723,0.1468824446201324,-0.5196272134780884,-0.0552577078342437,0.171735942363739,-0.2763383984565735,-0.03329399228096,0.3003500699996948,-0.2435670495033264,-0.0619976781308651,0.2852340936660766,-0.2133669853210449,-0.0765456333756446,0.2410290241241455,-0.2030266523361206,-0.081403449177742,0.1866154074668884,-0.1773018836975097,-0.0416235141456127,0.3177317976951599,-0.1545432806015014,-0.0529946461319923,0.2915911078453064,-0.1332326531410217,-0.0492986664175987,0.2403642535209655,-0.1318797469139099,-0.0492145009338855,0.1957047879695892,-0.0755006670951843,-0.0509511940181255,0.3171508908271789,-0.0649526715278625,-0.0548626519739627,0.2878842949867248,-0.0537452697753906,-0.0341653153300285,0.2376470565795898,-0.053974449634552,-0.0235418938100337,0.1999544501304626,0.0179117918014526,-0.0613337755203247,0.297547698020935,0.0069015622138977,-0.0547144301235675,0.2681036591529846,0.0132238268852233,-0.030527414754033,0.2258821725845337,0.0130993723869323,-0.0153989968821406,0.3270544707775116,0.2607561647891998,0.2158627808094024,0.2099153399467468,0.111761637032032,0.0707794651389122,0.0545325763523578,0.052966121584177,0.0780925899744033,0.0820713192224502,0.0685829222202301,0.3313353061676025,0.111761637032032,0.1004938334226608,0.3313353061676025,0.2969270646572113
thumbs_up,0.0,0.0,0.0,0.0288854241371154,-0.1550751328468322,-0.0134759852662682,0.1003951132297515,-0.3074826002120971,-0.0311009511351585,0.141987144947052,-0.4289619326591491,-0.0486470274627208,0.1413378715515136,-0.5319364070892334,-0.0620401054620742,0.1654872894287109,-0.2805753946304321,-0.0332254394888877,0.2896104156970978,-0.2569820284843445,-0.0616370774805545,0.2851704657077789,-0.2221545577049255,-0.0777701362967491,0.249400645494461,-0.206598162651062,-0.0836366415023803,0.1824237406253814,-0.1793487071990966,-0.0405151471495628,0.3121947348117828,-0.1617798805236816,-0.0532534681260585,0.2925206124782562,-0.1399056911468505,-0.0533742494881153,0.2444807589054107,-0.1367194652557373,-0.0548587515950202,0.192848801612854,-0.0767238140106201,-0.0485899597406387,0.3112377226352691,-0.0691044330596923,-0.0525308102369308,0.2865680754184723,-0.0592454671859741,-0.0350848250091075,0.2377450466156005,-0.0592321753501892,-0.0257828738540411,0.1984261572360992,0.0162401795387268,-0.0577693097293376,0.2928767502307892,0.0032752156257629,-0.0497372224926948,0.2687945067882538,0.0081415176391601,-0.0260765701532363,0.2298271059989929,0.0097457766532897,-0.0108391288667917,0.3274332284927368,0.2590093612670898,0.2131623476743698,0.2073016613721847,0.1227003335952758,0.0766424462199211,0.0533084757626056,0.0568387061357498,0.0757324546575546,0.0830364748835563,0.0710208937525749,0.3434951603412628,0.1227003335952758,0.1028923019766807,0.3434951603412628,0.2996445596218109
thumbs_up,0.0,0.0,0.0,0.0344772934913635,-0.1262372732162475,-0.0169182531535625,0.0851012170314788,-0.2743517160415649,-0.0354837067425251,0.1118180155754089,-0.393255352973938,-0.0528051294386386,0.0994373559951782,-0.4792529344558716,-0.0652823150157928,0.1483632028102874,-0.211962342262268,-0.0231382492929697,0.2619160711765289,-0.2032433748245239,-0.0491239987313747,0.2559607326984405,-0.1805670261383056,-0.0654282793402671,0.2127224504947662,-0.1652758121490478,-0.0679057016968727,0.1563435196876526,-0.1348628401756286,-0.0199032928794622,0.2794388830661773,-0.1215046644210815,-0.0328156426548957,0.2595082819461822,-0.1049088239669799,-0.0388562753796577,0.2066015899181366,-0.0987604856491088,-0.0401503145694732,0.1662773787975311,-0.0582897663116455,-0.0179173499345779,0.2743907272815704,-0.0416029691696167,-0.017936535179615,0.2531449496746063,-0.0366270542144775,-0.014599117450416,0.2061326205730438,-0.0356209278106689,-0.0112393982708454,0.1775090396404266,0.0141154527664184,-0.0164040327072143,0.2599050104618072,0.0146583318710327,-0.0032341906335204,0.2436267435550689,0.0152868032455444,0.0109206680208444,0.20757856965065,0.0124879479408264,0.0211693830788135,0.2597596049308777,0.2074305266141891,0.1771070212125778,0.1788233667612075,0.0912462025880813,0.0651091039180755,0.0463347770273685,0.048151709139347,0.0723333656787872,0.0694454088807106,0.0580248571932315,0.3337993919849396,0.0912462025880813,0.0775788873434066,0.3337993919849396,0.2280482351779937
thumbs_up,0.0,0.0,0.0,0.0070018172264099,-0.0875282287597656,-0.0164540875703096,0.0481712222099304,-0.1465287208557129,-0.0295608043670654,0.0878326296806335,-0.1828169822692871,-0.0383386835455894,0.1181928515434265,-0.2098823189735412,-0.0463193096220493,0.1244645118713378,-0.1088136434555053,-0.0460979454219341,0.207887589931488,-0.1029556989669799,-0.0600733235478401,0.2456116080284118,-0.1027062535285949,-0.0634681433439254,0.2656745314598083,-0.1036008596420288,-0.0626872181892395,0.1350792050361633,-0.049146294593811,-0.0424433425068855,0.2210076451301574,-0.0511011481285095,-0.0520272031426429,0.2618547677993774,-0.0570546984672546,-0.0514287799596786,0.2869378328323364,-0.0602559447288513,-0.0503053553402423,0.1354034543037414,0.0033211708068847,-0.0383807644248008,0.2137551307678222,0.0071332454681396,-0.0451856106519699,0.2564217448234558,-0.0002360939979553,-0.0437530726194381,0.2842992544174194,-0.0052456259727478,-0.0418521426618099,0.1291515231132507,0.0427830219268798,-0.0346131809055805,0.1894723773002624,0.0488309860229492,-0.0372096933424472,0.2234293818473816,0.0438735485076904,-0.0336063802242279,0.2455124855041504,0.0361350178718566,-0.0295085534453392,0.1716299653053283,0.1498772352933883,0.1407771557569503,0.1403872370719909,0.1422766596078872,0.1524673104286193,0.1491824388504028,0.1166624501347541,0.0498419515788555,0.0557185262441635,0.0580442547798156,0.1825226098299026,0.1422766596078872,0.0607142485678195,0.1825226098299026,0.152103304862976
thumbs_up,0.0,0.0,0.0,0.0258392691612243,-0.103793203830719,-0.0464323386549949,0.0790914893150329,-0.2035799622535705,-0.0743567496538162,0.1238590478897094,-0.2873433828353882,-0.0936971083283424,0.153215229511261,-0.3634650111198425,-0.11232341080904,0.1307392120361328,-0.1156897544860839,-0.0607685111463069,0.1976464986801147,-0.1137751936912536,-0.0864039584994316,0.2460846304893493,-0.1129542589187622,-0.106162890791893,0.2900563478469848,-0.1146823763847351,-0.1208896338939666,0.1376450657844543,-0.0563277006149292,-0.0504256822168827,0.2069716453552246,-0.0610671639442443,-0.0722512975335121,0.2600744962692261,-0.0693907737731933,-0.0889778882265091,0.3054817914962768,-0.0783457159996032,-0.1041483283042907,0.1355645060539245,-0.0109378695487976,-0.042576216161251,0.201693594455719,-0.0149297714233398,-0.0630072876811027,0.2529469728469848,-0.0195434689521789,-0.0736047402024269,0.2964537739753723,-0.0256196856498718,-0.0822783857583999,0.1272206902503967,0.0244929194450378,-0.0374724119901657,0.1817821860313415,0.0239930748939514,-0.0540759451687336,0.2225611805915832,0.0212358236312866,-0.0605581365525722,0.2583786249160766,0.0174924731254577,-0.0661856979131698,0.1848504096269607,0.1570405215024948,0.1425135284662246,0.1348673105239868,0.1702865660190582,0.1775952726602554,0.1663645803928375,0.1344465017318725,0.0428785309195518,0.0577912926673889,0.0597272962331771,0.2840628027915954,0.1702865660190582,0.0606507919728755,0.2840628027915954,0.1421487629413604
thumbs_up,0.0,0.0,0.0,0.0210328102111816,-0.1060665249824523,-0.0401321314275264,0.075994849205017,-0.2100176811218261,-0.062526986002922,0.1199755072593689,-0.2982747554779053,-0.0781812593340873,0.1404664516448974,-0.3765296936035156,-0.0923685804009437,0.117026686668396,-0.1195563673973083,-0.0465742573142051,0.1850353479385376,-0.1171936392784118,-0.0652908235788345,0.2288544178009033,-0.1128928065299987,-0.0784656852483749,0.2642303109169006,-0.1119114160537719,-0.087563581764698,0.1242333054542541,-0.0565214753150939,-0.0356436967849731,0.1925006508827209,-0.0641402602195739,-0.0483520738780498,0.2395447492599487,-0.0747513175010681,-0.055969301611185,0.2729618549346924,-0.0819495916366577,-0.06428162753582,0.1228864789009094,-0.0077660083770751,-0.0275210961699485,0.1880061626434326,-0.0094746351242065,-0.0398580282926559,0.2314307689666748,-0.0168999433517456,-0.0403634086251258,0.2640389204025268,-0.0209797620773315,-0.0411170981824398,0.1176643371582031,0.0267716646194458,-0.0221775081008672,0.1715515255928039,0.0262824296951293,-0.0299652945250272,0.2076338529586792,0.024455189704895,-0.0283793602138757,0.2366083264350891,0.0230774879455566,-0.0278525054454803,0.1736609637737274,0.1410640478134155,0.1261697560548782,0.1226925477385521,0.1529950201511383,0.1535802781581878,0.1424200385808944,0.1191365867853164,0.0389358475804328,0.0658295825123786,0.0535670444369316,0.2921701967716217,0.1529950201511383,0.0643801987171173,0.2921701967716217,0.14834925532341
thumbs_up,0.0,0.0,0.0,0.0179725289344787,-0.1096882820129394,-0.0392894223332405,0.075971245765686,-0.2125434875488281,-0.0592983104288578,0.1188583374023437,-0.3051047325134277,-0.0737812370061874,0.1313627958297729,-0.3888335227966308,-0.0864816755056381,0.1267522573471069,-0.1071367263793945,-0.0253851674497127,0.1770173907279968,-0.1069198250770568,-0.0372572056949138,0.2060475945472717,-0.1051045656204223,-0.0506440438330173,0.233197271823883,-0.1071380972862243,-0.0617932900786399,0.1435258984565735,-0.0437729954719543,-0.0147873377427458,0.1997815370559692,-0.0503639578819274,-0.0206248480826616,0.2370609641075134,-0.0642862915992736,-0.0293243452906608,0.2640909552574157,-0.0733736753463745,-0.039385862648487,0.1476293206214904,0.0010676980018615,-0.0081599466502666,0.2043765187263488,-0.0010372996330261,-0.0170000419020652,0.2415888309478759,-0.0103681087493896,-0.0194956287741661,0.2713240385055542,-0.0182230472564697,-0.022399827837944,0.1436855196952819,0.0295474529266357,-0.0045067518949508,0.1936442255973816,0.0352598428726196,-0.0097980126738548,0.2263919711112976,0.0334305763244628,-0.0078440764918923,0.2534891963005066,0.0300513505935668,-0.0078095151111483,0.1678952574729919,0.1507793813943863,0.147858515381813,0.14676134288311,0.1124993041157722,0.1265591531991958,0.1259971857070922,0.1098544895648956,0.050956342369318,0.058158703148365,0.0534918345510959,0.3005529642105102,0.1124993041157722,0.066397525370121,0.3005529642105102,0.1393025815486908
thumbs_up,0.0,0.0,0.0,0.0203982591629028,-0.1126749515533447,-0.0521022044122219,0.0790163874626159,-0.2110409140586853,-0.0776353552937507,0.1284562349319458,-0.3004918694496155,-0.0947990790009498,0.1429800391197204,-0.3913650512695312,-0.1077262461185455,0.1773673295974731,-0.100559115409851,-0.0213466212153434,0.2609094977378845,-0.0931185483932495,-0.0192796345800161,0.2674857378005981,-0.1150731444358825,-0.0218068584799766,0.2538515329360962,-0.130381166934967,-0.023589838296175,0.1812370419502258,-0.0321948528289794,0.0046768332831561,0.2511676549911499,-0.0373803377151489,0.0167702361941337,0.2604554295539856,-0.0574547052383422,0.019619895145297,0.2573919892311096,-0.0658840537071228,0.0179235190153121,0.1697086691856384,0.0135914087295532,0.0263112150132656,0.2354617118835449,0.0084060430526733,0.0393184572458267,0.2490436434745788,-0.0015907287597656,0.0475519485771656,0.2502599358558655,-0.0104517936706542,0.0492248386144638,0.1549147367477417,0.0381790399551391,0.0433470457792282,0.2098445296287536,0.0376465320587158,0.0556154437363147,0.2238115668296814,0.0333616733551025,0.0674587860703468,0.2284637093544006,0.0316941738128662,0.0741151869297027,0.2050048410892486,0.184133768081665,0.1722731590270996,0.1653335392475128,0.0821231976151466,0.0843208953738212,0.087129883468151,0.0799886435270309,0.0767839252948761,0.0640575885772705,0.0535806603729724,0.2957769632339477,0.0821231976151466,0.0732520818710327,0.2957769632339477,0.1547180116176605
thumbs_up,0.0,0.0,0.0,0.014646291732788,-0.1222978830337524,-0.042640533298254,0.0790274143218994,-0.2255318760871887,-0.0615719817578792,0.1256260275840759,-0.318580150604248,-0.0737849399447441,0.1320423483848571,-0.4029802083969116,-0.0823868885636329,0.1670076847076416,-0.1225922703742981,-0.018289603292942,0.2488033175468444,-0.1213574409484863,-0.0167503654956817,0.2485005259513855,-0.1325473189353943,-0.0198640730232,0.233439028263092,-0.1418427228927612,-0.0224260315299034,0.1731989383697509,-0.0515231490135192,0.0019365740008652,0.2404389977455139,-0.0578855276107788,0.0129243806004524,0.2476789355278015,-0.0720548629760742,0.0118294656276702,0.242643117904663,-0.0770293474197387,0.0066695073619484,0.1640196442604065,0.0014477968215942,0.0186491012573242,0.2278116345405578,0.000472068786621,0.0297086611390113,0.2386174201965332,-0.0045220851898193,0.0307034794241189,0.2378939390182495,-0.0085288286209106,0.0271822437644004,0.1514018774032592,0.0361198186874389,0.0320648103952407,0.2059059739112854,0.0421364307403564,0.0431746579706668,0.2192986607551574,0.0447728633880615,0.050583116710186,0.2237289547920227,0.0471025705337524,0.0533690191805362,0.207978218793869,0.180710420012474,0.1650827974081039,0.1589192301034927,0.0692879036068916,0.0741313770413398,0.0750317201018333,0.0761951208114624,0.0716382563114166,0.0716634392738342,0.0630971193313598,0.2864775359630584,0.0692879036068916,0.0741501823067665,0.2864775359630584,0.167238250374794
thumbs_up,0.0,0.0,0.0,0.0129052996635437,-0.1251274347305297,-0.0439866036176681,0.0729782581329345,-0.2336093783378601,-0.067126989364624,0.1204874515533447,-0.3282167911529541,-0.0834701061248779,0.1254974007606506,-0.4166209697723388,-0.0946123972535133,0.156255841255188,-0.128612220287323,-0.0354273878037929,0.2405257821083068,-0.1385658383369445,-0.0449719503521919,0.2270121574401855,-0.1535446047782898,-0.050950139760971,0.2031764388084411,-0.1543285846710205,-0.0538283921778202,0.1709805130958557,-0.0530400872230529,-0.0182326361536979,0.2506489157676697,-0.0726603269577026,-0.0225222148001194,0.2362449169158935,-0.0931367874145507,-0.0234825387597084,0.2148852348327636,-0.0970183610916137,-0.0248063001781702,0.1713873147964477,0.0016629695892333,-0.003837770782411,0.247821033000946,-0.016414999961853,-0.0065188980661332,0.2364466786384582,-0.0294224023818969,-0.0015110648237168,0.2148176431655883,-0.0323862433433532,0.0013415612047538,0.1664771437644958,0.0356783866882324,0.0076371813192963,0.2316617965698242,0.0262261629104614,0.0100903734564781,0.2250435948371887,0.0200830698013305,0.0201043840497732,0.209532618522644,0.0216567516326904,0.0270829256623983,0.2054558098316192,0.1799444705247879,0.1714383512735366,0.1704286187887191,0.0565815418958663,0.0624894089996814,0.0554289445281028,0.0492799878120422,0.0652980804443359,0.0697210580110549,0.0600932165980339,0.2765766978263855,0.0565815418958663,0.0788899436593055,0.2765766978263855,0.1701482683420181
thumbs_up,0.0,0.0,0.0,0.0149310231208801,-0.1244319677352905,-0.0404651351273059,0.0755012035369873,-0.2334617972373962,-0.0636430084705352,0.1240779161453247,-0.3277798891067505,-0.0815483629703521,0.1288761496543884,-0.4150871634483337,-0.0942589566111564,0.1660413146018982,-0.1337905526161193,-0.0305737219750881,0.2457401156425476,-0.1401919722557068,-0.044496089220047,0.2288522124290466,-0.1505822539329528,-0.0545408725738525,0.2024100422859192,-0.1507223844528198,-0.0600414499640464,0.1801041364669799,-0.0561978816986084,-0.0178041998296976,0.2576944231986999,-0.0720368027687072,-0.0256419908255338,0.2398062944412231,-0.0876044631004333,-0.029055742546916,0.2158533334732055,-0.0899338126182556,-0.0316097773611545,0.1786144971847534,0.0038614273071289,-0.0082747964188456,0.2521407604217529,-0.0082064867019653,-0.0134767442941665,0.2389531731605529,-0.0167901515960693,-0.0088092535734176,0.2153648138046264,-0.0183095932006835,-0.0058914008550345,0.1692539453506469,0.0450363159179687,-0.0016935793682932,0.2308487296104431,0.0427314043045043,-0.0010187728330492,0.2251529097557068,0.0404492616653442,0.00856972951442,0.2107524275779724,0.0424257516860961,0.0156360659748315,0.2154167741537094,0.1895064413547516,0.1788477599620819,0.1751514673233032,0.0497766882181167,0.05105597153306,0.0429862812161445,0.0450472608208656,0.0684421882033348,0.0761032328009605,0.0646025389432907,0.2765263319015503,0.0497766882181167,0.0798839554190635,0.2765263319015503,0.1811723858118057
thumbs_up,0.0,0.0,0.0,0.0231804251670837,-0.1250241994857788,-0.0433144643902778,0.085536777973175,-0.2279087305068969,-0.0673550814390182,0.1344395875930786,-0.3229269981384277,-0.0846351161599159,0.1356717348098755,-0.4128674864768982,-0.0962936729192733,0.1832520365715026,-0.1137440204620361,-0.0336132757365703,0.2761521935462951,-0.1216518878936767,-0.0422504767775535,0.25295490026474,-0.1443504691123962,-0.0474468171596527,0.2158820033073425,-0.1455923914909362,-0.0494528077542781,0.1942276954650879,-0.0340336561203002,-0.0149409957230091,0.2745318412780761,-0.0505384802818298,-0.0147706260904669,0.2504737377166748,-0.073519766330719,-0.0135156428441405,0.2231879830360412,-0.0751242637634277,-0.0143753848969936,0.1894938349723816,0.0261402130126953,0.0009914045222103,0.2637417912483215,0.0139920711517333,0.0044675758108496,0.247718334197998,-0.0005410909652709,0.0104511268436908,0.2204626202583313,-0.0027048587799072,0.0117443474009633,0.1801708340644836,0.066995620727539,0.0138823660090565,0.238731563091278,0.0633386373519897,0.0199746806174516,0.2305185794830322,0.0552597045898437,0.0298864338546991,0.2143289446830749,0.0569874048233032,0.0361807830631732,0.2182861864566803,0.1977521777153015,0.1912909001111984,0.1927243173122406,0.0482692904770374,0.0502738133072853,0.0436661168932914,0.0420019105076789,0.0790541619062423,0.0770340114831924,0.0647914186120033,0.2829553484916687,0.0482692904770374,0.0826006159186363,0.2829553484916687,0.1869014352560043
thumbs_up,0.0,0.0,0.0,0.0258590579032897,-0.1229569315910339,-0.0143597405403852,0.0807510018348693,-0.2192409038543701,-0.026531595736742,0.1219767332077026,-0.2969251871109009,-0.0363841690123081,0.133761465549469,-0.3575912714004516,-0.0422696098685264,0.1862004995346069,-0.1197142601013183,-0.0230840928852558,0.2767478823661804,-0.0981722474098205,-0.0259193982928991,0.2556536197662353,-0.1170364618301391,-0.0234135370701551,0.2163476347923278,-0.1284950971603393,-0.0185212548822164,0.184903085231781,-0.042214810848236,-0.0169610977172851,0.2651981711387634,-0.0344643592834472,-0.0063512325286865,0.2475728988647461,-0.0521234273910522,0.0026432676240801,0.2208817601203918,-0.0580119490623474,0.0047937207855284,0.1732010245323181,0.0193856954574584,-0.0109061608090996,0.2445908188819885,0.0196554660797119,0.0050150523893535,0.2296509146690368,0.0046396851539611,0.0162300486117601,0.2034592628479004,-0.0040836930274963,0.0174476187676191,0.1593456268310547,0.0669441223144531,-0.0057744719088077,0.2177727818489074,0.0617330074310302,0.0131395915523171,0.2071270942687988,0.0494626760482788,0.0294235963374376,0.1855772733688354,0.04366135597229,0.0375630520284175,0.2225646078586578,0.1904177367687225,0.1746234446763992,0.1729331910610199,0.0317296758294105,0.0449142158031463,0.0476477704942226,0.0557523779571056,0.0743775516748428,0.0580682456493377,0.0548086278140544,0.2446824759244918,0.0317296758294105,0.0777517780661583,0.2446824759244918,0.1893730610609054
thumbs_up,0.0,0.0,0.0,0.0112684965133667,-0.1137270331382751,-0.0273108948022127,0.0638370513916015,-0.2354459166526794,-0.0464015305042266,0.1071232855319976,-0.3310344219207763,-0.0604904554784297,0.1228983402252197,-0.4127520322799682,-0.0725580900907516,0.123413473367691,-0.1675370335578918,-0.0547011159360408,0.234311431646347,-0.1815036535263061,-0.0783053636550903,0.2656754553318023,-0.1674428582191467,-0.0881958305835723,0.2696918547153473,-0.1496439576148986,-0.089716725051403,0.1311849355697631,-0.088793396949768,-0.0496272407472133,0.2470733821392059,-0.112526535987854,-0.0584890730679035,0.272758275270462,-0.1103336811065673,-0.0547825098037719,0.2716639339923858,-0.0993966460227966,-0.0534833036363124,0.1339278817176818,-0.0149561166763305,-0.0455163680016994,0.2380875647068023,-0.0361434817314147,-0.0481037572026252,0.2615178525447845,-0.041536271572113,-0.0351147428154945,0.2625617086887359,-0.0364515781402587,-0.0278077702969312,0.1333978474140167,0.0471794605255126,-0.0432068258523941,0.2106691896915435,0.0276352167129516,-0.0417168512940406,0.236330896615982,0.0225043296813964,-0.0283760428428649,0.2465249598026275,0.0220717191696167,-0.0189980436116457,0.2151551991701126,0.1660018563270568,0.1422396004199981,0.1479449719190597,0.1514715105295181,0.1409313529729843,0.1316142529249191,0.1183816194534301,0.0619801767170429,0.06858691573143,0.0613169223070144,0.3017757833003998,0.1514715105295181,0.0792887136340141,0.3017757833003998,0.2152556180953979
thumbs_up,0.0,0.0,0.0,0.0210026502609252,-0.1229589581489563,-0.0275365952402353,0.0885973572731018,-0.260262131690979,-0.0557775758206844,0.1232508718967437,-0.3720728754997253,-0.0801545679569244,0.1156713962554931,-0.4626033306121826,-0.0994515493512153,0.1326103210449218,-0.1964237093925476,-0.074570745229721,0.2701075077056885,-0.1913662552833557,-0.106797456741333,0.2449667155742645,-0.1710530519485473,-0.116657517850399,0.1963824331760406,-0.1635317802429199,-0.1168181225657463,0.1398577094078064,-0.1071758270263671,-0.0754273533821106,0.2821875214576721,-0.1021710634231567,-0.0961393117904663,0.2531346082687378,-0.0935069918632507,-0.0911569520831108,0.2001099288463592,-0.0922771692276001,-0.0861821398139,0.143791526556015,-0.0228672623634338,-0.0764047652482986,0.2760471701622009,-0.0255385637283325,-0.0836239978671073,0.2514829337596893,-0.0250649452209472,-0.0630038529634475,0.2040797770023346,-0.0229613780975341,-0.0501994937658309,0.1473830938339233,0.0485289096832275,-0.0794557407498359,0.252845823764801,0.0361735820770263,-0.0757261514663696,0.2345852553844452,0.0342062711715698,-0.055389791727066,0.1966874003410339,0.0353299379348754,-0.0426666475832462,0.2484523504972458,0.191666692495346,0.1644281148910522,0.1743274182081222,0.083268254995346,0.0629917904734611,0.0657373443245887,0.0629171282052993,0.0776509940624237,0.0781996771693229,0.0592390820384025,0.3102574050426483,0.083268254995346,0.089545764029026,0.3102574050426483,0.2454462945461273
thumbs_up,0.0,0.0,0.0,0.0227439999580383,-0.1347512006759643,-0.0201042164117097,0.0889048278331756,-0.2783727645874023,-0.0464338921010494,0.1282993853092193,-0.3928910493850708,-0.071051500737667,0.1173479855060577,-0.4840893745422363,-0.0909067690372467,0.1361196637153625,-0.211244523525238,-0.0655403584241867,0.27354496717453,-0.2097493410110473,-0.0991158559918403,0.2523500919342041,-0.1880130767822265,-0.111700639128685,0.2073076963424682,-0.1792410612106323,-0.1139112412929534,0.1458485424518585,-0.1222633719444274,-0.0713275372982025,0.2868252992630005,-0.1321150064468383,-0.0903959274291992,0.259167730808258,-0.1186224818229675,-0.0844313502311706,0.2082889080047607,-0.1143592596054077,-0.0806401520967483,0.1552132666110992,-0.0363228917121887,-0.0772319734096527,0.2938950061798095,-0.0558324456214904,-0.0863026306033134,0.26449054479599,-0.0455330610275268,-0.0629622042179107,0.2141511142253875,-0.0390820503234863,-0.0485831499099731,0.1628769040107727,0.0397589206695556,-0.0848567113280296,0.2763583660125732,0.0207321643829345,-0.0843847543001174,0.2511197328567505,0.0262717008590698,-0.0623660646378994,0.2072621881961822,0.0287622213363647,-0.0479991734027862,0.2597081959247589,0.2032430768013,0.177130714058876,0.1879104077816009,0.091824285686016,0.0636238902807235,0.065589927136898,0.0587320961058139,0.0729217156767845,0.0820285007357597,0.0681956261396408,0.318676084280014,0.091824285686016,0.089698314666748,0.318676084280014,0.2531635761260986
thumbs_up,0.0,0.0,0.0,0.0256740748882293,-0.1366442441940307,-0.0213838703930377,0.0939076244831085,-0.2773211598396301,-0.0481905750930309,0.1321233510971069,-0.3904372453689575,-0.0735864117741584,0.1211788356304168,-0.4835982322692871,-0.0943112596869468,0.1473722457885742,-0.2133819460868835,-0.0639414340257644,0.2832822799682617,-0.2025559544563293,-0.099452868103981,0.2608761787414551,-0.1782063245773315,-0.1144708767533302,0.2150143980979919,-0.1690425276756286,-0.1180414929986,0.1523840129375457,-0.1191246509552002,-0.070259965956211,0.294414222240448,-0.1129540205001831,-0.0910881832242012,0.2658747434616089,-0.1003386974334716,-0.0865018293261528,0.2133353948593139,-0.0982595682144165,-0.0834369361400604,0.155481219291687,-0.0292773842811584,-0.0771591365337371,0.2889236807823181,-0.0335174202919006,-0.0867103263735771,0.2621220350265503,-0.0263608694076538,-0.0638467073440551,0.2133311033248901,-0.0225802659988403,-0.0496985055506229,0.1578995585441589,0.0489057302474975,-0.0859605744481086,0.2734578251838684,0.0379433631896972,-0.0829049795866012,0.2507073283195495,0.0409746170043945,-0.0587898977100849,0.2074887752532959,0.042755126953125,-0.0432585924863815,0.2670935094356537,0.2057863771915435,0.1760258674621582,0.1863149553537368,0.097304992377758,0.0657575502991676,0.0643859207630157,0.0657295957207679,0.0788068622350692,0.0828591510653495,0.0659114494919776,0.3291102051734924,0.097304992377758,0.0946016833186149,0.3291102051734924,0.2634207606315613
thumbs_up,0.0,0.0,0.0,0.030738741159439,-0.1353617310523986,-0.0221732463687658,0.1031403839588165,-0.2790520787239074,-0.0493751242756843,0.1430844366550445,-0.3944208025932312,-0.074576511979103,0.1326155364513397,-0.4888913631439209,-0.0949639230966568,0.1448512375354766,-0.2089395523071289,-0.0669805109500885,0.2847544252872467,-0.2063307762145996,-0.1048525124788284,0.2632032036781311,-0.1856125593185424,-0.1208128556609153,0.2167329490184784,-0.1765715479850769,-0.1243396326899528,0.1503003239631652,-0.114870548248291,-0.0728476345539093,0.2965741455554962,-0.1124757528305053,-0.0972262918949127,0.2690482437610626,-0.1026704907417297,-0.0946512296795845,0.2146229445934295,-0.1004030704498291,-0.0918532758951187,0.1544369757175445,-0.0260515809059143,-0.079089269042015,0.2904180586338043,-0.0320639610290527,-0.0898408368229866,0.2647769749164581,-0.0261871814727783,-0.0681789219379425,0.2154691815376281,-0.0222381353378295,-0.0543524585664272,0.1577422022819519,0.0506304502487182,-0.0872033610939979,0.2712843716144562,0.0384508371353149,-0.0835523977875709,0.2500434815883636,0.0423696041107177,-0.0601559877395629,0.209525316953659,0.0460244417190551,-0.0453100837767124,0.2629144489765167,0.202712133526802,0.1754553467035293,0.1872177124023437,0.0974922403693199,0.0686142966151237,0.0659650042653083,0.0667664036154747,0.0828338861465454,0.0866993889212608,0.0691149309277534,0.3247804343700409,0.0974922403693199,0.0944091826677322,0.3247804343700409,0.2606755197048187
thumbs_up,0.0,0.0,0.0,0.0349050760269165,-0.1287312507629394,-0.0433287322521209,0.0875378251075744,-0.2516447901725769,-0.0651756227016449,0.1232609748840332,-0.361065149307251,-0.0816202536225318,0.1209124624729156,-0.4578377604484558,-0.0928829982876777,0.2329745888710022,-0.159403383731842,-0.0064914240501821,0.2803264260292053,-0.1617183685302734,-0.017262652516365,0.2372714877128601,-0.155102789402008,-0.0362947359681129,0.1908586025238037,-0.152955412864685,-0.048156589269638,0.2415379285812378,-0.076312243938446,0.0101418625563383,0.2895354032516479,-0.0866675972938537,0.0074307061731815,0.2487549483776092,-0.084591805934906,-0.0071012466214597,0.2017126679420471,-0.0773199200630188,-0.0189782679080963,0.2307766079902649,-0.0052458047866821,0.0224819015711545,0.28218674659729,-0.0106654167175292,0.0228261984884738,0.2509421706199646,-0.0146542787551879,0.020120620727539,0.2087366580963134,-0.0086381435394287,0.0172453019767999,0.2145239114761352,0.0503000020980834,0.0316036082804203,0.2614694237709045,0.0447080135345459,0.0376242324709892,0.2341170907020568,0.0358790159225463,0.0462530590593814,0.2059528529644012,0.0384721755981445,0.0523145198822021,0.2823627889156341,0.2535093426704407,0.2319284230470657,0.2225969135761261,0.0595929436385631,0.0493462122976779,0.0229060985147953,0.0253436844795942,0.0817918851971626,0.0779658257961273,0.0587961077690124,0.3159844279289245,0.0595929436385631,0.0851712077856063,0.3159844279289245,0.2139326333999633
thumbs_up,0.0,0.0,0.0,0.0178844928741455,-0.1317498683929443,-0.0188178569078445,0.0783532261848449,-0.2403627038002014,-0.0269334129989147,0.1257331371307373,-0.3271606564521789,-0.0332746170461177,0.1295592188835144,-0.4089924097061157,-0.0351704359054565,0.185520589351654,-0.1110633611679077,0.0140024833381176,0.2740547060966491,-0.1118685603141784,0.0198825020343065,0.2607253193855285,-0.1223945617675781,0.0199570376425981,0.2295171618461609,-0.129263162612915,0.0214246567338705,0.2000691294670105,-0.0356368422508239,0.0234403684735298,0.2809897065162658,-0.0418802499771118,0.0421136878430843,0.2767273187637329,-0.0547532439231872,0.0480244234204292,0.2547353506088257,-0.0606213808059692,0.0488550849258899,0.1997830271720886,0.0273686051368713,0.030107794329524,0.2715036273002624,0.0147261023521423,0.0524979643523693,0.2708862423896789,0.0078136324882507,0.0647890046238899,0.2515809535980224,0.0018261075019836,0.068216398358345,0.1911921501159668,0.0774788260459899,0.034316748380661,0.2518513202667236,0.0664929747581482,0.0561275258660316,0.2542064785957336,0.0575067400932312,0.0739678218960762,0.2437818050384521,0.0532812476158142,0.0846738517284393,0.2166772484779358,0.2045656144618988,0.2038842290639877,0.2091292589902877,0.0481873415410518,0.0652574151754379,0.0691932737827301,0.076726995408535,0.0781030058860778,0.0654560849070549,0.054583016782999,0.3023955225944519,0.0481873415410518,0.0773944035172462,0.3023955225944519,0.1897182017564773
thumbs_up,0.0,0.0,0.0,0.0203360319137573,-0.1480575799942016,-0.0016959689091891,0.0842837691307067,-0.2685924768447876,-0.015364184975624,0.1434773206710815,-0.377801239490509,-0.031386237591505,0.1448580622673034,-0.4647658467292785,-0.0450466684997081,0.1889154911041259,-0.205365240573883,-0.0062642879784107,0.2673156261444092,-0.1979409456253051,-0.0073156435973942,0.2395986318588256,-0.1678850650787353,-0.0097435899078845,0.2033478021621704,-0.1548978686332702,-0.011711424216628,0.2180277705192566,-0.1217281222343444,-0.0108455549925565,0.2899147272109985,-0.1325293183326721,0.0031860473100095,0.2589074373245239,-0.1170753240585327,0.0097097912803292,0.2216759324073791,-0.1071221232414245,0.0084660155698657,0.2265005707740783,-0.0401517748832702,-0.0143447937443852,0.2962977290153503,-0.0545178055763244,0.0050501739606261,0.2676931619644165,-0.0430917739868164,0.017341723665595,0.2307263016700744,-0.038358449935913,0.0169195178896188,0.2233728170394897,0.0359074473381042,-0.0184389445930719,0.272753357887268,0.0221911668777465,0.0034772281069308,0.2469429969787597,0.0227770209312438,0.0217312909662723,0.2175125479698181,0.0243993997573852,0.0296435989439487,0.2791114151477813,0.2499429434537887,0.2304787337779998,0.2269906550645828,0.0527723282575607,0.0244863424450159,0.0315995253622531,0.0497866384685039,0.0550051927566528,0.0698699802160263,0.0653838887810707,0.3170969188213348,0.0527723282575607,0.0886773988604545,0.3170969188213348,0.2440246641635894
thumbs_up,0.0,0.0,0.0,0.0266236662864685,-0.1304685473442077,-0.0231192521750926,0.0879696607589721,-0.2485641837120056,-0.0399322770535945,0.1414718031883239,-0.3483086228370666,-0.0543852597475051,0.1441945433616638,-0.4330508112907409,-0.0649798661470413,0.1931542158126831,-0.1403340101242065,-0.0252158269286155,0.2742571234703064,-0.1420323252677917,-0.0386847332119941,0.2483651638031005,-0.1494998931884765,-0.0481400191783905,0.2097961902618408,-0.1468611359596252,-0.0530597195029258,0.2120558619499206,-0.0540807247161865,-0.020222021266818,0.2873838543891907,-0.0753775238990783,-0.0231220666319131,0.263538658618927,-0.0857650637626648,-0.0236138552427291,0.2291269898414611,-0.0790647268295288,-0.0273278784006834,0.2168813347816467,0.0178565382957458,-0.0164933949708938,0.2886670231819153,-0.0032591819763183,-0.0153723638504743,0.2701331377029419,-0.0120447278022766,-0.0065262108109891,0.2381981015205383,-0.0073931217193603,-0.0042031351476907,0.213274598121643,0.0719864964485168,-0.0143809709697961,0.2751298546791076,0.0595590472221374,-0.0089118899777531,0.2587187886238098,0.053368866443634,0.0044042775407433,0.235505998134613,0.0575862526893615,0.0125568676739931,0.2400791943073272,0.2197756618261337,0.2182393223047256,0.2255547046661377,0.033088382333517,0.0310824234038591,0.0352562107145786,0.0377789512276649,0.0750477239489555,0.0758541896939277,0.0671599879860878,0.2938540279865265,0.033088382333517,0.0884411633014679,0.2938540279865265,0.2135467678308487
thumbs_up,0.0,0.0,0.0,0.025357961654663,-0.1181320548057556,-0.0391939021646976,0.0846824645996093,-0.2325326204299926,-0.0676963403820991,0.1288060545921325,-0.334013819694519,-0.0887695401906967,0.1369683742523193,-0.4229572415351867,-0.1044933199882507,0.1626404523849487,-0.1323379278182983,-0.0659760981798172,0.2810954451560974,-0.1329509019851684,-0.0920120403170585,0.2598499059677124,-0.1339465975761413,-0.1018361300230026,0.2194069623947143,-0.1304510831832885,-0.1031522080302238,0.1719615757465362,-0.0428091883659362,-0.0545696914196014,0.2859894633293152,-0.0588037967681884,-0.070017971098423,0.265442430973053,-0.0663980841636657,-0.0687775984406471,0.2281696200370788,-0.0627559423446655,-0.0676803737878799,0.1686083972454071,0.0312349200248718,-0.0440956652164459,0.2723425030708313,0.0172571539878845,-0.050408236682415,0.2558287382125854,0.0062143206596374,-0.0356613248586654,0.2214637994766235,0.0092442035675048,-0.0263801496475934,0.1606916189193725,0.0852970480918884,-0.0359632596373558,0.2423287034034729,0.0735151171684265,-0.0338196195662021,0.2295117974281311,0.0654985308647155,-0.0175334010273218,0.2064156532287597,0.0687124133110046,-0.0062795947305858,0.2198137640953064,0.1854218542575836,0.1770560294389724,0.185447409749031,0.0678826943039894,0.0610664151608943,0.0599259920418262,0.0569812022149562,0.0769263729453086,0.0832748338580131,0.0645518898963928,0.3039042055606842,0.0678826943039894,0.090732492506504,0.3039042055606842,0.2197033315896988
thumbs_up,0.0,0.0,0.0,0.0329525470733642,-0.1338749527931213,-0.0271350629627704,0.1035919785499572,-0.2632762193679809,-0.0580485612154006,0.1518754065036773,-0.3791959285736084,-0.0852974355220794,0.1533808708190918,-0.4790319204330444,-0.1081160530447959,0.1693180501461029,-0.1835949420928955,-0.0686697512865066,0.2984785437583923,-0.187619149684906,-0.094276912510395,0.2742472887039184,-0.1645644307136535,-0.1021865606307983,0.231684923171997,-0.1539353132247924,-0.1030391752719879,0.1765102446079254,-0.090609610080719,-0.068550243973732,0.3055964708328247,-0.0984497666358947,-0.084534540772438,0.2751061916351318,-0.0873481035232544,-0.0809122025966644,0.2279179990291595,-0.0857139825820922,-0.0778027549386024,0.1755819022655487,-0.0088140964508056,-0.0678260326385498,0.2949946522712707,-0.0202435255050659,-0.0736339762806892,0.2683413624763489,-0.0112009048461914,-0.0564344748854637,0.2232252359390258,-0.0095884799957275,-0.0465722829103469,0.1722655296325683,0.0597341060638427,-0.0689338818192482,0.2625652551651001,0.0502930879592895,-0.0694945603609085,0.241687536239624,0.0555872917175293,-0.0525228902697563,0.2073365449905395,0.0581791400909423,-0.0408168360590934,0.2590197622776031,0.209916889667511,0.1884331852197647,0.1949242353439331,0.077139988541603,0.0524626858532428,0.0521747879683971,0.0449773520231246,0.0728369206190109,0.0824163630604744,0.0698428675532341,0.3344325125217438,0.077139988541603,0.093263141810894,0.3344325125217438,0.2433470487594604
thumbs_up,0.0,0.0,0.0,0.0309479236602783,-0.1371766328811645,-0.0357529297471046,0.1038802862167358,-0.263529896736145,-0.0647486969828605,0.1532734334468841,-0.3712503910064697,-0.0873063504695892,0.1550979018211364,-0.4683023691177368,-0.1043913066387176,0.1784661412239074,-0.1657207608222961,-0.0692879185080528,0.3017921447753906,-0.1687562465667724,-0.0943372994661331,0.2709977030754089,-0.164618968963623,-0.1036737114191055,0.2254396080970764,-0.1609069108963012,-0.1059355214238166,0.1889679729938507,-0.0681813359260559,-0.0622804425656795,0.3111475110054016,-0.0779104828834533,-0.0749471560120582,0.2800606489181518,-0.0856203436851501,-0.0701039806008338,0.2336549758911132,-0.0868815183639526,-0.0680550336837768,0.1870674192905426,0.012557029724121,-0.0556191094219684,0.2965925931930542,0.0005805492401123,-0.0578232482075691,0.2695550322532654,-0.0069670677185058,-0.0380286909639835,0.2275819182395935,-0.0072616338729858,-0.02811268158257,0.1802110373973846,0.0747781991958618,-0.0516417473554611,0.2656356692314148,0.0638041496276855,-0.0463533177971839,0.2441442012786865,0.0581365823745727,-0.0256823245435953,0.2130971848964691,0.0584491491317749,-0.0129543561488389,0.2532081007957458,0.2103246003389358,0.1955642700195312,0.2018283158540725,0.059772290289402,0.0487849451601505,0.0528280958533287,0.0533371455967426,0.0835594534873962,0.0892838165163993,0.0689745545387268,0.315344750881195,0.059772290289402,0.0983531028032302,0.315344750881195,0.2411517798900604
thumbs_up,0.0,0.0,0.0,0.0336300134658813,-0.1358994245529174,-0.0303194820880889,0.1070718765258789,-0.2689297199249267,-0.0610578022897243,0.1593680679798126,-0.3824430108070373,-0.0866689234972,0.1630571186542511,-0.4781029224395752,-0.1079999580979347,0.1699160635471344,-0.1816040873527526,-0.0751871466636657,0.3008115887641907,-0.1897231340408325,-0.1018050909042358,0.2857702374458313,-0.1675838232040405,-0.1099632680416107,0.2464573383331298,-0.1537385582923889,-0.1105911806225776,0.1794618070125579,-0.0838545560836792,-0.0733570381999015,0.3119166493415832,-0.0882603526115417,-0.0891195908188819,0.2871922254562378,-0.0800269246101379,-0.0842692628502845,0.2378599047660827,-0.0795880556106567,-0.0812635570764541,0.1803705096244812,0.0012272596359252,-0.0709270015358924,0.3049884438514709,-0.0037200450897216,-0.0764733701944351,0.2804637551307678,0.0001009702682495,-0.057699229568243,0.2335438132286071,0.0001498460769653,-0.0474649257957935,0.1778221726417541,0.0722681283950805,-0.0704870894551277,0.2746493816375732,0.0654112100601196,-0.0691417530179023,0.2543968558311462,0.0676201581954956,-0.0501627773046493,0.2187652587890625,0.0690960884094238,-0.0379469878971576,0.2598165273666382,0.2112330049276352,0.1938186287879943,0.2044794261455536,0.088817223906517,0.0590851418673992,0.0581294223666191,0.0523951910436153,0.0802017599344253,0.0867127999663353,0.0711518228054046,0.3349246978759765,0.088817223906517,0.0982315689325332,0.3349246978759765,0.2540387511253357
thumbs_up,0.0,0.0,0.0,0.0364658832550048,-0.1311810612678527,-0.0277786683291196,0.1114020943641662,-0.2592751383781433,-0.0507856234908103,0.1597582101821899,-0.3747432827949524,-0.0705353170633316,0.1596771478652954,-0.4745175242424011,-0.0865497514605522,0.1735370755195617,-0.1649879217147827,-0.0496355779469013,0.2916481494903564,-0.1728473901748657,-0.0728064402937889,0.2776537537574768,-0.1740136742591858,-0.0826208516955375,0.2405805587768554,-0.1673738360404968,-0.0846334025263786,0.1840113699436187,-0.0743781924247741,-0.046222198754549,0.3013796806335449,-0.0914272665977478,-0.0587054789066314,0.2818074226379394,-0.0965272784233093,-0.0590148940682411,0.2405130863189697,-0.0879685282707214,-0.0602299198508262,0.1883174479007721,0.0043085813522338,-0.0435493774712085,0.3044655323028564,-0.0114264488220214,-0.0483052693307399,0.2840248346328735,-0.0196237564086914,-0.0367007069289684,0.2431651949882507,-0.0143479108810424,-0.0307570006698369,0.1899667382240295,0.0668392181396484,-0.0425837412476539,0.2872804999351501,0.0550959110260009,-0.0388106517493724,0.2712053060531616,0.0495822429656982,-0.0235184337943792,0.2393388748168945,0.0558570623397827,-0.014223288744688,0.2445400208234787,0.2037861347198486,0.1933353841304779,0.2058354169130325,0.0756661668419838,0.0597775653004646,0.0593294613063335,0.0579873323440551,0.0830706730484962,0.0793453305959701,0.0722270235419273,0.317626029253006,0.0756661668419838,0.091276966035366,0.317626029253006,0.2325155586004257
thumbs_up,0.0,0.0,0.0,0.0026083588600158,-0.1191550493240356,-0.0349927134811878,0.0547617673873901,-0.2266422510147094,-0.0535936169326305,0.1002088189125061,-0.3129992485046386,-0.0662576183676719,0.1197672486305236,-0.3916577100753784,-0.0756269395351409,0.1393545866012573,-0.1329818367958068,-0.0327382236719131,0.2259106040000915,-0.1207076907157898,-0.0386774912476539,0.2473695874214172,-0.1195060610771179,-0.0404008962213993,0.2395828962326049,-0.1136218309402465,-0.0396568998694419,0.1561428904533386,-0.0531898736953735,-0.0189535748213529,0.235653281211853,-0.0608162879943847,-0.0130812507122755,0.2482759356498718,-0.0691629648208618,-0.0088664162904024,0.2365260124206543,-0.0698248744010925,-0.0091523127630352,0.1581342816352844,0.013721764087677,-0.0071484525687992,0.233171284198761,0.0090101957321167,-0.0003512791008688,0.2443333268165588,-0.0010927319526672,0.0090744160115718,0.2328683733940124,-0.0065757036209106,0.0122977811843156,0.1512805223464965,0.0661947727203369,0.0021188780665397,0.2072576284408569,0.055751085281372,0.0086320079863071,0.2159660458564758,0.0495810508728027,0.0200096350163221,0.20818692445755,0.0454980731010437,0.0275568403303623,0.1953859329223632,0.1660391688346862,0.1588893830776214,0.1651424616575241,0.1023151576519012,0.0826694294810295,0.0798456519842147,0.0656793862581253,0.0534607134759426,0.0668875351548194,0.0596128404140472,0.3048829138278961,0.1023151576519012,0.0826959535479545,0.3048829138278961,0.2025550901889801
thumbs_up,0.0,0.0,0.0,0.0120688080787658,-0.1406550407409668,-0.024589080363512,0.0711756348609924,-0.2560779452323913,-0.0387442260980606,0.1285889744758606,-0.3553699254989624,-0.0483476892113685,0.1444034576416015,-0.4442323446273803,-0.0536588057875633,0.1795693635940551,-0.1529291868209839,-0.008531673811376,0.2672364711761474,-0.1630858182907104,0.0027954755350947,0.2536854743957519,-0.1751279830932617,0.0100964279845356,0.2235875129699707,-0.1730939149856567,0.0153832305222749,0.1957402229309082,-0.0710447430610656,0.0088641261681914,0.2733839154243469,-0.0885228514671325,0.0324705056846141,0.2540880441665649,-0.1063320040702819,0.0414027571678161,0.224864661693573,-0.1099894642829895,0.0425693392753601,0.1952374577522277,-0.0034486055374145,0.0261091403663158,0.2671535611152649,-0.0186549425125122,0.0530542396008968,0.2509508728981018,-0.0349042415618896,0.0615495406091213,0.2211223840713501,-0.0424518585205078,0.0593399181962013,0.188981294631958,0.0489391088485717,0.0419465154409408,0.2397844791412353,0.0304656028747558,0.0694706067442894,0.2250692248344421,0.014391541481018,0.084723487496376,0.2021350264549255,0.0105732679367065,0.0908555313944816,0.2360196709632873,0.2084230333566665,0.1970056891441345,0.1996709257364273,0.05400126054883,0.0591689571738243,0.0574070401489734,0.0635377839207649,0.0687232688069343,0.0696892067790031,0.0645400434732437,0.2907799184322357,0.05400126054883,0.0852594450116157,0.2907799184322357,0.2082965224981308
thumbs_up,0.0,0.0,0.0,0.0191038250923156,-0.1407938003540039,-0.0304905250668525,0.0802757740020752,-0.2503068447113037,-0.0512478984892368,0.1408960223197937,-0.3504602313041687,-0.0670138373970985,0.1541380882263183,-0.4431618452072143,-0.077857568860054,0.1878793835639953,-0.1426793932914734,-0.0261177755892276,0.2823584079742431,-0.152512788772583,-0.0276876352727413,0.257421612739563,-0.1680682301521301,-0.027145205065608,0.2186885476112365,-0.1670055389404297,-0.0255416389554739,0.2039748430252075,-0.0564680695533752,-0.0110057881101965,0.285948097705841,-0.0788450241088867,-0.000604742730502,0.2592213153839111,-0.0992248058319091,0.0066007766872644,0.2258572578430175,-0.1013510823249816,0.0077171637676656,0.2015501260757446,0.0128132700920104,0.0033366763964295,0.2788087129592895,-0.0070551037788391,0.0170898046344518,0.2596581578254699,-0.0253719091415405,0.0285342652350664,0.226231038570404,-0.0293089151382446,0.0305213499814271,0.1941034793853759,0.0642779469490051,0.0158584862947464,0.2503678798675537,0.0457201600074768,0.031997162848711,0.2343597412109375,0.0284612774848938,0.0476337224245071,0.2106915116310119,0.0271477103233337,0.0559913963079452,0.2373567223548889,0.2119327932596206,0.2019845694303512,0.2050836533308029,0.0392593666911125,0.0533279851078987,0.0558787286281585,0.0571355186402797,0.0739462375640869,0.0755661576986312,0.0638557001948356,0.2883851826190948,0.0392593666911125,0.088993415236473,0.2883851826190948,0.2112630754709243
thumbs_up,0.0,0.0,0.0,0.0229036808013916,-0.1418575048446655,-0.0294988844543695,0.083796203136444,-0.2499040961265564,-0.0523125529289245,0.1424912214279174,-0.349416971206665,-0.070914939045906,0.1542543172836303,-0.4424973726272583,-0.0851241946220398,0.2008091211318969,-0.134570300579071,-0.0259642396122217,0.2879936099052429,-0.1420354843139648,-0.0285855252295732,0.2608947157859802,-0.1573337912559509,-0.0303751695901155,0.2206960916519165,-0.1583144664764404,-0.0305200461298227,0.2124272584915161,-0.0457876324653625,-0.0123265571892261,0.2921125888824463,-0.0580958724021911,-0.0026863384991884,0.266794204711914,-0.0791159272193908,0.003137462073937,0.2325379848480224,-0.0829510688781738,0.0032123080454766,0.2039980888366699,0.0239607691764831,0.0006871350342407,0.279700219631195,0.0139867663383483,0.0155029753223061,0.2612397670745849,-0.0046737790107727,0.0270352140069007,0.2277856469154358,-0.011846899986267,0.0287583246827125,0.1903638243675232,0.0762607455253601,0.0116222957149147,0.2483364343643188,0.066802442073822,0.0297657903283834,0.2330003976821899,0.0490016341209411,0.0465424321591854,0.2086496949195861,0.0430479645729064,0.0552862510085105,0.2431205660104751,0.217655211687088,0.2054015845060348,0.2054000198841095,0.0313054695725441,0.0450224243104457,0.0513422712683677,0.057827353477478,0.0834130942821502,0.075703278183937,0.0639011859893798,0.2969108521938324,0.0313054695725441,0.0905722305178642,0.2969108521938324,0.2144098430871963
thumbs_up,0.0,0.0,0.0,0.026009202003479,-0.143052339553833,-0.0260320138186216,0.0897042155265808,-0.2552182078361511,-0.0464918799698352,0.1470174789428711,-0.3543949723243713,-0.0647788569331169,0.1599581241607666,-0.4459038376808166,-0.0788402333855629,0.2150430679321289,-0.1436813473701477,-0.0171825531870126,0.2939788699150085,-0.1527143716812133,-0.0256868470460176,0.2582768201828003,-0.1609845161437988,-0.0348393432796001,0.216274619102478,-0.1598072052001953,-0.0400133468210697,0.2244583964347839,-0.053897202014923,-0.0089243669062852,0.2961850166320801,-0.0675230026245117,-0.0069953994825482,0.2655828595161438,-0.0829847455024719,-0.0090113105252385,0.2277407050132751,-0.0820679068565368,-0.0131278233602643,0.2153621315956115,0.0192758440971374,-0.0020074683707207,0.2813321352005005,0.0085228085517883,0.0053933905437588,0.2585336565971374,-0.0061853528022766,0.012416317127645,0.2241131067276001,-0.0081763267517089,0.0127673726528882,0.2007244825363159,0.0764725804328918,0.0027991523966193,0.2527570724487304,0.0701661705970764,0.0155698666349053,0.2332846522331237,0.0540041327476501,0.0297697763890028,0.2079235315322876,0.0514442324638366,0.0377622246742248,0.2591970264911651,0.2310110926628112,0.2162323594093322,0.2148166894912719,0.0279786549508571,0.0286710876971483,0.0323805063962936,0.0435965731739997,0.0830523967742919,0.078381672501564,0.0666442513465881,0.2941604256629944,0.0279786549508571,0.0906533971428871,0.2941604256629944,0.221522107720375
thumbs_down,0.0,0.0,0.0,0.0707213133573532,0.0001416206359863,-0.0225951541215181,0.1335970312356948,-0.0023600459098815,-0.0541435182094574,0.1689502149820327,0.0259519219398498,-0.091111272573471,0.1960851401090622,0.0689710974693298,-0.1326479315757751,0.1704712957143783,-0.127236008644104,-0.061384342610836,0.2050607651472091,-0.0296794772148132,-0.120210587978363,0.1986673921346664,0.0832417607307434,-0.1580825448036193,0.1894759982824325,0.165520966053009,-0.1769419312477111,0.0990518182516098,-0.1594426035881042,-0.0803907960653305,0.1197190135717392,-0.0225744247436523,-0.142872005701065,0.1162113398313522,0.1120737195014953,-0.1669630110263824,0.1114983409643173,0.2014008164405822,-0.1755011826753616,0.0145547538995742,-0.1662642359733581,-0.1024617925286293,0.026223137974739,-0.0658617615699768,-0.1695850193500518,0.0184815675020217,0.0610855817794799,-0.1795738637447357,0.013219729065895,0.1436957716941833,-0.1713147163391113,-0.0651734918355941,-0.1545993685722351,-0.1245467439293861,-0.0746766924858093,-0.1416739821434021,-0.1689575463533401,-0.0719325393438339,-0.0764145255088806,-0.1683089733123779,-0.0661697387695312,-0.0131763815879821,-0.1578565537929535,0.2213989645242691,0.2041957080364227,0.195841908454895,0.2089508026838302,0.3153115510940552,0.3733749687671661,0.3175180554389953,0.1452962309122085,0.0858484432101249,0.1140442192554473,0.1763311773538589,0.1064308062195777,0.3153115510940552,0.0806179344654083,0.1064308062195777,0.2454927861690521
thumbs_down,0.0,0.0,0.0,0.0682402551174163,0.0080546140670776,-0.0101814633235335,0.1244670450687408,-0.0043121576309204,-0.028466997668147,0.1468321084976196,-0.003609299659729,-0.0509087517857551,0.1498526930809021,0.0011510848999023,-0.0779731795191764,0.1468178033828735,-0.1238936781883239,-0.0284340679645538,0.1560015082359314,-0.1085365414619445,-0.0592084638774395,0.1412074267864227,-0.0780324935913086,-0.0846975818276405,0.1302006542682647,-0.0488384962081909,-0.1016514301300048,0.0903802216053009,-0.1547518372535705,-0.0448725670576095,0.098787635564804,-0.1447895765304565,-0.0703063681721687,0.08676677942276,-0.1136549711227417,-0.0879881680011749,0.0773839950561523,-0.0848516225814819,-0.1024740189313888,0.019976407289505,-0.1623285412788391,-0.0627699419856071,0.0293761789798736,-0.1798623204231262,-0.0952467173337936,0.0146576017141342,-0.1471894383430481,-0.1045480370521545,0.0053319036960601,-0.1182904839515686,-0.1094972267746925,-0.0538929551839828,-0.1503874659538269,-0.0800661444664001,-0.0742135643959045,-0.1987528204917907,-0.1079167053103447,-0.0777278691530227,-0.1744417548179626,-0.1077841520309448,-0.071371704339981,-0.1388933658599853,-0.1054655686020851,0.1941999047994613,0.1847437769174575,0.1751846969127655,0.1786936819553375,0.1061611548066139,0.0915033817291259,0.0658578127622604,0.0329051949083805,0.0639313831925392,0.0797432586550712,0.0795246958732605,0.0587011091411113,0.1061611548066139,0.0663901418447494,0.0587011091411113,0.2089320570230484
thumbs_down,0.0,0.0,0.0,0.0714145898818969,6.854534149169922e-05,-0.0082265958189964,0.1122482419013977,-0.0308753848075866,-0.0330143347382545,0.1106538772583007,-0.0739849805831909,-0.0587542280554771,0.0922241508960723,-0.1190124750137329,-0.0895752012729644,0.107427954673767,-0.0378038883209228,-0.0723864287137985,0.0986175537109375,-0.1173475384712219,-0.1130619421601295,0.0867087841033935,-0.1287680268287658,-0.1371368765830993,0.0779021978378295,-0.1151358485221862,-0.1490663588047027,0.0469571352005004,-0.0632640719413757,-0.0850982889533042,0.0373368859291076,-0.1696619391441345,-0.1219241768121719,0.0232316255569458,-0.1541122198104858,-0.1303053051233291,0.012080430984497,-0.1104931831359863,-0.1344871968030929,-0.0172199457883834,-0.0942925214767456,-0.0955932065844535,-0.0216959565877914,-0.1987383365631103,-0.1305920630693435,-0.0314797013998031,-0.1602177023887634,-0.122488833963871,-0.0374309569597244,-0.098966896533966,-0.1118368208408355,-0.07816943526268,-0.1228896975517273,-0.1050907000899314,-0.0912720412015914,-0.226704716682434,-0.1320991218090057,-0.0881632566452026,-0.2237024307250976,-0.1246488019824028,-0.0796263217926025,-0.1879159808158874,-0.1151262894272804,0.1349433064460754,0.1159699708223342,0.1353723257780075,0.1796006560325622,0.1128353402018547,0.0767218172550201,0.0263474807143211,0.0658122524619102,0.0675767064094543,0.0556531436741352,0.098504863679409,0.0613134913146495,0.1128353402018547,0.0668321177363395,0.0613134913146495,0.2067741602659225
thumbs_down,0.0,0.0,0.0,0.0665714740753173,0.0578953027725219,-0.0356644913554191,0.1521007120609283,0.1021270155906677,-0.0614989474415779,0.219554990530014,0.1596014499664306,-0.0869636237621307,0.2527699470520019,0.2368404865264892,-0.1069777905941009,0.210874855518341,-0.0262872576713562,-0.0316280163824558,0.2837495803833008,-0.0827943682670593,-0.0766149386763572,0.2323528528213501,-0.0562730133533477,-0.0981466248631477,0.2022657096385955,-0.0259356796741485,-0.1052175685763359,0.1852852404117584,-0.0985326468944549,-0.0305598191916942,0.2542747259140014,-0.1550418734550476,-0.0729471817612648,0.1982020139694214,-0.116208791732788,-0.0786160379648208,0.1718353629112243,-0.0913555324077606,-0.0727620050311088,0.1513040959835052,-0.1608487069606781,-0.0363276675343513,0.2206427454948425,-0.2220483720302581,-0.0736016482114791,0.1722508668899536,-0.1795718222856521,-0.0607657432556152,0.1434908509254455,-0.1537559330463409,-0.0418031923472881,0.11233451962471,-0.2146982252597808,-0.0452856309711933,0.158861368894577,-0.2712233066558838,-0.0628412812948226,0.131752610206604,-0.2369100898504257,-0.0485111661255359,0.1108404994010925,-0.2119449973106384,-0.0312953256070613,0.2148477584123611,0.2120688706636428,0.2237966358661651,0.2465059012174606,0.074092261493206,0.0448713190853595,0.0118884649127721,0.0143367014825344,0.0791146457195282,0.0752041861414909,0.0675457492470741,0.267591267824173,0.074092261493206,0.076650932431221,0.267591267824173,0.2130620181560516
thumbs_down,0.0,0.0,0.0,0.0702265202999115,0.0752941966056823,-0.044123213738203,0.1552302241325378,0.1256486773490905,-0.0662054941058158,0.21841362118721,0.1324593424797058,-0.0867917612195015,0.2569290697574615,0.139487087726593,-0.0979135781526565,0.2697665989398956,0.053100049495697,-0.00818607583642,0.3027220666408539,0.0369635820388793,-0.0563763119280338,0.236592024564743,0.0695405006408691,-0.0830126702785492,0.2330739200115203,0.0826488137245178,-0.0959580764174461,0.2589155733585357,-0.032923936843872,-0.0018906091572716,0.2869003713130951,-0.0278085470199584,-0.0481206849217414,0.2142796218395233,0.0154587626457214,-0.0553803369402885,0.2149301469326019,0.0266316533088684,-0.0505733974277973,0.2338098585605621,-0.108923852443695,-0.0063336826860904,0.2580116093158722,-0.1058940291404724,-0.0470454469323158,0.1939221918582916,-0.0615340173244476,-0.0305430814623832,0.1876145303249359,-0.0478323101997375,-0.0100169042125344,0.2039665281772613,-0.1826547086238861,-0.0160281471908092,0.2243187725543975,-0.1742699742317199,-0.0313810035586357,0.1771076023578643,-0.1359798908233642,-0.0140489852055907,0.1685879230499267,-0.1233441233634948,0.0047113425098359,0.2750647962093353,0.2610073387622833,0.2580146789550781,0.2742662727832794,0.0996162965893745,0.0886092558503151,0.0766795352101326,0.0721076801419258,0.0743430405855178,0.0890834107995033,0.0792525485157966,0.0616723746061325,0.0996162965893745,0.0869339033961296,0.0616723746061325,0.2448907047510147
thumbs_down,0.0,0.0,0.0,0.049806147813797,0.0916332602500915,-0.051675371825695,0.123112678527832,0.1857528686523437,-0.078985683619976,0.1689716577529907,0.2377234101295471,-0.1008822545409202,0.1983997821807861,0.2699499726295471,-0.1112203299999237,0.2419069409370422,0.0850064158439636,-0.0354345999658107,0.2509241104125976,0.068128764629364,-0.0775673016905784,0.175122857093811,0.092257022857666,-0.0937452167272567,0.1781184673309326,0.0895957946777343,-0.1029179468750953,0.2428124547004699,0.003297746181488,-0.0235184617340564,0.2368581295013427,-0.0174041986465454,-0.0668941363692283,0.1502487659454345,0.0265750288963317,-0.0662703067064285,0.1652106046676635,0.0297047495841979,-0.0596705488860607,0.2228147387504577,-0.0709641575813293,-0.0198717005550861,0.2157119512557983,-0.0940415263175964,-0.0571911633014678,0.1431200504302978,-0.0447940528392791,-0.0324885137379169,0.1514988541603088,-0.0353533625602722,-0.0115809869021177,0.1977357864379882,-0.1441683173179626,-0.0217496734112501,0.1790616512298584,-0.1562504470348358,-0.0399777442216873,0.1323162019252777,-0.1195609271526336,-0.0252860467880964,0.1388033628463745,-0.1072885692119598,-0.0112281525507569,0.2588448822498321,0.2439710646867752,0.234685331583023,0.2456765919923782,0.0929732993245124,0.0895899012684822,0.0801424980163574,0.0703125074505806,0.0749925822019577,0.0820559337735176,0.073047749698162,0.1816807389259338,0.0929732993245124,0.0825779661536216,0.1816807389259338,0.233793556690216
thumbs_down,0.0,0.0,0.0,0.0458521544933319,0.0966272354125976,-0.0471180044114589,0.0907098352909088,0.1863387823104858,-0.0823701322078704,0.1232973337173461,0.2881690859794616,-0.1196128651499748,0.1357367038726806,0.3791435956954956,-0.1523621976375579,0.1912873387336731,0.1021486520767211,-0.0008551844512112,0.2193749547004699,0.1019802093505859,-0.0418507829308509,0.2146331667900085,0.075345754623413,-0.0650432035326957,0.2083094120025634,0.0425694584846496,-0.0737489163875579,0.1940821409225464,0.0203333497047424,0.0032562813721597,0.1955520510673523,0.0014398097991943,-0.0293599031865596,0.1307897567749023,0.0071690678596496,-0.0300876349210739,0.1355016231536865,0.0140631794929504,-0.020875820890069,0.182064414024353,-0.0541276335716247,-0.0043961890041828,0.1875123381614685,-0.0708160698413848,-0.0444502606987953,0.1263600587844848,-0.0559767484664917,-0.0317441225051879,0.1183691024780273,-0.0481877326965332,-0.0120419114828109,0.1623681187629699,-0.1220596730709075,-0.017752407118678,0.1729524135589599,-0.150844931602478,-0.0414252579212188,0.1342553496360778,-0.146761953830719,-0.0308425072580575,0.1226745247840881,-0.1431228518486023,-0.0151807628571987,0.2168546169996261,0.1951715350151062,0.1899909973144531,0.2039046883583068,0.0956709310412406,0.0636659264564514,0.064426951110363,0.0450094677507877,0.0943882763385772,0.0651669949293136,0.0950845181941986,0.3531699180603027,0.0956709310412406,0.0819662064313888,0.3531699180603027,0.2266962975263595
thumbs_down,0.0,0.0,0.0,0.046329915523529,0.1059778332710266,-0.0498011969029903,0.1057942807674408,0.2063176035881042,-0.0868712812662124,0.1431760787963867,0.3027471899986267,-0.122407779097557,0.1498429179191589,0.3986219763755798,-0.1502650380134582,0.2357115149497985,0.1088636517524719,-0.0329363159835338,0.2387292981147766,0.1049009561538696,-0.0795040130615234,0.1875807046890258,0.1029067635536193,-0.0991117805242538,0.1865942478179931,0.1035705208778381,-0.1084874346852302,0.238354206085205,0.0267683863639831,-0.0313169099390506,0.2259712815284729,0.0239010453224182,-0.0699056833982467,0.1449853777885437,0.0409252047538757,-0.0652472972869873,0.1601842045783996,0.048945665359497,-0.0555737353861331,0.2196851372718811,-0.0492844581604003,-0.0391357913613319,0.2074754238128662,-0.0561757385730743,-0.0790723785758018,0.1381313204765319,-0.0287145972251892,-0.0543481335043907,0.146665871143341,-0.0173341631889343,-0.0313458479940891,0.1930474638938903,-0.1222062706947326,-0.05308173969388,0.179636538028717,-0.1397919654846191,-0.0731777399778366,0.133796215057373,-0.1097349822521209,-0.0543975755572319,0.1332829594612121,-0.0938187837600708,-0.0359777733683586,0.2617174386978149,0.2418884485960006,0.2285216152667999,0.2345620691776275,0.0902690142393112,0.0847984328866005,0.0800831913948059,0.0683387964963913,0.0805060565471649,0.0718522891402244,0.0777846649289131,0.3002521991729736,0.0902690142393112,0.0821537524461746,0.3002521991729736,0.2358375787734985
thumbs_down,0.0,0.0,0.0,0.0420303642749786,0.1073135733604431,-0.0466955341398716,0.1046420335769653,0.2096248269081115,-0.0797528401017189,0.1359137892723083,0.3105547428131103,-0.1114907339215278,0.1311056017875671,0.4045102000236511,-0.136230856180191,0.2325459122657776,0.1082225441932678,-0.031140187755227,0.2209500074386596,0.1121906042098999,-0.0751534402370452,0.1721767783164978,0.1046322584152221,-0.0944438725709915,0.1795752644538879,0.0943176746368408,-0.104898102581501,0.2349327802658081,0.0237362384796142,-0.031474020332098,0.2069302797317505,0.0249640345573425,-0.0696897506713867,0.1336994767189026,0.0391727685928344,-0.0696550905704498,0.154980182647705,0.0407118797302246,-0.06453238427639,0.2149567008018493,-0.052806556224823,-0.0404274687170982,0.190159261226654,-0.0582638382911682,-0.0794036239385604,0.1276375651359558,-0.0300267338752746,-0.0608443319797515,0.1428282856941223,-0.0221238732337951,-0.0430641062557697,0.1877974271774292,-0.1227507591247558,-0.0551491566002368,0.1655944585800171,-0.1391770243644714,-0.0753601118922233,0.1246718168258667,-0.1093236207962036,-0.0605586655437946,0.1298521757125854,-0.0959081053733825,-0.0456983856856823,0.2583784759044647,0.2382172048091888,0.2250095605850219,0.2310347408056259,0.091866560280323,0.0881671458482742,0.0784275904297828,0.0645561516284942,0.0714695081114769,0.0675047188997268,0.0749628692865371,0.3155161738395691,0.091866560280323,0.0845206752419471,0.3155161738395691,0.2364900112152099
thumbs_down,0.0,0.0,0.0,0.049432098865509,0.1044485569000244,-0.0546629168093204,0.1075289249420166,0.1996093988418579,-0.094593696296215,0.1431278586387634,0.3030820488929748,-0.1323589086532592,0.1523470878601074,0.3990976214408874,-0.1638286709785461,0.23708176612854,0.102459967136383,-0.0389190502464771,0.2346196770668029,0.1062517166137695,-0.0869773477315902,0.1891363859176635,0.1029168367385864,-0.1111806407570838,0.1876438856124878,0.0984070301055908,-0.1239515766501426,0.2365810275077819,0.0216495990753173,-0.0356954187154769,0.2230744957923889,0.0191908478736877,-0.0746503546833992,0.1530414819717407,0.0347318649291992,-0.0756516829133033,0.1653072834014892,0.0399518609046936,-0.0714239627122879,0.2160895466804504,-0.0537056922912597,-0.0420303493738174,0.2084323167800903,-0.0609111189842224,-0.0830586031079292,0.1458351612091064,-0.0335488319396972,-0.0643187537789344,0.1494401693344116,-0.0224859714508056,-0.0457646660506725,0.1871585249900818,-0.1268730163574218,-0.0547846667468547,0.1818394660949707,-0.1457859277725219,-0.0780214369297027,0.1415531039237976,-0.1117082238197326,-0.0633587688207626,0.1372603774070739,-0.0906341671943664,-0.0477565862238407,0.2611905634403229,0.2402362376451492,0.2265955507755279,0.2326508909463882,0.0984431877732276,0.0818012729287147,0.0736936628818512,0.0620682947337627,0.0817011669278144,0.0693444162607193,0.0692567080259323,0.3053700625896454,0.0984431877732276,0.0808761939406395,0.3053700625896454,0.2352395951747894
thumbs_down,0.0,0.0,0.0,0.0444254279136657,0.1072677373886108,-0.05492789670825,0.1068648099899292,0.2120746970176696,-0.0944162011146545,0.13904869556427,0.3146466612815857,-0.1304777264595031,0.1465899348258972,0.4095069766044616,-0.1587070077657699,0.238225519657135,0.1111747622489929,-0.047002475708723,0.2340408563613891,0.1270157098770141,-0.0946206226944923,0.1825901865959167,0.1228530406951904,-0.1142543181777,0.191787302494049,0.1136704683303833,-0.1251711845397949,0.2428095936775207,0.0277631878852844,-0.0429534688591957,0.2231418490409851,0.0407685041427612,-0.0833808556199073,0.1467924118041992,0.0556557774543762,-0.0815890356898307,0.1710476875305175,0.0516778230667114,-0.0755653977394104,0.2244150042533874,-0.0498008131980896,-0.0477981753647327,0.2041659355163574,-0.0461838245391845,-0.0871763378381729,0.1397680044174194,-0.0158818960189819,-0.06571526825428,0.1569852828979492,-0.0121795535087585,-0.0473817102611064,0.1985498070716858,-0.1217688918113708,-0.0591216012835502,0.1727833151817321,-0.1284680962562561,-0.0806556567549705,0.1322849988937378,-0.0968485474586486,-0.0675113350152969,0.1408470273017883,-0.0879761278629303,-0.05476601049304,0.2670589089393616,0.2481376528739929,0.2347911447286605,0.2403019964694976,0.0909564867615699,0.0823724418878555,0.0772159323096275,0.0670114383101463,0.0820606648921966,0.0712027847766876,0.0778465941548347,0.3011423051357269,0.0909564867615699,0.0836355090141296,0.3011423051357269,0.2366089224815368
thumbs_down,0.0,0.0,0.0,0.0424429774284362,0.1061732172966003,-0.061000108718872,0.1000527143478393,0.2021142840385437,-0.0994733572006225,0.1335648298263549,0.2982372045516968,-0.1327240318059921,0.1430237293243408,0.3916010856628418,-0.1589743643999099,0.2340657711029052,0.0917507410049438,-0.0451828464865684,0.220982015132904,0.0940642356872558,-0.0867947563529014,0.1758655309677124,0.0968427658081054,-0.1078030839562416,0.1816024184226989,0.0914932489395141,-0.1200872138142585,0.2322982549667358,0.0070614218711853,-0.0371519029140472,0.2077571749687194,0.0016947388648986,-0.0731101334095001,0.1413228511810302,0.0271778106689453,-0.0769460201263427,0.156541109085083,0.0290837883949279,-0.0758530721068382,0.2086326479911804,-0.0679439604282379,-0.0376193635165691,0.1951973438262939,-0.081482708454132,-0.0747614502906799,0.1367121934890747,-0.0449347496032714,-0.0593636110424995,0.1448095440864563,-0.0343077182769775,-0.0445233881473541,0.1765395998954773,-0.1358793377876281,-0.0446206554770469,0.1681357622146606,-0.1537926197052002,-0.0654459446668624,0.1302546858787536,-0.1161948144435882,-0.0521751828491687,0.128683865070343,-0.0972855687141418,-0.0386331230401992,0.2554338872432709,0.2353563457727432,0.2226189076900482,0.227201297879219,0.0914501771330833,0.0878743976354599,0.072473794221878,0.0617697387933731,0.0804963931441307,0.07167749106884,0.0652758926153183,0.3050659596920013,0.0914501771330833,0.0850876048207283,0.3050659596920013,0.2347872108221054
thumbs_down,0.0,0.0,0.0,0.0489338040351867,0.1142536401748657,-0.0449159033596515,0.1161496639251709,0.2291620373725891,-0.0809976756572723,0.1450026035308838,0.334424078464508,-0.1166593059897422,0.1447244882583618,0.430019736289978,-0.1436659842729568,0.2481085658073425,0.1411709785461425,-0.0348229333758354,0.2449526190757751,0.148489236831665,-0.0821438580751419,0.182296335697174,0.1428549885749817,-0.1012410372495651,0.1917126178741455,0.1354686021804809,-0.1126480773091316,0.2506649494171142,0.0532498359680175,-0.0388331189751625,0.2349920272827148,0.0605102777481079,-0.0825507044792175,0.156356394290924,0.0735259652137756,-0.0828092619776725,0.1799687147140503,0.0687962770462036,-0.0780268982052803,0.2305572032928466,-0.0304819345474243,-0.0514513216912746,0.2179821729660034,-0.0296177864074707,-0.094475619494915,0.1483920812606811,-0.0014596581459045,-0.0730956569314003,0.1650860905647277,-0.0003434419631958,-0.0536017119884491,0.2030588388442993,-0.1076716184616088,-0.0696639418601989,0.190057635307312,-0.1164379715919494,-0.09220502525568,0.1468656659126281,-0.0837846398353576,-0.0765753909945488,0.1520354151725769,-0.072251945734024,-0.0615301020443439,0.2875756323337555,0.2591842412948608,0.2381869256496429,0.2401648014783859,0.0962796583771705,0.0823152586817741,0.0721070021390914,0.0626426562666893,0.0760377794504165,0.0748223438858985,0.0735119879245758,0.2998839318752289,0.0962796583771705,0.0880496650934219,0.2998839318752289,0.2552763521671295
thumbs_down,0.0,0.0,0.0,0.0626988112926483,0.1319320797920227,-0.0356552973389625,0.1362707912921905,0.2392405271530151,-0.0614546090364456,0.1830145418643951,0.2784819602966308,-0.0898350551724433,0.212631493806839,0.2990016937255859,-0.1101579442620277,0.2860012948513031,0.1711057424545288,-0.011891309171915,0.2901550233364105,0.2386331558227539,-0.0638055652379989,0.2069006264209747,0.2196803092956543,-0.0925105437636375,0.2010039985179901,0.1916524171829223,-0.1088949739933013,0.2935225665569305,0.0848298072814941,-0.019483970478177,0.2726310193538666,0.168878436088562,-0.0660788118839263,0.1824171245098114,0.1519688367843628,-0.0770289003849029,0.1940852105617523,0.118600308895111,-0.0785684213042259,0.2767873108386993,-0.0018976330757141,-0.0366151668131351,0.2612867057323456,0.0717848539352417,-0.0859245955944061,0.1771008074283599,0.0692025423049926,-0.0719802752137184,0.1786301434040069,0.0384981036186218,-0.0553686618804931,0.2483282387256622,-0.0923317074775695,-0.0574677810072898,0.2350964844226837,-0.0292339324951171,-0.0845309644937515,0.1749970614910125,-0.0117343664169311,-0.0672492906451225,0.1698029935359954,-0.0271278619766235,-0.0487565770745277,0.3334896266460418,0.3061555325984955,0.2792050838470459,0.2710988819599151,0.1306002140045166,0.1204956695437431,0.107788398861885,0.1024384722113609,0.079398863017559,0.0848142132163047,0.0665462613105773,0.107984535396099,0.1306002140045166,0.0869353488087654,0.107984535396099,0.2699921727180481
thumbs_down,0.0,0.0,0.0,0.0481725335121154,0.1281086802482605,-0.0263155587017536,0.1201573610305786,0.2574714422225952,-0.0420034155249595,0.1615549325942993,0.3235145807266235,-0.0581277161836624,0.1782568097114563,0.3600988388061523,-0.0647147595882415,0.2478205561637878,0.1507333517074585,-0.0133740417659282,0.2542610168457031,0.21822190284729,-0.0521078780293464,0.176881194114685,0.1954138278961181,-0.0679178014397621,0.1811786293983459,0.1548899412155151,-0.077971301972866,0.2609072923660278,0.0690191388130188,-0.0212864261120557,0.250099241733551,0.1367697119712829,-0.058336891233921,0.160586416721344,0.1241698861122131,-0.0631887689232826,0.1806674003601074,0.088350236415863,-0.0632962882518768,0.2492021918296814,-0.0084614753723144,-0.0352803170680999,0.2450487613677978,0.0520617961883544,-0.0745125859975814,0.1601792573928833,0.0563575625419616,-0.0564211383461952,0.1703394651412964,0.0231489539146423,-0.0405980721116066,0.227342426776886,-0.0854185223579406,-0.0521599650382995,0.2072632908821106,-0.0310356020927429,-0.0754173919558525,0.151405930519104,-0.0122356414794921,-0.0598794072866439,0.1555131673812866,-0.0334574580192565,-0.0447916947305202,0.2903694808483124,0.2707200944423675,0.2518293559551239,0.2483980059623718,0.0929044187068939,0.0926118716597557,0.0851282998919487,0.0889588966965675,0.0681406632065773,0.0698074698448181,0.058665931224823,0.2056573927402496,0.0929044187068939,0.0831329151988029,0.2056573927402496,0.2401903569698333
thumbs_down,0.0,0.0,0.0,0.0463882982730865,0.1279507279396057,-0.0257592033594846,0.1215500831604003,0.2628253698348999,-0.0387979783117771,0.1612210273742675,0.3323529958724975,-0.0512970872223377,0.174333393573761,0.3773980140686035,-0.0534301549196243,0.2556906342506408,0.1559911370277404,-0.0103306416422128,0.2610517740249634,0.221276044845581,-0.0454643443226814,0.1812507510185241,0.1975271701812744,-0.0579849518835544,0.1846514344215393,0.1575598120689392,-0.0666462853550911,0.2685111165046692,0.071981132030487,-0.0170033369213342,0.2540406584739685,0.139806866645813,-0.0503609851002693,0.1617122292518615,0.1292415857315063,-0.0528139472007751,0.182634949684143,0.0974770784378051,-0.0515580661594867,0.2549412846565246,-0.0073412656784057,-0.0297195091843605,0.2442017197608947,0.0562044382095336,-0.0653171837329864,0.157064139842987,0.0611188411712646,-0.0466903112828731,0.1679596304893493,0.0287734866142272,-0.0313347987830638,0.2308499813079834,-0.0828862786293029,-0.0455558896064758,0.2055083513259887,-0.0275790691375732,-0.067982442677021,0.1495252847671508,-0.0066811442375183,-0.054318755865097,0.1564209461212158,-0.0268231630325317,-0.0407414175570011,0.2996959388256073,0.2785114347934723,0.2567726671695709,0.249473825097084,0.0906668677926063,0.0960145220160484,0.09419497102499,0.0933055952191352,0.061981089413166,0.0731062889099121,0.0575553067028522,0.2204766720533371,0.0906668677926063,0.0852441787719726,0.2204766720533371,0.2427350431680679
thumbs_down,0.0,0.0,0.0,0.0444892644882202,0.1250689625740051,-0.0280578136444091,0.118038535118103,0.2599181532859802,-0.0431709289550781,0.1545397043228149,0.3312034010887146,-0.057277638465166,0.162857711315155,0.3748162388801574,-0.0608756989240646,0.2488722205162048,0.1530095338821411,-0.015548251569271,0.2643018960952759,0.2133445143699646,-0.0520300827920436,0.1833211779594421,0.1930030584335327,-0.0640647634863853,0.1850534677505493,0.1558426618576049,-0.0721631124615669,0.2599309682846069,0.0700712203979492,-0.0215775575488805,0.2589526176452636,0.134206473827362,-0.057064265012741,0.1641568541526794,0.127753734588623,-0.0587194375693798,0.1830110549926757,0.097606360912323,-0.0567256584763526,0.248813509941101,-0.0082366466522216,-0.0337486304342746,0.2514277696609497,0.0504036545753479,-0.0718782171607017,0.1609481573104858,0.0578871965408325,-0.0518543198704719,0.1698821187019348,0.0267451405525207,-0.0351070165634155,0.2283283472061157,-0.085498034954071,-0.0489790476858615,0.2132265567779541,-0.0310409665107727,-0.0724118202924728,0.1537392735481262,-0.0109673142433166,-0.0570435188710689,0.1574230790138244,-0.0332239866256713,-0.0424025952816009,0.2925594747066498,0.2700734436511993,0.251226931810379,0.2486819177865982,0.0853586718440055,0.0889395624399185,0.0863465964794159,0.0883367583155632,0.0602822788059711,0.0752399340271949,0.0616826489567756,0.2203848510980606,0.0853586718440055,0.0838892832398414,0.2203848510980606,0.2417137324810028
thumbs_down,0.0,0.0,0.0,0.0452263951301574,0.126909852027893,-0.0304118171334266,0.1180696785449981,0.2632989883422851,-0.0462049096822738,0.1576506793498993,0.333049476146698,-0.0607214234769344,0.1710672080516815,0.3708086609840393,-0.0644992887973785,0.2461453974246978,0.1588653326034546,-0.0158711094409227,0.2664972841739654,0.2156240940093994,-0.0529257543385028,0.1842091977596283,0.1954132914543151,-0.0650388821959495,0.1849385201930999,0.1592025160789489,-0.0728906318545341,0.2560543119907379,0.0760654807090759,-0.0200154241174459,0.2625058591365814,0.1345166563987732,-0.0574485100805759,0.165505439043045,0.1291664838790893,-0.0590880289673805,0.1825370490550995,0.1008140444755554,-0.0564713366329669,0.2455395758152008,-0.0021915435791015,-0.0306406393647193,0.253348559141159,0.0517135858535766,-0.0704104378819465,0.1617689430713653,0.0593122243881225,-0.0497896559536457,0.1691276133060455,0.0299683809280395,-0.0320320576429367,0.2267452776432037,-0.0810892581939697,-0.0443909429013729,0.2138497531414032,-0.0311273336410522,-0.0680984333157539,0.1544006764888763,-0.0111631155014038,-0.0525210797786712,0.1578965485095977,-0.030731976032257,-0.03762648999691,0.2933899164199829,0.2678626179695129,0.2474537044763565,0.2448661774396896,0.0836517885327339,0.0857106372714042,0.0829155296087265,0.0855672881007194,0.0607006922364234,0.0761327743530273,0.0619836077094078,0.2122262716293335,0.0836517885327339,0.0834935754537582,0.2122262716293335,0.2424210160970688
thumbs_down,0.0,0.0,0.0,0.0446390509605407,0.1298197507858276,-0.0284355115145444,0.1167192757129669,0.2649896740913391,-0.0430516190826892,0.1593182981014251,0.3312740325927734,-0.056088101118803,0.177293986082077,0.3684746026992798,-0.0579773597419261,0.2466026842594146,0.157781183719635,-0.0177784245461225,0.2663169801235199,0.2149139642715454,-0.0531780309975147,0.1839502155780792,0.1932166218757629,-0.0627430155873298,0.1850350797176361,0.1559573411941528,-0.0693997740745544,0.2564335167407989,0.0766290426254272,-0.0229998659342527,0.2602048218250274,0.1336877346038818,-0.0596770867705345,0.1625577509403228,0.1264426708221435,-0.0608238875865936,0.1818291246891021,0.0983936786651611,-0.0586412623524665,0.2445562183856964,-0.0014429092407226,-0.0340150259435176,0.2512924969196319,0.0484215021133422,-0.0730775669217109,0.1599982678890228,0.0554096102714538,-0.0516653209924697,0.1699881851673126,0.0280864834785461,-0.0343029052019119,0.2238166630268097,-0.0801363587379455,-0.0478154569864273,0.2106126248836517,-0.0389022231101989,-0.0721020773053169,0.1518372595310211,-0.0180474519729614,-0.0564183220267295,0.1570106446743011,-0.0357273817062377,-0.0418118983507156,0.2932982444763183,0.2686245441436767,0.246914654970169,0.2424913495779037,0.0803657844662666,0.0854975059628486,0.080202616751194,0.0804440453648567,0.0586480945348739,0.0753370076417923,0.0655515938997268,0.2129647433757782,0.0803657844662666,0.0819120183587074,0.2129647433757782,0.240886241197586
thumbs_down,0.0,0.0,0.0,0.0388737916946411,0.1164995431900024,-0.0268945973366498,0.0971086621284484,0.2312278151512146,-0.0391063019633293,0.1264598965644836,0.3174426555633545,-0.0536051280796527,0.1359243392944336,0.3693583011627197,-0.0614079572260379,0.2175447344779968,0.1204107403755188,0.0035204843152314,0.2464187145233154,0.1638550758361816,-0.0341219156980514,0.1693835854530334,0.1640909910202026,-0.0553865581750869,0.1552698016166687,0.1586208939552307,-0.0667884796857833,0.2239922285079956,0.0489324927330017,-0.0007001682533882,0.2377602458000183,0.0942059159278869,-0.0343992114067077,0.154414415359497,0.0944399833679199,-0.0408440493047237,0.149848461151123,0.0796014666557312,-0.0403564535081386,0.2149720191955566,-0.0219335556030273,-0.0132916858419775,0.2228516936302185,0.0159732103347778,-0.0510120503604412,0.1425135731697082,0.023220419883728,-0.0368511825799942,0.1299961805343628,0.0108385682106018,-0.0205220244824886,0.1975031495094299,-0.0970877408981323,-0.0286292061209678,0.1963697075843811,-0.0688459873199462,-0.0453881658613681,0.1406157612800598,-0.053401231765747,-0.0285799540579319,0.1273224353790283,-0.0565195679664611,-0.0124498102813959,0.2486701607704162,0.2292758077383041,0.2164964526891708,0.221930518746376,0.1013979017734527,0.0895014256238937,0.0913629233837127,0.082661248743534,0.0834991782903671,0.0742687955498695,0.0678927674889564,0.2116918712854385,0.1013979017734527,0.0718924477696418,0.2116918712854385,0.220773309469223
thumbs_down,0.0,0.0,0.0,0.0273158550262451,0.118106722831726,-0.0338059552013874,0.0827621519565582,0.2454496026039123,-0.0555832311511039,0.1032749116420745,0.3368571996688843,-0.0761622712016105,0.10871422290802,0.400705337524414,-0.0907613411545753,0.2287100851535797,0.1615639925003051,-0.0312065109610557,0.2079416811466217,0.1890708804130554,-0.0761155486106872,0.1393342614173889,0.1654442548751831,-0.1010450348258018,0.1337096393108368,0.1471227407455444,-0.1177457794547081,0.2426445186138153,0.0754053592681884,-0.0382037051022052,0.2045876383781433,0.1100324988365173,-0.0802078992128372,0.128950834274292,0.1042011380195617,-0.0889640301465988,0.1325553655624389,0.0924290418624877,-0.0923293530941009,0.2324906289577484,-0.0108728408813476,-0.0515706986188888,0.1899633705615997,0.0276705026626586,-0.093154951930046,0.1165883839130401,0.0354699492454528,-0.0804793536663055,0.1176168620586395,0.0251799821853637,-0.0683516040444374,0.2094615697860717,-0.0913932919502258,-0.0691557452082634,0.1669465005397796,-0.0562120676040649,-0.095160961151123,0.1085382401943206,-0.0393298268318176,-0.0841095671057701,0.1032099425792694,-0.0429738759994506,-0.0723776593804359,0.2817535698413849,0.2569471895694732,0.2383897006511688,0.2387664169073104,0.1293161958456039,0.1238507702946662,0.1215622797608375,0.1168085113167762,0.0603218674659729,0.0729419440031051,0.0697761923074722,0.2562363445758819,0.1293161958456039,0.087558202445507,0.2562363445758819,0.2565112709999084
thumbs_down,0.0,0.0,0.0,0.0379032790660858,0.1183536052703857,-0.0289776399731636,0.0944692492485046,0.243997573852539,-0.0493555404245853,0.1148402392864227,0.3319143056869507,-0.0688979029655456,0.1152119934558868,0.4051770567893982,-0.0798151493072509,0.2418311834335327,0.1422220468521118,-0.0269564539194107,0.2186484038829803,0.1973180174827575,-0.0652469843626022,0.1502516269683838,0.1664023399353027,-0.0817016214132309,0.1594510674476623,0.1431227326393127,-0.0944530889391899,0.2598524689674377,0.0548840165138244,-0.0353126414120197,0.2161348164081573,0.1119452714920044,-0.073986180126667,0.1367526054382324,0.100992739200592,-0.0788534954190254,0.1560115814208984,0.0868621468544006,-0.0798253044486045,0.2472982406616211,-0.0279217362403869,-0.048785526305437,0.2037058472633361,0.0201510190963745,-0.0848490297794342,0.1290984153747558,0.0312855839729309,-0.0700514465570449,0.1442272663116455,0.0214225053787231,-0.058446530252695,0.222118467092514,-0.0993648767471313,-0.0663702264428138,0.1669864058494568,-0.0676712393760681,-0.0886637046933174,0.1157478690147399,-0.0460561513900756,-0.0803166776895523,0.1262269914150238,-0.0513120293617248,-0.0719713419675827,0.2818440794944763,0.2679226398468017,0.2536061406135559,0.2522201240062713,0.1065039485692977,0.1174176633358001,0.1146813631057739,0.1074040234088897,0.058232769370079,0.0698446035385131,0.0761396288871765,0.2661650478839874,0.1065039485692977,0.0895685479044914,0.2661650478839874,0.2455733567476272
thumbs_down,0.0,0.0,0.0,0.0352745354175567,0.1225733160972595,-0.032634362578392,0.0928366780281066,0.2550649642944336,-0.054859485477209,0.115027904510498,0.3446983098983764,-0.075375847518444,0.1159862875938415,0.4162894487380981,-0.0862451419234275,0.2392518818378448,0.1590828895568847,-0.0259285885840654,0.2163558304309845,0.2098244428634643,-0.0665356889367103,0.1463682651519775,0.1787618994712829,-0.08537008613348,0.1589925289154052,0.1593692898750305,-0.0999933257699012,0.2570705711841583,0.0731917023658752,-0.031923871487379,0.2178608775138855,0.1247259378433227,-0.0730586126446724,0.1376957297325134,0.1116177439689636,-0.0790339484810829,0.158241868019104,0.0999969244003295,-0.0798479989171028,0.2453877627849578,-0.0090875625610351,-0.0438501313328743,0.2036866247653961,0.0292266011238098,-0.0793072059750557,0.1315778493881225,0.0393730401992797,-0.0638560354709625,0.1492688655853271,0.0323511958122253,-0.0515213944017887,0.2237663865089416,-0.0793508887290954,-0.0604801326990127,0.1693150401115417,-0.0573856234550476,-0.0795211642980575,0.1205536723136901,-0.0366212129592895,-0.0704809501767158,0.1348722875118255,-0.0379051566123962,-0.0620124712586402,0.2884807288646698,0.2691866159439087,0.2494405061006546,0.2450016438961029,0.1092118620872497,0.1130590736865997,0.1049517095088958,0.09809310734272,0.062701478600502,0.0738840699195861,0.0724795088171958,0.2608572542667389,0.1092118620872497,0.0879246592521667,0.2608572542667389,0.2414213716983795
thumbs_down,0.0,0.0,0.0,0.0362628102302551,0.1207731366157531,-0.0302561782300472,0.0920082926750183,0.2525072693824768,-0.0513050965964794,0.1141546964645385,0.3495570421218872,-0.0709707662463188,0.119918942451477,0.4198459982872009,-0.0809759050607681,0.2364237308502197,0.1541971564292907,-0.0237491410225629,0.2179562747478485,0.2063124775886535,-0.0628739148378372,0.1525010466575622,0.1750592589378357,-0.0809646248817443,0.1672764122486114,0.1578019261360168,-0.0951928868889808,0.2532163858413696,0.0720190405845642,-0.0301420204341411,0.2187444865703582,0.1233717203140258,-0.0713261663913726,0.1407330930233001,0.1089504361152648,-0.0786317363381385,0.1616249680519104,0.0993781685829162,-0.0809745863080024,0.2419257164001464,-0.0097841024398803,-0.0418966822326183,0.2060004472732544,0.0281528830528259,-0.0764481201767921,0.1346917152404785,0.0366367101669311,-0.0598673559725284,0.1516858041286468,0.0335529446601867,-0.0474109202623367,0.2222278416156768,-0.0799760222434997,-0.0580181144177913,0.1721376776695251,-0.0638104081153869,-0.0757478699088096,0.1231379508972168,-0.0425078272819519,-0.0652599558234214,0.1365116238594055,-0.0389288067817688,-0.0563804432749748,0.2832612991333008,0.2649789154529571,0.2457216084003448,0.2432025372982025,0.0994914919137954,0.1082656905055046,0.1002584025263786,0.0950516983866691,0.0603939928114414,0.0745537877082824,0.0745943188667297,0.2666682600975036,0.0994914919137954,0.0841195881366729,0.2666682600975036,0.2370927333831787
thumbs_down,0.0,0.0,0.0,0.0356591343879699,0.1172831654548645,-0.0384350717067718,0.0917535722255706,0.2474775910377502,-0.0635832399129867,0.1146404445171356,0.3456707596778869,-0.0869394913315773,0.1194744110107421,0.4150012135505676,-0.1016477569937706,0.2354059815406799,0.1511304378509521,-0.0266450997442007,0.2197378575801849,0.2030878067016601,-0.0703527554869651,0.1599922776222229,0.1736961603164672,-0.0925966948270797,0.1684310138225555,0.1544347405433654,-0.1075618118047714,0.2528455257415771,0.0698032975196838,-0.0311963595449924,0.2223449349403381,0.1204102039337158,-0.0751396939158439,0.1509954929351806,0.1078037023544311,-0.0841405093669891,0.1665111482143402,0.0947576761245727,-0.0854107216000557,0.24337899684906,-0.0111787915229797,-0.0428980886936187,0.207559198141098,0.0231378674507141,-0.0828408524394035,0.1389610767364502,0.0339968204498291,-0.0706257820129394,0.1511044800281524,0.0297732949256896,-0.058135874569416,0.2219357192516327,-0.0830963253974914,-0.0595499724149704,0.1749633252620697,-0.0648764967918396,-0.0805307328701019,0.1259485483169555,-0.0418490767478942,-0.0706906467676162,0.1336775422096252,-0.0366719961166381,-0.060455098748207,0.2810095250606537,0.2641525566577911,0.2473834007978439,0.2443494647741317,0.1050908118486404,0.1049549505114555,0.1020972579717636,0.0997273474931716,0.0636844485998153,0.0721405074000358,0.0687317550182342,0.2651916444301605,0.1050908118486404,0.0833003968000412,0.2651916444301605,0.2369100153446197
thumbs_down,0.0,0.0,0.0,0.037142664194107,0.1167332530021667,-0.0400169640779495,0.094104379415512,0.2465243339538574,-0.0654422491788864,0.1177976131439209,0.3440680503845215,-0.0879335477948188,0.123222529888153,0.4113889932632446,-0.1013731434941291,0.2439832091331482,0.1341503262519836,-0.0310753583908081,0.2185409963130951,0.2019181847572326,-0.0732666999101638,0.1559900641441345,0.1735246777534485,-0.0952219516038894,0.169281005859375,0.1454876661300659,-0.1107024550437927,0.2579562664031982,0.054090142250061,-0.0335091762244701,0.2169574499130249,0.1167476773262023,-0.0737502351403236,0.1440921425819397,0.10672527551651,-0.0823129266500473,0.1637412309646606,0.0892910361289978,-0.0853400900959968,0.2450358867645263,-0.0237360596656799,-0.0425560548901557,0.2008438408374786,0.0233473777770996,-0.078685276210308,0.1337378323078155,0.0349113345146179,-0.0672569721937179,0.1503670215606689,0.0244505405426025,-0.0571719333529472,0.2220258116722107,-0.0916178226470947,-0.0566720627248287,0.1684706211090088,-0.0640716552734375,-0.0754002928733825,0.1211963593959808,-0.0426483154296875,-0.0671246349811554,0.1321929991245269,-0.0465078353881835,-0.0591876246035099,0.2801603078842163,0.2656878530979156,0.2498339563608169,0.2467812895774841,0.1097698882222175,0.1131460070610046,0.1072276383638382,0.1005543321371078,0.0619031488895416,0.0719486251473426,0.0732765272259712,0.2700220942497253,0.1097698882222175,0.0813068449497222,0.2700220942497253,0.2282730340957641
thumbs_down,0.0,0.0,0.0,0.0361247658729553,0.1215662360191345,-0.0366227142512798,0.0971484780311584,0.2553425431251526,-0.0606763735413551,0.1198443174362182,0.3554355502128601,-0.082757331430912,0.1239317655563354,0.425405204296112,-0.0954009220004081,0.2467318177223205,0.1480420231819152,-0.0257034078240394,0.2157845497131347,0.2112088799476623,-0.0686222463846206,0.1478873789310455,0.1775764226913452,-0.0916412025690078,0.1635231077671051,0.1527857780456543,-0.1090224012732505,0.2601674795150757,0.065773069858551,-0.0307236388325691,0.2175709009170532,0.1248506903648376,-0.0724646747112274,0.1406064331531524,0.1121699213981628,-0.0807486698031425,0.1622783541679382,0.0980832576751709,-0.0834701657295227,0.2465106844902038,-0.0147453546524047,-0.042624182999134,0.2011924684047699,0.0286884903907775,-0.0788190141320228,0.1317268908023834,0.0396819114685058,-0.0659789890050888,0.1506671011447906,0.0306285619735717,-0.0553216189146041,0.2237141728401184,-0.084232211112976,-0.0596808120608329,0.1669913828372955,-0.0594509243965148,-0.0781403481960296,0.1189645826816558,-0.0394588708877563,-0.070040576159954,0.1330403685569763,-0.0430756211280822,-0.062580905854702,0.2888835370540619,0.2701058387756347,0.2506028115749359,0.2463836371898651,0.1178484112024307,0.1157947555184364,0.10679891705513,0.0996193438768386,0.0603890046477317,0.0740087702870369,0.0761295333504676,0.2758158147335052,0.1178484112024307,0.0835098847746849,0.2758158147335052,0.2358719855546951
thumbs_down,0.0,0.0,0.0,0.0403215289115905,0.1318103671073913,-0.0196542609483003,0.100172221660614,0.2532545328140259,-0.0331456661224365,0.120173156261444,0.3434558510780334,-0.0482128970324993,0.11812224984169,0.4141697883605957,-0.0544824488461017,0.2317498922348022,0.1543473601341247,-0.0118175437673926,0.2301526665687561,0.1981180310249328,-0.0504868179559707,0.1554315388202667,0.1728627681732177,-0.0648202076554298,0.1543307900428772,0.1581491231918335,-0.075456790626049,0.2469506859779358,0.0687007308006286,-0.0234326180070638,0.2379913330078125,0.1123344898223877,-0.0693464875221252,0.1504797935485839,0.1048119664192199,-0.0738958790898323,0.1555445492267608,0.0980322360992431,-0.072036862373352,0.2341187000274658,-0.0118070840835571,-0.040359079837799,0.2250870466232299,0.0197795629501342,-0.0797340422868728,0.143178641796112,0.0324144959449768,-0.0578445307910442,0.1444033682346344,0.0277460813522338,-0.0397485606372356,0.2095314860343933,-0.0805584192276001,-0.0605529583990573,0.1782478094100952,-0.0689358711242675,-0.0831000655889511,0.1243209540843963,-0.0436234474182128,-0.0710261240601539,0.1296749711036682,-0.0372276306152343,-0.0598360076546669,0.2786947786808014,0.2573975920677185,0.237865149974823,0.2325075566768646,0.1002902016043663,0.1076001450419426,0.0980493053793907,0.0908577665686607,0.0602263174951076,0.0781460404396057,0.0695845857262611,0.2594177424907684,0.1002902016043663,0.0877571627497673,0.2594177424907684,0.2409346848726272
thumbs_down,0.0,0.0,0.0,0.0718806385993957,0.1285135149955749,-0.0078093642368912,0.1398461163043975,0.2325519919395446,-0.0118578122928738,0.1705838739871978,0.3172059059143066,-0.0207360666245222,0.177094429731369,0.3904044032096863,-0.0225405674427747,0.2370992600917816,0.1475229263305664,0.0339743942022323,0.2711561024188995,0.1775982975959777,0.0133552746847271,0.2048924267292022,0.1637028455734253,-0.0012736526550725,0.2056799829006195,0.1557720303535461,-0.0115418825298547,0.2489883005619049,0.0715437531471252,0.0272717159241437,0.2827074825763702,0.1032740473747253,0.0078893890604376,0.2053565680980682,0.0997744798660278,0.0018170913681387,0.2081396281719207,0.0931818485260009,0.001238485565409,0.2405372560024261,-0.0014970302581787,0.0149419670924544,0.2772800028324127,0.0185533165931701,-0.0022613306064158,0.2010070979595184,0.0326128602027893,0.0170873757451772,0.1918308436870575,0.0331317782402038,0.0330484844744205,0.226145714521408,-0.0713439583778381,0.0006246691336855,0.2423274219036102,-0.0636255741119384,-0.001050230115652,0.1937935054302215,-0.0437486767768859,0.0201855860650539,0.1856193840503692,-0.0343707203865051,0.0380373448133468,0.2813064754009247,0.260494589805603,0.2410055547952652,0.2371333688497543,0.0559191368520259,0.0530523359775543,0.0624444968998432,0.0664011463522911,0.0639290064573288,0.069884642958641,0.0679710134863853,0.2366230338811874,0.0559191368520259,0.0771952718496322,0.2366230338811874,0.2216639369726181
thumbs_down,0.0,0.0,0.0,0.0540297329425811,0.1208746433258056,-0.01677524484694,0.1258777976036071,0.246206521987915,-0.0260630063712596,0.1531871557235717,0.3361690640449524,-0.0362587720155715,0.1567241549491882,0.4169882535934448,-0.0373846068978309,0.2206025719642639,0.1577340364456176,0.0004747238999698,0.2679211497306824,0.1985975503921508,-0.0279336441308259,0.1890769600868225,0.1756325960159301,-0.0414509698748588,0.1915450096130371,0.1556982994079589,-0.0525096394121646,0.2287296056747436,0.0809611678123474,-0.0033486739266663,0.2736526727676391,0.1197876930236816,-0.0301780831068754,0.1836128830909729,0.1108383536338806,-0.0332204215228557,0.1931793689727783,0.0937509536743164,-0.0337778329849243,0.2203502058982849,0.0062227249145507,-0.0118565494194626,0.262949526309967,0.0372009873390197,-0.0315763093531131,0.1812506318092346,0.0461658239364624,-0.0067803915590047,0.1825155615806579,0.0339247584342956,0.0097377188503742,0.2119495272636413,-0.0680688023567199,-0.0227872245013713,0.2296245098114013,-0.0499156713485717,-0.0267518740147352,0.1778348088264465,-0.0267187356948852,-0.0044273934327065,0.1765644550323486,-0.0254419445991516,0.0115464404225349,0.2711931765079498,0.2426585257053375,0.2207566797733307,0.2237749397754669,0.0604634508490562,0.0485111474990844,0.0516253374516963,0.065176323056221,0.0647381320595741,0.07474285364151,0.0596916452050209,0.2640335261821747,0.0604634508490562,0.0772964432835578,0.2640335261821747,0.2271627485752105
thumbs_down,0.0,0.0,0.0,0.0354731678962707,0.1091516017913818,-0.0327143296599388,0.1019757986068725,0.2278438210487365,-0.0520929582417011,0.1307701468467712,0.3207035660743713,-0.0704971700906753,0.1343948245048523,0.4041693806648254,-0.0792218074202537,0.2092732787132263,0.1496080756187439,-0.0180859770625829,0.2532246112823486,0.1908169388771057,-0.0552411191165447,0.1740456819534301,0.1671819686889648,-0.0705477148294448,0.1734102964401245,0.1512896418571472,-0.0807602554559707,0.2175061106681823,0.073441743850708,-0.018976368010044,0.2582144737243652,0.1122253537178039,-0.0535378493368625,0.1654461026191711,0.1019513010978698,-0.0531199648976326,0.1748678088188171,0.0880616307258606,-0.0490824207663536,0.2111087441444397,-0.0036243796348571,-0.0268440674990415,0.2460650205612182,0.030230164527893,-0.0577103197574615,0.1643854975700378,0.0382660627365112,-0.0325600989162921,0.1671503186225891,0.0291012525558471,-0.0126548968255519,0.2023608088493347,-0.0802710652351379,-0.0384027548134326,0.2159143090248108,-0.0546736717224121,-0.0505706295371055,0.1637685894966125,-0.0318663716316223,-0.0289996098726987,0.1610921025276184,-0.0344367027282714,-0.0117424679920077,0.257885605096817,0.2303534299135208,0.2128394842147827,0.2210613340139389,0.0722291246056556,0.0542046166956424,0.0566095635294914,0.0671912655234336,0.0707346498966217,0.0697341412305831,0.0638326480984687,0.2558764219284057,0.0722291246056556,0.0766151621937751,0.2558764219284057,0.2308786958456039
thumbs_down,0.0,0.0,0.0,0.0381662249565124,0.1136336326599121,-0.0329630561172962,0.105749487876892,0.2346681356430053,-0.0513621307909488,0.1362950205802917,0.3232791423797607,-0.0689552649855613,0.1398519873619079,0.4020029306411743,-0.0769311860203743,0.2106339335441589,0.1517685055732727,-0.0183619726449251,0.2582497000694275,0.1943027973175048,-0.0555671043694019,0.1809293031692505,0.1712710857391357,-0.069373682141304,0.1784526705741882,0.153116226196289,-0.0781231969594955,0.2199928760528564,0.0752905011177063,-0.0201267395168542,0.2592508196830749,0.1150022745132446,-0.0557147189974784,0.1675227284431457,0.1057914495468139,-0.0558724775910377,0.1780560612678527,0.090478777885437,-0.0518505796790123,0.2148200273513794,-0.0007191896438598,-0.028865760192275,0.2488491535186767,0.0328931808471679,-0.0621498227119445,0.1667409539222717,0.0404436588287353,-0.0388870388269424,0.1707755327224731,0.0283675193786621,-0.0193919818848371,0.2064216136932373,-0.078839898109436,-0.0412589386105537,0.2186300158500671,-0.0545505881309509,-0.0551311932504177,0.1664377450942993,-0.027989387512207,-0.0343784466385841,0.1633121371269226,-0.0287216901779174,-0.0171158444136381,0.2602642774581909,0.2333894073963165,0.2167519181966781,0.2247841507196426,0.067888543009758,0.0547337383031845,0.0536256171762943,0.0703786239027977,0.0679253861308097,0.070458322763443,0.0576199702918529,0.2518650889396667,0.067888543009758,0.0770687311887741,0.2518650889396667,0.2317806035280227
thumbs_down,0.0,0.0,0.0,0.0375674068927764,0.1103706955909729,-0.0318681523203849,0.1013467907905578,0.2273817062377929,-0.0506065711379051,0.1312626600265503,0.3152797818183899,-0.0689913034439086,0.1371498107910156,0.3904199600219726,-0.078165516257286,0.205004334449768,0.1456215381622314,-0.0178762394934892,0.253640353679657,0.1800442337989807,-0.054719366133213,0.1759867668151855,0.1601173877716064,-0.0688537508249282,0.1716095209121704,0.1452387571334839,-0.0775731280446052,0.2127130627632141,0.0696693658828735,-0.019753772765398,0.2554863691329956,0.1016831994056701,-0.0550167560577392,0.1640626192092895,0.0957649946212768,-0.0549133159220218,0.172425627708435,0.0832653045654296,-0.0508798696100711,0.2074183225631714,-0.0060581564903259,-0.0284498110413551,0.2452207803726196,0.0218684077262878,-0.0610864795744419,0.1634218096733093,0.0303617715835571,-0.0367299020290374,0.1652424335479736,0.0208984017372131,-0.0166258942335844,0.1995376944541931,-0.0847295522689819,-0.0406900681555271,0.2167938947677612,-0.0630962252616882,-0.0537918955087661,0.1643958687782287,-0.0389204025268554,-0.032051395624876,0.1594033241271972,-0.039896011352539,-0.0143199637532234,0.2520951628684997,0.2247017472982406,0.2094479650259018,0.2205676138401031,0.0684037879109382,0.0526949800550937,0.051432155072689,0.0656977668404579,0.0674826279282569,0.071516178548336,0.061117697507143,0.2475916892290115,0.0684037879109382,0.0763654485344886,0.2475916892290115,0.2315426021814346
thumbs_down,0.0,0.0,0.0,0.040898323059082,0.1117435693740844,-0.0289361905306577,0.107134461402893,0.2338472008705139,-0.0452464371919631,0.1356998085975647,0.3210243582725525,-0.061081264168024,0.138930857181549,0.3986707925796509,-0.0672908052802085,0.2065317034721374,0.1464828252792358,-0.014903268776834,0.2553454637527466,0.1902863979339599,-0.0509242825210094,0.1772525310516357,0.1661810278892517,-0.0651032254099845,0.1768776178359985,0.1502704620361328,-0.0750398412346839,0.2141763567924499,0.0723640322685241,-0.0171018671244382,0.2587971687316894,0.1132112741470336,-0.0528329201042652,0.1674503087997436,0.1026979684829711,-0.0541961714625358,0.1770960092544555,0.0894019603729248,-0.0517725422978401,0.2083888053894043,-0.0020239949226379,-0.0256457757204771,0.2478551268577575,0.0303009152412414,-0.0561888888478279,0.1663245558738708,0.0367634296417236,-0.0319739580154418,0.1696676611900329,0.027515709400177,-0.0132004199549555,0.2012860774993896,-0.0796262025833129,-0.0375831238925457,0.2164618968963623,-0.0589281320571899,-0.0482835136353969,0.1652960181236267,-0.0335991382598876,-0.0270219147205352,0.1634161472320556,-0.0315303206443786,-0.010805613361299,0.2536427974700928,0.2267168760299682,0.2099706977605819,0.2197018712759018,0.0671574100852012,0.053547166287899,0.0502673648297786,0.0668160170316696,0.0651643201708793,0.0733000487089157,0.0594243258237838,0.2514015436172485,0.0671574100852012,0.0745444148778915,0.2514015436172485,0.2273041605949401
thumbs_down,0.0,0.0,0.0,0.0410963296890258,0.1105831265449523,-0.0283260270953178,0.1066145300865173,0.2298451662063598,-0.0453028716146945,0.1344692111015319,0.3165505528450012,-0.0616338737308979,0.1369080543518066,0.3942731022834778,-0.0681516304612159,0.209918200969696,0.1419469118118286,-0.017212551087141,0.2529335021972656,0.1894554495811462,-0.0531683266162872,0.174338698387146,0.1622452139854431,-0.0673327520489692,0.1782720685005188,0.1440008282661438,-0.0780874118208885,0.2168177366256714,0.0677968263626098,-0.0195205155760049,0.2581520080566406,0.1134517788887023,-0.0573479644954204,0.1663987040519714,0.1006074547767639,-0.0594973042607307,0.1773263216018676,0.086864173412323,-0.0577790103852748,0.2093608379364013,-0.0063339471817016,-0.0276506673544645,0.2451027035713195,0.0301684737205505,-0.0588645339012146,0.1644903421401977,0.0363222360610961,-0.0350362248718738,0.1689933538436889,0.026252806186676,-0.0168771408498287,0.2017021179199218,-0.0822899341583252,-0.0390643328428268,0.2111383080482483,-0.0590524077415466,-0.0501064769923687,0.1612163782119751,-0.0340048670768737,-0.0304330755025148,0.1623433232307434,-0.031930387020111,-0.0158676095306873,0.2539898455142975,0.228007435798645,0.2112738490104675,0.2213174104690551,0.0686399638652801,0.0581966303288936,0.0529858395457267,0.0679947584867477,0.0606458820402622,0.0735944211483001,0.0585706941783428,0.2538619935512543,0.0686399638652801,0.0745061412453651,0.2538619935512543,0.2254488170146942
thumbs_down,0.0,0.0,0.0,0.0418855249881744,0.1102272272109985,-0.0274352133274078,0.1082437634468078,0.2284044623374939,-0.0437148623168468,0.1363889575004577,0.3158075213432312,-0.0603095330297946,0.1400001645088195,0.3940919637680053,-0.0674323812127113,0.2091545462608337,0.1455403566360473,-0.0122934151440858,0.2565026879310608,0.1877124309539795,-0.0494690872728824,0.1781897544860839,0.1641537547111511,-0.0651656910777092,0.1797046661376953,0.1499272584915161,-0.0760013684630394,0.2154115438461303,0.0717598795890808,-0.0150656877085566,0.2595918774604797,0.1122298240661621,-0.0528665818274021,0.168051540851593,0.1010953783988952,-0.0552460215985775,0.1766251325607299,0.0879693031311035,-0.0528694353997707,0.2092161178588867,-0.0025107264518737,-0.024291330948472,0.2490670084953308,0.0297141075134277,-0.0564180128276348,0.167243480682373,0.0362927913665771,-0.0329895690083503,0.1690139174461364,0.0273467898368835,-0.0139238163828849,0.2023125290870666,-0.0795858502388,-0.0367315970361232,0.2160496115684509,-0.0580010414123535,-0.0476405546069145,0.1650599241256714,-0.0340686440467834,-0.0271501541137695,0.1636562943458557,-0.032437264919281,-0.0112338447943329,0.2551053762435913,0.2275490909814834,0.210636556148529,0.2204846441745758,0.0703224316239357,0.0565354265272617,0.0511387661099433,0.0660865232348442,0.0662069320678711,0.0724553763866424,0.0600838847458362,0.2475202530622482,0.0703224316239357,0.0740971937775611,0.2475202530622482,0.2265520989894867
thumbs_down,0.0,0.0,0.0,0.0377100110054016,0.1051996350288391,-0.0331652872264385,0.1025901436805725,0.2239279150962829,-0.05231698974967,0.1313834190368652,0.3128584027290344,-0.0697310864925384,0.1395300030708313,0.3879597187042236,-0.0774522647261619,0.2114424109458923,0.1395620703697204,-0.0217930246144533,0.2523117065429687,0.1839780807495117,-0.0589324906468391,0.1742509603500366,0.1587402820587158,-0.0740340277552604,0.1773853898048401,0.1413878798484802,-0.0846403092145919,0.2174580097198486,0.0651983618736267,-0.0218436643481254,0.258090078830719,0.1065757274627685,-0.0603680238127708,0.1663953065872192,0.0964109301567077,-0.0626240894198417,0.1759966611862182,0.0837429761886596,-0.0602718442678451,0.2103090286254882,-0.0090247392654418,-0.028100436553359,0.2453794479370117,0.0243874788284301,-0.0609200932085514,0.1635846495628357,0.0316201448440551,-0.037081304937601,0.1667664051055908,0.0235604047775268,-0.0179868023842573,0.2021719813346862,-0.0850757956504821,-0.0378866232931613,0.2137863039970398,-0.0633543133735656,-0.0503293015062809,0.1623608469963073,-0.039042592048645,-0.0302466433495283,0.1610276699066162,-0.0360623598098754,-0.0145435258746147,0.2542840838432312,0.2280700653791427,0.2123698890209198,0.2225911021232605,0.0715052187442779,0.059495136141777,0.0553176030516624,0.0681180655956268,0.0625994056463241,0.0741293802857399,0.0599971935153007,0.2495643645524978,0.0715052187442779,0.074606642127037,0.2495643645524978,0.2254043370485305
thumbs_down,0.0,0.0,0.0,0.0356731712818145,0.1095138788223266,-0.0334736295044422,0.1031526625156402,0.228052020072937,-0.0535425916314125,0.1343713104724884,0.3204274177551269,-0.0734579414129257,0.1435853540897369,0.3985069394111633,-0.084304928779602,0.2122107446193695,0.1514004468917846,-0.0172631777822971,0.2569302022457123,0.1877453327178955,-0.0558931715786457,0.1787618696689605,0.1663432121276855,-0.0717813074588775,0.1745394170284271,0.1531789898872375,-0.08133115619421,0.2212777435779571,0.0747219324111938,-0.0191313251852989,0.2578040659427643,0.1117907762527465,-0.0569142661988735,0.1669154465198516,0.1024886965751648,-0.0583406426012516,0.1739501059055328,0.0897623896598815,-0.0539143905043602,0.2160078585147857,-0.00235515832901,-0.0282676592469215,0.2471666038036346,0.0295252203941345,-0.0634504407644271,0.1650013625621795,0.0372584462165832,-0.0406263992190361,0.1666617691516876,0.0281044840812683,-0.0202900059521198,0.2068942487239837,-0.0807507038116455,-0.0410585850477218,0.218310922384262,-0.0544086098670959,-0.0558411329984664,0.1641981899738311,-0.0315176248550415,-0.0350106172263622,0.1596344411373138,-0.0332282185554504,-0.0169526059180498,0.2612537145614624,0.2343356907367706,0.2178623527288437,0.2258577197790146,0.0743437856435775,0.0606298819184303,0.0585360489785671,0.0712248161435127,0.0690919086337089,0.0706074833869934,0.06182412058115,0.2472909092903137,0.0743437856435775,0.0772353187203407,0.2472909092903137,0.2334280312061309
thumbs_down,0.0,0.0,0.0,0.0421107411384582,0.1108731031417846,-0.0286168176680803,0.1083115935325622,0.2302643060684204,-0.046656534075737,0.1375743746757507,0.3249236345291137,-0.0645648092031478,0.1484641432762146,0.4069623351097107,-0.0729972273111343,0.2117525339126587,0.1461548209190368,-0.0155219947919249,0.251301109790802,0.1924983859062194,-0.0533342733979225,0.1725549697875976,0.1661219000816345,-0.0712069869041442,0.1734198331832885,0.1498846411705017,-0.0841380804777145,0.2183751463890075,0.0714520812034607,-0.0185265801846981,0.257429301738739,0.1136776208877563,-0.0567712746560573,0.1656440496444702,0.1010537147521972,-0.0606204532086849,0.1718891859054565,0.0868757367134094,-0.0597396157681942,0.2109923362731933,-0.0039830803871154,-0.0277233757078647,0.2485855817794799,0.0301567912101745,-0.059543453156948,0.16688072681427,0.0350909233093261,-0.0359902903437614,0.1682568192481994,0.0246766209602355,-0.0175713151693344,0.2018932104110717,-0.0800946354866027,-0.0401966199278831,0.216424286365509,-0.0583278536796569,-0.0516885593533515,0.1649014949798584,-0.0365397334098815,-0.0307431630790233,0.1627755761146545,-0.0371696949005126,-0.0146227395161986,0.2577621042728424,0.2305132150650024,0.2128431648015976,0.2208886295557022,0.07868592441082,0.0640105307102203,0.0524477548897266,0.0634567812085151,0.0675851330161094,0.0752335637807846,0.0621587075293064,0.2585262954235077,0.07868592441082,0.0750558823347091,0.2585262954235077,0.2278044372797012
thumbs_down,0.0,0.0,0.0,0.0451218485832214,0.119677186012268,-0.0211739540100097,0.1125991940498352,0.2399744987487793,-0.0341530442237854,0.1420729756355285,0.3286579847335815,-0.0486814677715301,0.1472768783569336,0.4052023887634277,-0.0537634678184986,0.2144158482551574,0.1573104858398437,-0.0041835433803498,0.259076714515686,0.2033119201660156,-0.038225095719099,0.1800737977027893,0.1762080192565918,-0.0518847480416297,0.1815423965454101,0.1557527184486389,-0.0620657689869403,0.2235840559005737,0.0815663933753967,-0.0105576291680336,0.2623306512832641,0.1257549524307251,-0.0450367629528045,0.1692531704902649,0.1113756299018859,-0.0467522330582141,0.1813719868659973,0.0949643850326538,-0.0448539406061172,0.21812105178833,0.0050005316734313,-0.023066284134984,0.2528928518295288,0.0415619015693664,-0.0529822297394275,0.1702245473861694,0.0449119210243225,-0.029629249125719,0.175737977027893,0.0317789316177368,-0.0117027163505554,0.2100131511688232,-0.0727062821388244,-0.0383063927292823,0.2233227491378784,-0.047447919845581,-0.0493690595030784,0.1703830957412719,-0.0263639688491821,-0.028409382328391,0.1695339083671569,-0.0299463272094726,-0.0122862951830029,0.2659666240215301,0.238231748342514,0.2193942815065384,0.2255196273326873,0.0665841028094291,0.0560143031179904,0.0514056272804737,0.0643741264939308,0.0631783008575439,0.0715761631727218,0.0620390102267265,0.2519289255142212,0.0665841028094291,0.0765627324581146,0.2519289255142212,0.2325757145881652
thumbs_down,0.0,0.0,0.0,0.0413364171981811,0.1142051219940185,-0.0275340136140584,0.1073871850967407,0.2325245141983032,-0.0429035127162933,0.1385109424591064,0.318934679031372,-0.0589718930423259,0.1499100923538208,0.3893800973892212,-0.0655731931328773,0.2130686044692993,0.1548165678977966,-0.0089608523994684,0.2575740218162536,0.1960284113883972,-0.0438253954052925,0.1806647181510925,0.1727266311645507,-0.0565860345959663,0.1782991290092468,0.1523875594139099,-0.0644084587693214,0.22268807888031,0.0783852338790893,-0.0131359389051795,0.2584068775177002,0.1155704855918884,-0.0458391867578029,0.1667675375938415,0.1060218811035156,-0.0455397628247737,0.1791130900382995,0.0908307433128357,-0.0417527519166469,0.2170746326446533,0.0016518235206604,-0.0243163928389549,0.2491471767425537,0.0343401432037353,-0.0557778291404247,0.1671690940856933,0.0397582650184631,-0.0318863950669765,0.1722142696380615,0.0268678665161132,-0.01251230109483,0.2078981399536132,-0.0778999328613281,-0.0387441553175449,0.2222688198089599,-0.0543040037155151,-0.0518678613007068,0.1694617867469787,-0.0304304361343383,-0.0300789140164852,0.1659985780715942,-0.0330067873001098,-0.0121568888425827,0.2635274231433868,0.2364461421966552,0.2184385806322097,0.2253689169883728,0.0654923915863037,0.0535965710878372,0.052798081189394,0.0669167414307594,0.0655986666679382,0.0706671625375747,0.0601974688470363,0.2386896610260009,0.0654923915863037,0.0771473571658134,0.2386896610260009,0.2346715778112411
thumbs_down,0.0,0.0,0.0,0.040894478559494,0.1113688945770263,-0.0235404502600431,0.0995861589908599,0.2282582521438598,-0.0384125411510467,0.1291477978229522,0.310283362865448,-0.0538720339536666,0.1427027285099029,0.3747071623802185,-0.0602547265589237,0.2095369398593902,0.1542033553123474,-0.0106127094477415,0.2516667544841766,0.1995109319686889,-0.0458719693124294,0.1733547151088714,0.1725690960884094,-0.0606392845511436,0.1713111698627472,0.1534672379493713,-0.0707225799560546,0.2197217643260955,0.0792456269264221,-0.0149853760376572,0.2613569796085357,0.117909550666809,-0.0504520386457443,0.1685588061809539,0.1056724786758422,-0.0518757998943328,0.1729113161563873,0.0920759439468383,-0.0493779964745044,0.2146075069904327,0.0018324851989746,-0.025093613192439,0.2533484995365143,0.0343644618988037,-0.0559891164302825,0.1689232885837555,0.0393019318580627,-0.0311789568513631,0.1673736274242401,0.0291566848754882,-0.0118546625599265,0.2053882181644439,-0.0801055431365966,-0.0378468371927738,0.2196038663387298,-0.0580793023109436,-0.0493589490652084,0.1666583120822906,-0.0354637503623962,-0.0276470314711332,0.1631985008716583,-0.0332235693931579,-0.0107048479840159,0.2603786289691925,0.2340557277202606,0.216077372431755,0.2236819118261337,0.0712386667728424,0.0594868697226047,0.0561508797109127,0.0686627924442291,0.0650157108902931,0.0734676793217659,0.0625303909182548,0.2233273833990097,0.0712386667728424,0.0757727622985839,0.2233273833990097,0.2359227985143661
thumbs_down,0.0,0.0,0.0,0.0316925942897796,0.10634446144104,-0.0476641058921813,0.0757029354572296,0.2039666771888733,-0.0859948918223381,0.1040908694267273,0.2923194766044616,-0.118586428463459,0.1114151775836944,0.3739441633224487,-0.1481567323207855,0.1998944580554962,0.10725998878479,-0.0719460919499397,0.244378000497818,0.1451416611671447,-0.1079180762171745,0.187753826379776,0.1597912907600402,-0.1276930123567581,0.1539523899555206,0.1595366597175598,-0.1389349550008773,0.2044956386089325,0.0207719802856445,-0.0644764900207519,0.2473401129245758,0.0609563589096069,-0.0870615243911743,0.1895742714405059,0.0780892968177795,-0.0898788124322891,0.1630211770534515,0.0757060647010803,-0.0930875092744827,0.1908900439739227,-0.0554097294807434,-0.0606864541769027,0.2242350280284881,-0.0356805920600891,-0.0796611905097961,0.1713259518146515,-0.0100296735763549,-0.066075250506401,0.1433225572109222,-0.0014479160308837,-0.0585062429308891,0.1702342331409454,-0.1240690052509307,-0.0608827956020832,0.1850235164165496,-0.1203780174255371,-0.0708377957344055,0.1463677585124969,-0.0945591330528259,-0.057012416422367,0.1258114278316497,-0.0827794671058654,-0.0467879548668861,0.2379889488220214,0.2154232114553451,0.2078270763158798,0.2192704379558563,0.0965972691774368,0.074541762471199,0.0719673335552215,0.0622645653784275,0.0959781259298324,0.0868138000369072,0.0840165391564369,0.2187807857990265,0.0965972691774368,0.086931824684143,0.2187807857990265,0.2334849685430526
thumbs_down,0.0,0.0,0.0,0.0281801521778106,0.1346631646156311,-0.0322844646871089,0.0896351039409637,0.2659273743629455,-0.0521010048687458,0.1073944866657257,0.358401894569397,-0.071825087070465,0.1097907423973083,0.4307723045349121,-0.0838966369628906,0.2323424518108368,0.1658199429512024,-0.0219242274761199,0.2116455137729644,0.2091872096061706,-0.0666292533278465,0.1369519829750061,0.1851641535758972,-0.0895429253578186,0.1385088264942169,0.1662425398826599,-0.1057392060756683,0.2471562325954437,0.0764452815055847,-0.0300411917269229,0.2121888101100921,0.1254618167877197,-0.0736091509461402,0.1301449239253997,0.1150193810462951,-0.0815151706337928,0.1428744792938232,0.096346914768219,-0.0831233188509941,0.2342406213283538,-0.0124702453613281,-0.0452099554240703,0.2036254703998565,0.0285313129425048,-0.086722657084465,0.1239242851734161,0.0398805737495422,-0.0721190497279167,0.1308561563491821,0.0266194939613342,-0.0585803650319576,0.2104308903217315,-0.0903741121292114,-0.0648552551865577,0.1700372695922851,-0.0565786957740783,-0.0893055871129036,0.1148296296596527,-0.0334150791168212,-0.0781158879399299,0.1181879937648773,-0.0372594594955444,-0.0667943656444549,0.2862864732742309,0.2604468464851379,0.2388893365859985,0.2380227744579315,0.1258168518543243,0.1186948642134666,0.1113333851099014,0.1064597517251968,0.0735930427908897,0.0748913213610649,0.0656389594078064,0.2669790685176849,0.1258168518543243,0.0909569263458252,0.2669790685176849,0.2606886625289917
thumbs_down,0.0,0.0,0.0,0.0382699966430664,0.1241443753242492,-0.034207709133625,0.0964505076408386,0.2531788945198059,-0.0582151748239994,0.1228617429733276,0.3490158319473266,-0.0811112970113754,0.1295014023780822,0.4221543073654175,-0.0948841273784637,0.2445873618125915,0.1616079211235046,-0.0240749232470989,0.224872350692749,0.2142487168312072,-0.0641300976276397,0.1575839817523956,0.1836767196655273,-0.0836749598383903,0.163528710603714,0.1635326147079467,-0.0977417305111885,0.2613040804862976,0.0740890502929687,-0.0304952170699834,0.2287774682044983,0.1283809542655944,-0.0723999664187431,0.1504018604755401,0.113722026348114,-0.0811834633350372,0.1651291251182556,0.0982763171195983,-0.0833658501505851,0.2488559484481811,-0.0086459517478942,-0.0427547246217727,0.2241624593734741,0.0335414409637451,-0.0821487754583358,0.1485695838928222,0.041444718837738,-0.0673672780394554,0.1571007370948791,0.0319917798042297,-0.0535577498376369,0.2249505519866943,-0.0807111263275146,-0.0591997914016246,0.1907246112823486,-0.0515899062156677,-0.0808677896857261,0.1386627554893493,-0.0278856754302978,-0.0676056295633316,0.1446262001991272,-0.0261163115501403,-0.0546511448919773,0.2941423058509826,0.2733111083507538,0.2526499629020691,0.2462146431207656,0.1095491126179695,0.1123830452561378,0.1009314134716987,0.09722800552845,0.0668401941657066,0.0731205716729164,0.0594420731067657,0.2608662545681,0.1095491126179695,0.0893320888280868,0.2608662545681,0.2456376999616623
thumbs_down,0.0,0.0,0.0,0.0401922762393951,0.1246331334114074,-0.0278236754238605,0.0987189710140228,0.250166118144989,-0.0480569303035736,0.1222598850727081,0.3408067226409912,-0.0684972032904625,0.1264849305152893,0.4157584905624389,-0.0791112855076789,0.2408773005008697,0.1588396430015564,-0.0187159460037946,0.2315581738948822,0.2117455005645752,-0.0591486543416976,0.158721387386322,0.1872709989547729,-0.0762804001569747,0.1656359136104583,0.1682133078575134,-0.0889266580343246,0.2588154971599579,0.075476050376892,-0.0269176308065652,0.2321706712245941,0.129743218421936,-0.0690278187394142,0.1458604335784912,0.1193140745162963,-0.0744856521487236,0.162880390882492,0.1059741377830505,-0.074675440788269,0.247493177652359,-0.0058162808418273,-0.0411345846951007,0.2213827669620514,0.0349628925323486,-0.0772301033139228,0.1423910856246948,0.043319821357727,-0.0580412968993186,0.1549976170063018,0.0328375697135925,-0.0431539453566074,0.2262496650218963,-0.0771203637123107,-0.059579461812973,0.1826432645320892,-0.0534126758575439,-0.0786925628781318,0.1311878263950348,-0.0287142992019653,-0.0664202645421028,0.1425738036632537,-0.0266675353050231,-0.0556779503822326,0.2891404330730438,0.2709366083145141,0.2509557008743286,0.2463456392288208,0.1033376827836036,0.1114203184843063,0.1002677753567695,0.0977873131632804,0.0639093443751335,0.0800293684005737,0.0620649605989456,0.2508141994476318,0.1033376827836036,0.0856652483344078,0.2508141994476318,0.2399185597896576
thumbs_down,0.0,0.0,0.0,0.040132462978363,0.1274482011795044,-0.0328181758522987,0.0973608791828155,0.2531375885009765,-0.0553433410823345,0.1212855875492096,0.3391656875610351,-0.077263243496418,0.1271832585334777,0.4123073816299438,-0.089073397219181,0.2359629273414611,0.1705262660980224,-0.0214167311787605,0.2296571135520935,0.2109797000885009,-0.063878908753395,0.1567322611808776,0.1870208978652954,-0.0820500552654266,0.1614912748336792,0.1700434684753418,-0.0947279036045074,0.2546653151512146,0.0849947929382324,-0.027774641290307,0.2349576354026794,0.1287403106689453,-0.0712528377771377,0.1475483775138855,0.120646059513092,-0.0761060714721679,0.1610558331012725,0.1087053418159484,-0.0751167312264442,0.2440751791000366,0.0012611746788024,-0.0410640463232994,0.2260252237319946,0.0357019901275634,-0.0805862322449684,0.1443467140197754,0.0462176799774169,-0.0609249509871006,0.1524648070335388,0.0379257202148437,-0.0444277860224247,0.222387433052063,-0.0725910663604736,-0.0587806440889835,0.1837747395038604,-0.0505671501159668,-0.080816201865673,0.1314890682697296,-0.0251100063323974,-0.0684951543807983,0.1405358016490936,-0.0211514830589294,-0.0567588582634925,0.2919184565544128,0.2699073255062103,0.2475086599588394,0.2412069588899612,0.1045025736093521,0.1075462624430656,0.0987322852015495,0.0966944023966789,0.064398393034935,0.0776232704520225,0.0615180656313896,0.2447464317083358,0.1045025736093521,0.0877828896045684,0.2447464317083358,0.2463460862636566
thumbs_down,0.0,0.0,0.0,0.0344967246055603,0.1235004663467407,-0.0377040728926658,0.0949943363666534,0.2510480284690857,-0.0610505789518356,0.1238850653171539,0.3371383547782898,-0.0822165086865425,0.1314578056335449,0.4099723696708679,-0.0920576080679893,0.2441641092300415,0.1726685762405395,-0.0236480478197336,0.2313026189804077,0.2155756950378418,-0.0674315765500068,0.1583412885665893,0.1863796114921569,-0.0861404165625572,0.168617308139801,0.1682775020599365,-0.0988180562853813,0.2641899585723877,0.087622046470642,-0.0269208438694477,0.2331015467643737,0.131016731262207,-0.07127296179533,0.1475558876991272,0.1184037923812866,-0.0759092047810554,0.1696792244911193,0.1089545488357544,-0.0738580524921417,0.2548062205314636,0.0029801726341247,-0.0378237478435039,0.2212427854537964,0.0379784107208251,-0.0774711892008781,0.1436608135700225,0.0467309355735778,-0.0597869753837585,0.1601198017597198,0.0411328673362731,-0.0441770665347576,0.235331118106842,-0.069892942905426,-0.0537476204335689,0.1838006973266601,-0.0452682971954345,-0.0756194069981575,0.1325024366378784,-0.0239008665084838,-0.0657140761613845,0.1460340619087219,-0.0227296352386474,-0.0551318414509296,0.2999829649925232,0.2796402871608734,0.2576154768466949,0.2513057291507721,0.106663629412651,0.1076589748263359,0.1022815257310867,0.1009963303804397,0.064368799328804,0.0746466591954231,0.0663086324930191,0.2446281611919403,0.106663629412651,0.0874337330460548,0.2446281611919403,0.2445814758539199
thumbs_down,0.0,0.0,0.0,0.0354457199573516,0.122205376625061,-0.0368944630026817,0.0966501235961914,0.251568853855133,-0.0596919059753418,0.1267225444316864,0.3389713764190674,-0.0798079445958137,0.1344552934169769,0.4112282991409302,-0.0883159413933754,0.2418012619018554,0.172473132610321,-0.0258222520351409,0.2326756119728088,0.21331387758255,-0.0691966116428375,0.1590254008769989,0.184324562549591,-0.0869683697819709,0.168723315000534,0.1664737462997436,-0.0991585552692413,0.260348379611969,0.0867745280265808,-0.0289199035614728,0.2393150329589843,0.1288904547691345,-0.0735402405261993,0.1510992348194122,0.1174103617668151,-0.0771184489130973,0.1689847707748413,0.108407437801361,-0.0742361918091774,0.2511297464370727,0.0014927387237548,-0.0391444154083728,0.2285014986991882,0.0351316928863525,-0.078249804675579,0.1484090089797973,0.0454855561256408,-0.0584636367857456,0.1615109145641327,0.0413009524345397,-0.0415024682879447,0.2325111031532287,-0.0731956362724304,-0.0541640482842922,0.1865933239459991,-0.0493152141571044,-0.0750552713871002,0.1345784664154052,-0.0259836912155151,-0.0635830909013748,0.1474019885063171,-0.0222177505493164,-0.0520537607371807,0.2981302142143249,0.2759482860565185,0.2541666030883789,0.2497053444385528,0.10370434820652,0.104253813624382,0.098090723156929,0.0992308408021926,0.0631893053650856,0.0750375613570213,0.0659167468547821,0.2473795711994171,0.10370434820652,0.0877373442053794,0.2473795711994171,0.2474726438522339
thumbs_down,0.0,0.0,0.0,0.0353582501411438,0.1175832152366638,-0.0355430655181407,0.0948456227779388,0.2469242811203003,-0.0570542588829994,0.1250809431076049,0.3347947597503662,-0.0774892270565033,0.133449524641037,0.4014317989349365,-0.0871935188770294,0.2237426042556762,0.1570187211036682,-0.0223409160971641,0.2424965500831604,0.1998392343521118,-0.0669595822691917,0.1664584279060363,0.1851608157157898,-0.0831516981124877,0.1600221395492553,0.1702116131782531,-0.0916922092437744,0.2403455972671508,0.0761533975601196,-0.0262020230293273,0.2520718574523926,0.1169072985649108,-0.0736305490136146,0.1607070565223693,0.1136109828948974,-0.0771409794688224,0.1645090878009796,0.1019567251205444,-0.0721742436289787,0.2341070771217346,-0.0035237669944763,-0.0374944619834423,0.2417736649513244,0.0266769528388977,-0.0812520533800125,0.1549937725067138,0.0406462550163269,-0.0592653900384902,0.1539147794246673,0.0329416990280151,-0.0379927791655063,0.2174263596534729,-0.0788017511367797,-0.052977230399847,0.1967264413833618,-0.054101824760437,-0.0761431977152824,0.1418611705303192,-0.0262035131454467,-0.0608121491968631,0.144014686346054,-0.0218538641929626,-0.04520009085536,0.2742530703544616,0.2534795701503753,0.2371167987585067,0.2372562438249588,0.0950996875762939,0.0923603400588035,0.0880953073501586,0.0932352915406227,0.0711323693394661,0.0777411386370658,0.0561472252011299,0.232785552740097,0.0950996875762939,0.082642413675785,0.232785552740097,0.2378860414028167
thumbs_down,0.0,0.0,0.0,0.036090075969696,0.1256137490272522,-0.0301491003483533,0.0996385812759399,0.2576849460601806,-0.0479396805167198,0.1310810446739196,0.3448231220245361,-0.0641501694917678,0.1382493078708648,0.4148560762405395,-0.0686501190066337,0.2316478490829467,0.1713503003120422,-0.0207442864775657,0.2391077280044555,0.2171299457550048,-0.0628409013152122,0.1610419750213623,0.1905180811882019,-0.0775634199380874,0.1642617285251617,0.1705049872398376,-0.087213434278965,0.2482658624649047,0.086335003376007,-0.0256623923778533,0.2489418387413025,0.1331257820129394,-0.0714587867259979,0.1557464897632599,0.1219293475151062,-0.0740654021501541,0.1682097017765045,0.108248233795166,-0.0696902349591255,0.2415439486503601,0.0026100277900695,-0.0369627140462398,0.2385151386260986,0.0400630831718444,-0.0771236047148704,0.1526678800582885,0.0490738749504089,-0.0547902509570121,0.1596119701862335,0.0383720397949218,-0.0352538488805294,0.2268653512001037,-0.0739772319793701,-0.0521136820316314,0.1956452131271362,-0.0426533222198486,-0.074112094938755,0.1406590044498443,-0.0171169638633728,-0.060636967420578,0.1496526002883911,-0.0148406028747558,-0.0471760593354702,0.2888805568218231,0.2640989124774933,0.2443696558475494,0.2442465126514434,0.0946559607982635,0.0939554646611213,0.0894130319356918,0.0973823890089988,0.0647962316870689,0.0783739015460014,0.0554338656365871,0.2464319318532943,0.0946559607982635,0.0867637395858764,0.2464319318532943,0.2473711967468261
thumbs_down,0.0,0.0,0.0,0.0492543578147888,0.1085985898971557,-0.0284837037324905,0.101535677909851,0.2161574959754943,-0.0500925108790397,0.1295813024044037,0.2986154556274414,-0.0743152871727943,0.1424012184143066,0.3621653914451599,-0.0920010209083557,0.2361806333065033,0.1287673711776733,-0.015247811563313,0.2495585083961486,0.1683563590049743,-0.0637853667140007,0.1743436157703399,0.1612032055854797,-0.0896249860525131,0.1474067270755767,0.1537221670150756,-0.1027471870183944,0.2503904700279236,0.0468256473541259,-0.0254951883107423,0.2597400546073913,0.0928016304969787,-0.0794403776526451,0.1702904403209686,0.0956470966339111,-0.0936515927314758,0.1440787315368652,0.090156078338623,-0.0932691991329193,0.2396264374256134,-0.0351667404174804,-0.0424429811537265,0.238908439874649,-0.005332589149475,-0.0947636514902114,0.1536718308925628,0.011135995388031,-0.0834577307105064,0.1302921175956726,0.0098040699958801,-0.0645108446478843,0.2117290496826172,-0.1147591471672058,-0.0621437169611454,0.1975700557231903,-0.1000391840934753,-0.0910060629248619,0.1426100134849548,-0.0699400901794433,-0.0781251415610313,0.1284206509590149,-0.0589072704315185,-0.0613946542143821,0.2694342732429504,0.2560039460659027,0.2458839863538742,0.2487180978059768,0.1271207630634308,0.1333155184984207,0.1202637031674385,0.1003009602427482,0.0643549188971519,0.0864497497677803,0.0688074231147766,0.2087800651788711,0.1271207630634308,0.0837936401367187,0.2087800651788711,0.2492032647132873
thumbs_down,0.0,0.0,0.0,0.028974026441574,0.1170645952224731,-0.0423916690051555,0.0860499292612075,0.2351903915405273,-0.0701300874352455,0.1140674203634262,0.3332293629646301,-0.096414528787136,0.1182947605848312,0.4167380332946777,-0.1153126135468483,0.2519178986549377,0.1367981433868408,-0.0285306889563798,0.2211412340402603,0.1838815212249755,-0.076033167541027,0.1521671265363693,0.166827917098999,-0.1033870056271553,0.149261400103569,0.1415847539901733,-0.1203995794057846,0.2668768763542175,0.0575220584869384,-0.0311958119273185,0.2212593704462051,0.1051663160324096,-0.0730797946453094,0.1435939222574234,0.0994008183479309,-0.0827558785676956,0.1510237604379654,0.0752107501029968,-0.0852739661931991,0.2533273100852966,-0.0236491560935974,-0.0416663140058517,0.2075488716363906,0.0138859748840332,-0.0826891437172889,0.1343438178300857,0.0296698808670043,-0.0728420615196228,0.1374574154615402,0.0171253681182861,-0.0609335713088512,0.2260137051343917,-0.0964502692222595,-0.0573677271604537,0.1777931004762649,-0.0693145990371704,-0.0778271034359932,0.126793161034584,-0.0442547798156738,-0.0675683692097663,0.1264532953500747,-0.0482797622680664,-0.056221205741167,0.288080483675003,0.2747821509838104,0.2578179538249969,0.2523408532142639,0.1378446966409683,0.1290708184242248,0.1243367120623588,0.1106073558330535,0.0751160606741905,0.0644236952066421,0.0664915665984153,0.2769370675086975,0.1378446966409683,0.0807190909981727,0.2769370675086975,0.2364474982023239
thumbs_down,0.0,0.0,0.0,0.0371064096689224,0.1208924651145935,-0.0400554649531841,0.0919594913721084,0.2339884638786316,-0.0700836703181266,0.1133384257555008,0.3229471445083618,-0.0990520268678665,0.1166517883539199,0.4037331342697143,-0.1200483441352844,0.2525660991668701,0.1311710476875305,-0.0351813286542892,0.2289017289876938,0.1891314387321472,-0.079094223678112,0.1606661528348922,0.1781085133552551,-0.1005012318491935,0.1591219753026962,0.1553854942321777,-0.1151309087872505,0.2670364379882812,0.0495417118072509,-0.0407471656799316,0.2215393632650375,0.1082844138145446,-0.0814517214894294,0.1423653215169906,0.1110779643058776,-0.0888631120324134,0.1547828167676925,0.0925972461700439,-0.0913533642888069,0.2498850375413894,-0.0297728180885314,-0.0530114769935607,0.2083881646394729,0.0184143781661987,-0.0933771431446075,0.135652408003807,0.0376142263412475,-0.0809763371944427,0.1441413611173629,0.0234236121177673,-0.0693646296858787,0.2180349975824356,-0.0981109738349914,-0.0702304095029831,0.1745130866765976,-0.0661641359329223,-0.0944544672966003,0.1284554749727249,-0.0416865944862365,-0.0856105089187622,0.1339739114046096,-0.0490916967391967,-0.0759575143456459,0.2867633402347564,0.2746327817440033,0.2571753561496734,0.2491933703422546,0.1253398656845092,0.1304440349340438,0.1194948181509971,0.0974779725074768,0.0672797411680221,0.0733603164553642,0.0735208317637443,0.2520008981227875,0.1253398656845092,0.0830886140465736,0.2520008981227875,0.2345017790794372
thumbs_down,0.0,0.0,0.0,0.0308866649866104,0.1219993829727172,-0.047522097826004,0.0871905535459518,0.2398893237113952,-0.0793776512145996,0.1135129481554031,0.3287806510925293,-0.1087131202220916,0.1220216900110244,0.4063058495521545,-0.1288583129644394,0.2509419918060303,0.1503934264183044,-0.0361403822898864,0.2180327028036117,0.2047327756881714,-0.0858846604824066,0.1492079049348831,0.1836736798286438,-0.1109399646520614,0.1568668037652969,0.1539463400840759,-0.1275754272937774,0.2686443924903869,0.0660356879234314,-0.0386978313326835,0.2154836505651474,0.1181316375732421,-0.0863071829080581,0.1349697560071945,0.1131612062454223,-0.0950549021363258,0.153703287243843,0.0912479162216186,-0.0962837114930152,0.2540969252586365,-0.0177423357963562,-0.0494900457561016,0.2045397013425827,0.0265250205993652,-0.0967613831162452,0.1284355968236923,0.0416915416717529,-0.0841263979673385,0.1415915638208389,0.0260046124458313,-0.0700347200036048,0.2261025458574295,-0.0900372862815857,-0.0659164190292358,0.1706371754407882,-0.0559461712837219,-0.0942093282938003,0.1200707703828811,-0.0317396521568298,-0.0862456485629081,0.1285518556833267,-0.0375087857246398,-0.0755605176091194,0.2947815954685211,0.2793349921703338,0.259478896856308,0.2521389424800873,0.1312369257211685,0.1310085654258728,0.1224472671747207,0.1112132593989372,0.0701446533203125,0.0713609978556633,0.0650731846690177,0.2547570466995239,0.1312369257211685,0.0862330719828605,0.2547570466995239,0.2435375452041626
thumbs_down,0.0,0.0,0.0,0.0607075840234756,0.1133440136909484,0.00253362278454,0.1204398423433303,0.2232363224029541,-0.0150722740218043,0.1563864201307296,0.3130519390106201,-0.0378893725574016,0.171271875500679,0.3752594590187073,-0.062943086028099,0.1545798331499099,0.1643615365028381,-0.0343324579298496,0.2627584338188171,0.2037321925163269,-0.0671622082591056,0.26235431432724,0.180107295513153,-0.0844092592597007,0.2382103949785232,0.1619695425033569,-0.0915489643812179,0.1618356555700302,0.0911980867385864,-0.0518472865223884,0.2857773900032043,0.1123772859573364,-0.0829316228628158,0.2787994146347046,0.0967922210693359,-0.0923633500933647,0.2429581731557846,0.0854343771934509,-0.0951850563287735,0.1630188077688217,0.0074240565299987,-0.0684232413768768,0.2879529595375061,0.0131838321685791,-0.0910618975758552,0.265324592590332,0.0107812881469726,-0.0812936201691627,0.2234619706869125,0.0082152485847473,-0.0715420022606849,0.1578080505132675,-0.0785709023475647,-0.0842235311865806,0.2420056313276291,-0.0982416272163391,-0.1006237864494323,0.2260072082281112,-0.0857923626899719,-0.0909925028681755,0.1951386481523513,-0.0729089379310607,-0.0805575102567672,0.2282287329435348,0.1928626745939254,0.1769519448280334,0.195372387766838,0.101358376443386,0.0921533778309822,0.060528740286827,0.0379350893199443,0.0767684429883956,0.0830776095390319,0.0863980501890182,0.2253700345754623,0.101358376443386,0.0755797997117042,0.2253700345754623,0.2480235993862152
thumbs_down,0.0,0.0,0.0,0.0978370010852813,0.122369110584259,0.0320832841098308,0.1606488525867462,0.2112411260604858,0.0421085581183433,0.2003991603851318,0.2859344482421875,0.0379812493920326,0.2200378179550171,0.3338781595230102,0.0330865271389484,0.2121220827102661,0.1336033344268798,0.080217994749546,0.2822317481040954,0.1289253234863281,0.0797456726431846,0.2594868540763855,0.1292530298233032,0.0698136612772941,0.240557312965393,0.1376456618309021,0.0631209909915924,0.2151740789413452,0.0665708780288696,0.055538073182106,0.2914842367172241,0.0707502365112304,0.0627195313572883,0.256316065788269,0.0676284432411193,0.0548377372324466,0.2379280924797058,0.0701188445091247,0.0479086488485336,0.2063847780227661,-0.0041005015373229,0.0279405005276203,0.2858487963676452,0.0005945563316345,0.028904827311635,0.2471048831939697,-0.0005756616592407,0.037781748920679,0.2242895364761352,-0.0005258321762084,0.0424907729029655,0.1926401257514953,-0.0794447660446167,0.0021258255001157,0.2631328701972961,-0.0998952388763427,0.004639926366508,0.239078938961029,-0.0876050591468811,0.0200358219444751,0.2159222960472107,-0.0770678520202636,0.0322288051247596,0.2632119953632355,0.2319828569889068,0.2083078473806381,0.2083895653486251,0.0334246940910816,0.0242598708719015,0.0233467146754264,0.038130022585392,0.0692690387368202,0.0721528530120849,0.0776788219809532,0.1995753347873687,0.0334246940910816,0.0714965984225273,0.1995753347873687,0.2277442067861557
thumbs_down,0.0,0.0,0.0,0.0742711722850799,0.1243506669998169,-0.0016538518248125,0.1449024975299835,0.2475362420082092,0.0004588237206917,0.1747947037220001,0.3323554992675781,-0.00248145731166,0.1771545112133026,0.3696579337120056,0.0027753084432333,0.2419627010822296,0.150613784790039,0.0478548593819141,0.2785352766513824,0.2137035727500915,0.0331312008202075,0.208616703748703,0.1899663209915161,0.0196870639920234,0.2150060832500457,0.1570513248443603,0.0084015130996704,0.2532523572444916,0.0781247019767761,0.0410139262676239,0.289146214723587,0.1350108385086059,0.0275817140936851,0.2046811282634735,0.1203749179840087,0.0187190882861614,0.2163411080837249,0.0958499908447265,0.0143569214269518,0.2499344646930694,0.004948079586029,0.0289711616933345,0.2895852029323578,0.0534807443618774,0.0173568706959486,0.2107320725917816,0.0535773634910583,0.0326055623590946,0.2124699056148529,0.0303331613540649,0.0435299649834632,0.2446697652339935,-0.0747233033180236,0.0157939977943897,0.2679267227649688,-0.0359202027320861,0.0210172347724437,0.2151887714862823,-0.0262976288795471,0.0438722819089889,0.2096290290355682,-0.0340755581855773,0.0604717582464218,0.2889992296695709,0.2681834697723388,0.2516565918922424,0.2563129365444183,0.0482148043811321,0.04885920509696,0.0475389771163463,0.0698297545313835,0.0615049004554748,0.0718227550387382,0.0666601732373237,0.2160230726003646,0.0482148043811321,0.0736812204122543,0.2160230726003646,0.2276225686073303
thumbs_down,0.0,0.0,0.0,0.0469530224800109,0.1179543137550354,-0.0231879875063896,0.1143693327903747,0.2435439825057983,-0.0345490239560604,0.1526308059692382,0.3280889391899109,-0.0470372028648853,0.1692391633987426,0.378522515296936,-0.0501776933670043,0.235040545463562,0.1528056859970092,0.0029153926298022,0.2700554132461548,0.2099276185035705,-0.0321343913674354,0.1903365850448608,0.1838379502296447,-0.047759048640728,0.1923599243164062,0.153547465801239,-0.0573876313865184,0.2428949475288391,0.0727653503417968,-0.0018888711929321,0.2773115634918213,0.1257530450820922,-0.0384198129177093,0.1821455359458923,0.1123710870742797,-0.0441407412290573,0.1909886002540588,0.0869747400283813,-0.0429228395223617,0.2347214221954345,-0.0071185827255249,-0.0130909578874707,0.2687755823135376,0.0355899333953857,-0.0482758358120918,0.1808117628097534,0.0406756401062011,-0.0274424627423286,0.182812750339508,0.0202614665031433,-0.0085210241377353,0.2218061685562133,-0.0910414457321167,-0.0264643095433712,0.2362112402915954,-0.0573312640190124,-0.0405713208019733,0.1779325604438781,-0.0324304699897766,-0.0186485461890697,0.1730380654335022,-0.0383393764495849,0.0003762397391255,0.2803607285022735,0.2535671889781952,0.2351939380168914,0.2412195652723312,0.0738826096057891,0.0676754191517829,0.0588647723197937,0.0766567066311836,0.0681398510932922,0.0755048990249633,0.0600729957222938,0.2262748926877975,0.0738826096057891,0.0805681571364402,0.2262748926877975,0.2459669411182403
thumbs_down,0.0,0.0,0.0,0.0442279875278472,0.1234911680221557,-0.0224617104977369,0.1073589622974395,0.2328399419784546,-0.0355587117373943,0.1553674638271331,0.3234232664108276,-0.0516007393598556,0.1811884939670562,0.3882895112037658,-0.0588928237557411,0.2232886254787445,0.1417890787124633,0.006357317790389,0.2776603400707245,0.1827591657638549,-0.0306153763085603,0.1924714148044586,0.1693498492240905,-0.0471268743276596,0.1819786727428436,0.1515259146690368,-0.0545130223035812,0.2266078889369964,0.062579333782196,0.0016178917139768,0.2765398919582367,0.1027079820632934,-0.0347029380500316,0.1775100529193878,0.0983444452285766,-0.037784706801176,0.1761392056941986,0.0754422545433044,-0.032541487365961,0.2174932658672332,-0.0158448219299316,-0.0103685762733221,0.2661935985088348,0.0205851197242736,-0.046428695321083,0.1747365891933441,0.0275236368179321,-0.0224862694740295,0.1665447056293487,0.0055805444717407,0.0015339850215241,0.2040917575359344,-0.0962802767753601,-0.0245305933058261,0.2360329926013946,-0.0621638298034668,-0.0378627181053161,0.1757054030895233,-0.0443212985992431,-0.0120377298444509,0.1602700650691986,-0.0607483386993408,0.0117557235062122,0.2645796239376068,0.2350955605506897,0.2183160185813903,0.2269913852214813,0.0742059051990509,0.0622848756611347,0.0565373599529266,0.0670787319540977,0.079407624900341,0.0783189013600349,0.067404568195343,0.2368054240942001,0.0742059051990509,0.0794207975268364,0.2368054240942001,0.2408310621976852
thumbs_down,0.0,0.0,0.0,0.0401378870010376,0.1200847625732421,-0.0295369662344455,0.1066060662269592,0.2365056276321411,-0.0457496717572212,0.1473520994186401,0.3281523585319519,-0.0626109093427658,0.1623865962028503,0.4003678560256958,-0.0694167986512184,0.2051864266395568,0.1541385650634765,-0.0069498810917139,0.2569286823272705,0.1915871500968933,-0.0450564213097095,0.1761403083801269,0.1670762300491333,-0.0606239810585975,0.1709664463996887,0.1476172804832458,-0.0695807486772537,0.2110906243324279,0.0764700174331665,-0.0095577929168939,0.2613597512245178,0.1092426180839538,-0.0474633425474166,0.1668179631233215,0.0993851423263549,-0.0480381250381469,0.1731802225112915,0.0860168933868408,-0.0427447184920311,0.2062730193138122,-0.0010405778884887,-0.0198460724204778,0.2534789443016052,0.0249539613723754,-0.0548254959285259,0.1699042916297912,0.0284830927848815,-0.0297029223293066,0.1706303358078003,0.0175909399986267,-0.0074613830074667,0.2015089392662048,-0.0809370279312133,-0.0334977470338344,0.2267553806304931,-0.0590682029724121,-0.0454959012567997,0.171571671962738,-0.0435894727706909,-0.0211219098418951,0.1636062860488891,-0.0495437383651733,-0.0007620270480401,0.2567264437675476,0.2247181981801986,0.2072281539440155,0.2197242677211761,0.0716670081019401,0.0512807294726371,0.042082242667675,0.0591081790626049,0.067228578031063,0.0770293921232223,0.0678327605128288,0.2528962194919586,0.0716670081019401,0.0779362842440605,0.2528962194919586,0.2365984916687011
thumbs_down,0.0,0.0,0.0,0.0331814885139465,0.1167109012603759,-0.0358895100653171,0.0968246459960937,0.2304208278656005,-0.0550388284027576,0.1381889581680297,0.3241013288497925,-0.0739422664046287,0.1543834805488586,0.4006713628768921,-0.0832360908389091,0.2043359875679016,0.157961368560791,-0.0100363092496991,0.2541911602020263,0.1920850872993469,-0.0480433776974678,0.1769382953643798,0.1694973707199096,-0.0626492425799369,0.1674554347991943,0.1535556316375732,-0.0703562423586845,0.2121005654335022,0.0811529755592346,-0.0103576118126511,0.2560779452323913,0.1099428534507751,-0.0480305813252925,0.163010835647583,0.1010148525238037,-0.0483139716088771,0.1694748401641845,0.0919570326805114,-0.0423926822841167,0.2072711586952209,0.0034589767456054,-0.0190972797572612,0.2443222403526306,0.0290887355804443,-0.0574594289064407,0.16281658411026,0.0318179130554199,-0.0346903055906295,0.1668106317520141,0.0222707986831665,-0.0128045547753572,0.2006075978279113,-0.0780718922615051,-0.0313869826495647,0.2225285768508911,-0.0557383894920349,-0.0476442389190197,0.1677607297897339,-0.0398769378662109,-0.0248243119567632,0.1600146293640136,-0.0461471676826477,-0.0044861934147775,0.2584680020809173,0.2273317724466323,0.2081778198480606,0.2175402790307998,0.0708384066820144,0.0544051975011825,0.0450614839792251,0.0582291111350059,0.0676788464188575,0.0757543817162513,0.0692560374736785,0.2477961927652359,0.0708384066820144,0.0772005245089531,0.2477961927652359,0.2370262742042541
thumbs_down,0.0,0.0,0.0,0.0344049930572509,0.1149047017097473,-0.0332875624299049,0.0990923643112182,0.2303475737571716,-0.050718069076538,0.1392573118209839,0.3221278190612793,-0.0673381686210632,0.1606501340866089,0.3971726894378662,-0.07407808303833,0.2111244797706604,0.1571295857429504,-0.0127030340954661,0.2535691857337951,0.1958190202713012,-0.0491931177675724,0.1741880774497985,0.170266568660736,-0.0638597682118415,0.1726695895195007,0.1504626870155334,-0.073265440762043,0.2202370762825012,0.0813747644424438,-0.0124953044578433,0.2572584152221679,0.1167169213294982,-0.0490302853286266,0.1630352735519409,0.1041098833084106,-0.0507231578230857,0.1739410161972046,0.0899542570114135,-0.0477513410151004,0.2145017385482788,0.0037417411804199,-0.019566623494029,0.2472048997879028,0.0336444973945617,-0.0549145191907882,0.1650424003601074,0.0350167155265808,-0.0326399654150009,0.1718866825103759,0.0227261781692504,-0.0136066516861319,0.2080107927322387,-0.0765462517738342,-0.0297986324876546,0.2215797305107116,-0.053825557231903,-0.04477234557271,0.1679474115371704,-0.0381315946578979,-0.0240809842944145,0.1652263402938842,-0.044704794883728,-0.0068012820556759,0.2634855210781097,0.2351220101118087,0.2154248207807541,0.2236420810222625,0.0720488131046295,0.0588210932910442,0.0470316186547279,0.0580798238515853,0.0656799525022506,0.0754300653934478,0.0680999979376792,0.2470039576292038,0.0720488131046295,0.0763012170791626,0.2470039576292038,0.234321042895317
thumbs_down,0.0,0.0,0.0,0.0386777520179748,0.1141969561576843,-0.0329247452318668,0.1028122305870056,0.2244285941123962,-0.0520099215209484,0.1416603922843933,0.3133416175842285,-0.0714814811944961,0.1629442572593689,0.3843339085578918,-0.0823204219341278,0.2181244492530822,0.1455090045928955,-0.0109275355935096,0.259796679019928,0.1855277419090271,-0.0491923652589321,0.183515727519989,0.1658410429954528,-0.0660957545042038,0.1783040761947631,0.145367681980133,-0.0755040571093559,0.2238267660140991,0.0705287456512451,-0.0128154894337058,0.256192147731781,0.1085901260375976,-0.0487474650144577,0.1662052869796753,0.101652979850769,-0.0512826927006244,0.1748748421669006,0.0857866406440734,-0.048429824411869,0.2169116735458374,-0.0059167742729187,-0.0224630739539861,0.2468914985656738,0.0285897254943847,-0.0601775124669075,0.1660076379776001,0.0340470671653747,-0.0395471304655075,0.1692844629287719,0.019122302532196,-0.0200500059872865,0.2070991396903991,-0.0868840217590332,-0.0351181589066982,0.226047396659851,-0.0561671257019043,-0.0521394088864326,0.1714885234832763,-0.0388712882995605,-0.0303173996508121,0.162894070148468,-0.049338161945343,-0.0107577303424477,0.2624320089817047,0.2350254505872726,0.2181519418954849,0.22731514275074,0.075867049396038,0.0624297596514225,0.0538621321320533,0.0629063621163368,0.0655337646603584,0.0726691111922264,0.0693831294775009,0.2395563423633575,0.075867049396038,0.0752204731106758,0.2395563423633575,0.2339086532592773
thumbs_down,0.0,0.0,0.0,0.0469384789466857,0.119912564754486,-0.031606052070856,0.1133829951286315,0.244103729724884,-0.0474962405860424,0.159743070602417,0.3263054490089416,-0.0634391456842422,0.1920890212059021,0.3707922101020813,-0.0695691555738449,0.2236261367797851,0.1382665634155273,-0.005654826760292,0.2615101337432861,0.1863525509834289,-0.0462889708578586,0.1830187439918518,0.1682841777801513,-0.0651512742042541,0.1819282174110412,0.14430832862854,-0.0767113044857978,0.2289715409278869,0.0628203153610229,-0.0087296571582555,0.2666667103767395,0.1065872907638549,-0.050366885960102,0.1733464002609253,0.100991666316986,-0.055530622601509,0.1800794005393982,0.0836693048477172,-0.0537829175591468,0.2224929928779602,-0.0132696032524108,-0.0199886336922645,0.2592668533325195,0.022010862827301,-0.0632643401622772,0.171132206916809,0.0282445549964904,-0.0414807274937629,0.1721721291542053,0.0128865242004394,-0.0204726215451955,0.2116544246673584,-0.0957139730453491,-0.0341783612966537,0.2314909696578979,-0.0633089542388916,-0.0548703446984291,0.1716187596321106,-0.049232542514801,-0.0336119569838047,0.1635382175445556,-0.0603925585746765,-0.0146379610523581,0.2629795968532562,0.2375932782888412,0.2237828373908996,0.2347912341356277,0.082608975470066,0.0696772411465644,0.0567147806286811,0.0628060400485992,0.0648553818464279,0.078627623617649,0.0740162953734397,0.2268241643905639,0.082608975470066,0.0756978467106819,0.2268241643905639,0.2360165417194366
thumbs_down,0.0,0.0,0.0,0.039418876171112,0.1297445893287658,-0.04706372320652,0.1181088984012603,0.2768633365631103,-0.063973493874073,0.1928118765354156,0.3046436309814453,-0.0764704570174217,0.2326255738735199,0.2497226595878601,-0.0776765272021293,0.2404715716838836,0.1688677072525024,-0.0124412011355161,0.2938917577266693,0.2054587006568908,-0.0584308207035064,0.2067345082759857,0.1894298195838928,-0.0777025073766708,0.201543241739273,0.1649927496910095,-0.086686260998249,0.2483744323253631,0.0807811617851257,-0.0075863674283027,0.2957416474819183,0.1150461435317993,-0.0525191314518451,0.1903519928455352,0.1101675033569336,-0.056578230112791,0.2036332190036773,0.0895730853080749,-0.0507708191871643,0.2453568875789642,-0.0052503943443298,-0.0128022795543074,0.2875644266605377,0.0197284817695617,-0.063422106206417,0.1879985630512237,0.0258228182792663,-0.0404564179480075,0.1911952793598175,0.0082709193229675,-0.015161077491939,0.2373323738574981,-0.1034398674964904,-0.0218504592776298,0.2645448744297027,-0.0729833841323852,-0.0483246035873889,0.1951428949832916,-0.0539700388908386,-0.0249741282314062,0.185502678155899,-0.0648291707038879,-0.0015404406003654,0.2941048443317413,0.2612910270690918,0.2457467466592788,0.2598151266574859,0.0839211568236351,0.0628010407090187,0.055873692035675,0.0677465870976448,0.0835608318448066,0.0896258801221847,0.0745758041739463,0.0906997546553611,0.0839211568236351,0.0885734930634498,0.0906997546553611,0.2724881768226623
thumbs_down,0.0,0.0,0.0,0.0376255512237548,0.1286690235137939,-0.0429836139082908,0.1146953701972961,0.2733615636825561,-0.0593387000262737,0.184759259223938,0.3274908661842346,-0.0720340684056282,0.2303655743598938,0.3097793459892273,-0.0741287171840667,0.2371230721473693,0.1726690530776977,-0.0173873677849769,0.2862879633903503,0.2229801416397094,-0.0599666163325309,0.2009607553482055,0.2023828625679016,-0.0745274797081947,0.1975818276405334,0.1715267300605774,-0.0813932046294212,0.2456549406051635,0.0884497761726379,-0.0154306041076779,0.2916545271873474,0.1351939439773559,-0.0598877407610416,0.1867674589157104,0.1276291012763977,-0.0612917654216289,0.1963691711425781,0.1028081178665161,-0.0544554851949214,0.2409996390342712,0.0006594657897949,-0.0221850015223026,0.2861369252204895,0.0387439727783203,-0.0746132284402847,0.1835314035415649,0.0480365753173828,-0.0499024987220764,0.1805163025856018,0.0281020402908325,-0.0236453972756862,0.2305118441581726,-0.0999950170516967,-0.0319230183959007,0.2537325024604797,-0.0624992251396179,-0.0626687332987785,0.1825446486473083,-0.0357651114463806,-0.0400937311351299,0.169637382030487,-0.0422184467315673,-0.0169873181730508,0.2938439846038818,0.2615488767623901,0.2420194894075393,0.2532859742641449,0.0752433538436889,0.064484030008316,0.0664338916540145,0.0852461606264114,0.0738197788596153,0.082350306212902,0.0714678391814231,0.1422720402479171,0.0752433538436889,0.0846729502081871,0.1422720402479171,0.2731312811374664
thumbs_down,0.0,0.0,0.0,0.0378247797489166,0.1309489011764526,-0.039338331669569,0.1224749088287353,0.2745451331138611,-0.0519437789916992,0.1924380660057068,0.3430697917938232,-0.0607777051627635,0.2366554141044616,0.3588342666625976,-0.05810422077775,0.243149995803833,0.1754363179206848,-0.0127407731488347,0.2830249071121216,0.2394262552261352,-0.0518238954246044,0.1975970268249511,0.2078150510787964,-0.0641234517097473,0.2012635469436645,0.1678589582443237,-0.0714911743998527,0.254554808139801,0.0900606513023376,-0.0111789656803011,0.2996631264686584,0.1468623280525207,-0.0545839369297027,0.188999593257904,0.1313996315002441,-0.0543837212026119,0.2002071738243103,0.103897213935852,-0.0470749959349632,0.2508228421211242,-0.0005014538764953,-0.0179012175649404,0.2957358360290527,0.0457361340522766,-0.0663768351078033,0.1893357634544372,0.0531569123268127,-0.0395667031407356,0.1869895458221435,0.0312362313270568,-0.0136613082140684,0.2412052154541015,-0.1016749143600463,-0.027597289532423,0.2583153247833252,-0.0591239333152771,-0.0558181814849376,0.1876111626625061,-0.0290583372116088,-0.0343745313584804,0.1801695227622985,-0.0333724617958068,-0.0134805804118514,0.3001035749912262,0.2702481150627136,0.2514613270759582,0.263209730386734,0.0725499913096427,0.0665855929255485,0.0714139193296432,0.0926815047860145,0.0684716776013374,0.0810604616999626,0.0649679005146026,0.1946878582239151,0.0725499913096427,0.0861482098698616,0.1946878582239151,0.2775160074234009
thumbs_down,0.0,0.0,0.0,0.0404929518699646,0.1368744373321533,-0.0415550023317337,0.1279559135437011,0.2855333685874939,-0.0537217855453491,0.2027990221977234,0.3453969359397888,-0.0616824738681316,0.2515348196029663,0.3458330035209656,-0.0578032322227954,0.2522423267364502,0.1733150482177734,-0.0126690007746219,0.2994095087051391,0.2348821759223938,-0.0548499785363674,0.2077335119247436,0.2102651596069336,-0.0701909586787223,0.2048589587211609,0.1753156781196594,-0.0779166966676712,0.2625266313552856,0.0867626667022705,-0.0105739850550889,0.3118387460708618,0.1436660289764404,-0.058039654046297,0.2009238600730896,0.133195161819458,-0.0632555708289146,0.2046222686767578,0.1023541688919067,-0.0578787103295326,0.2564619779586792,-0.0019941329956054,-0.0165740549564361,0.3033453822135925,0.0454777479171752,-0.0679214149713516,0.1966081261634826,0.053541362285614,-0.0430350601673126,0.1920956969261169,0.0288985967636108,-0.0167521331459283,0.244695782661438,-0.1018908619880676,-0.0255101155489683,0.2665043473243713,-0.053395926952362,-0.0537352040410041,0.1925387978553772,-0.02681165933609,-0.0295497849583625,0.1810871362686157,-0.0382613539695739,-0.0054954527877271,0.3063083589076996,0.2766944169998169,0.2570047080516815,0.2662865817546844,0.0806625559926033,0.0763789713382721,0.0713961496949195,0.0921702831983566,0.0756634548306465,0.085111878812313,0.068980872631073,0.1779307276010513,0.0806625559926033,0.0871864110231399,0.1779307276010513,0.2756086587905884
thumbs_down,0.0,0.0,0.0,0.0420876145362854,0.1349574923515319,-0.0373054556548595,0.132871925830841,0.2797024250030517,-0.0470809265971183,0.2058056592941284,0.3402591943740845,-0.053094994276762,0.2491476535797119,0.3534363508224487,-0.0470797419548034,0.2515751123428345,0.1768256425857544,-0.0108156818896532,0.2978843450546264,0.2389197349548339,-0.0513585582375526,0.2056294679641723,0.2112777829170227,-0.0658306255936622,0.2063396573066711,0.1757125258445739,-0.0745280608534812,0.2624278664588928,0.0893888473510742,-0.0098114209249615,0.312161922454834,0.1460602879524231,-0.055546224117279,0.1999645829200744,0.1336892247200012,-0.0584596171975135,0.2062165737152099,0.1052420139312744,-0.0527964569628238,0.2571766376495361,-0.0010797977447509,-0.0167267434298992,0.3041316270828247,0.0452366471290588,-0.0652169361710548,0.1965703964233398,0.0524953007698059,-0.0384504571557045,0.1933475732803344,0.0301262736320495,-0.0125546287745237,0.247236967086792,-0.1021173596382141,-0.0264735501259565,0.2662374377250671,-0.05656498670578,-0.0527399964630603,0.1925896406173706,-0.0305849313735961,-0.0290616676211357,0.1841948628425598,-0.0394538640975952,-0.0067032389342784,0.3076919317245483,0.2774076759815216,0.2577222883701324,0.2688027620315552,0.0781457126140594,0.0725172087550163,0.0711714476346969,0.0910597890615463,0.073745310306549,0.0861823111772537,0.0704230517148971,0.1848558783531189,0.0781457126140594,0.0881134718656539,0.1848558783531189,0.2794157862663269
thumbs_down,0.0,0.0,0.0,0.0430134236812591,0.1377047300338745,-0.0365498512983322,0.1353020071983337,0.2799713611602783,-0.0450394600629806,0.21024751663208,0.3276972770690918,-0.0498311668634414,0.2550748586654663,0.3295800685882568,-0.0429236702620983,0.2555641531944275,0.174025297164917,-0.0092166373506188,0.2970674037933349,0.2383136749267578,-0.0479579828679561,0.2076836824417114,0.2090753316879272,-0.0608837194740772,0.2089149951934814,0.1713798642158508,-0.0685246214270591,0.2668297886848449,0.087338387966156,-0.0087111927568912,0.3096615076065063,0.1476368904113769,-0.0529409907758235,0.2004463076591491,0.1330136656761169,-0.0562722831964492,0.20935720205307,0.1023474931716919,-0.0511272922158241,0.2609378099441528,-0.0027880072593688,-0.0158638898283243,0.3007867336273193,0.0472438335418701,-0.0640184432268142,0.1963997483253479,0.0526148676872253,-0.0392511114478111,0.1961702704429626,0.0267981886863708,-0.0147636579349637,0.248608112335205,-0.10312420129776,-0.0256726648658514,0.2657400965690613,-0.0568105578422546,-0.0524656064808368,0.1940364837646484,-0.0290548801422119,-0.0297174323350191,0.1866027116775512,-0.0387417078018188,-0.0077856155112385,0.3093263506889343,0.2808950245380401,0.2614344656467438,0.2703695297241211,0.0755021795630455,0.0729897022247314,0.0712136775255203,0.0911576747894287,0.0711922049522399,0.0848758295178413,0.0666011199355125,0.1667736321687698,0.0755021795630455,0.087417334318161,0.1667736321687698,0.2777247428894043
thumbs_down,0.0,0.0,0.0,0.0409364998340606,0.1372985243797302,-0.0422122851014137,0.13118776679039,0.2796850800514221,-0.0534883476793766,0.208863228559494,0.3309398889541626,-0.060473907738924,0.2636348307132721,0.3268991708755493,-0.0554740764200687,0.2582900822162628,0.1712743043899536,-0.0109663037583231,0.2964829504489898,0.2340672612190246,-0.0522808656096458,0.2079626023769378,0.207586407661438,-0.066483087837696,0.2081837356090545,0.1676003336906433,-0.0734822526574134,0.268732339143753,0.0854077339172363,-0.0081714168190956,0.3016047179698944,0.1428042650222778,-0.0517615340650081,0.193259984254837,0.131113052368164,-0.0543616339564323,0.2070172727108001,0.099624752998352,-0.0483130738139152,0.2628999054431915,-0.0020128488540649,-0.0143241956830024,0.2978803813457489,0.0458725094795227,-0.064266599714756,0.1927330195903778,0.0531471967697143,-0.0403084121644496,0.1947487294673919,0.0267446637153625,-0.0155441714450716,0.2494993507862091,-0.0974777340888977,-0.0237290356308221,0.2622707188129425,-0.0481819510459899,-0.05323401466012,0.1897758543491363,-0.0256134271621704,-0.0318487286567688,0.1835556924343109,-0.0424544811248779,-0.0096975183114409,0.3101111352443695,0.2820962965488434,0.2632975280284881,0.2689143121242523,0.0802021697163581,0.07498150318861,0.0739801675081253,0.0870230346918106,0.0724950209259986,0.0808444544672966,0.070341944694519,0.1696326583623886,0.0802021697163581,0.0865443274378776,0.1696326583623886,0.269198477268219
thumbs_down,0.0,0.0,0.0,0.0424716472625732,0.1369766592979431,-0.0340313501656055,0.1285141408443451,0.2771934270858764,-0.0435071885585784,0.1943406760692596,0.3397102355957031,-0.0504116006195545,0.2340637743473053,0.3623696565628052,-0.045795802026987,0.2504594027996063,0.1786340475082397,-0.0070127588696777,0.2963344752788543,0.2420030832290649,-0.0483845174312591,0.207087367773056,0.2140128016471862,-0.0650322139263153,0.2093386352062225,0.1762787103652954,-0.0750522539019584,0.2591234743595123,0.0903667211532592,-0.0077711613848805,0.305126279592514,0.1495714783668518,-0.0522084571421146,0.1957599222660064,0.1377140879631042,-0.0573159903287887,0.2060417234897613,0.106759488582611,-0.0540555976331234,0.2536586821079254,0.0008001327514648,-0.0162844788283109,0.3038830459117889,0.0483626723289489,-0.0635154992341995,0.1969237029552459,0.0572443008422851,-0.0380932129919528,0.1944966614246368,0.0325819253921508,-0.0136468540877103,0.2438690960407257,-0.0977417230606079,-0.0274085123091936,0.2669056951999664,-0.050044298171997,-0.0534246489405632,0.192579299211502,-0.0242190957069396,-0.0295607894659042,0.1831859052181244,-0.0355772972106933,-0.0069253579713404,0.3077161312103271,0.2745387256145477,0.2541821300983429,0.2641530036926269,0.0795351341366767,0.0723093673586845,0.0672100037336349,0.0892548337578773,0.072695605456829,0.0852553024888038,0.0694175139069557,0.1899923980236053,0.0795351341366767,0.0886947736144065,0.1899923980236053,0.2772056758403778
thumbs_down,0.0,0.0,0.0,0.0421788394451141,0.1381593346595764,-0.0365416891872882,0.1329774856567382,0.282809853553772,-0.0456295907497406,0.202432096004486,0.3479490280151367,-0.0509265586733818,0.2470648884773254,0.3714957237243652,-0.0440980494022369,0.2529717683792114,0.178201138973236,-0.0116201760247349,0.2944384217262268,0.2446722388267517,-0.0511264652013778,0.2046185135841369,0.2149866819381714,-0.0642342790961265,0.2088710069656372,0.1752618551254272,-0.0724899843335151,0.2641646265983581,0.090635061264038,-0.0110101215541362,0.3040466904640198,0.153022825717926,-0.0549149513244628,0.1934415102005005,0.1384363770484924,-0.0579138323664665,0.2067383527755737,0.1076628565788269,-0.0537439845502376,0.2583728432655334,0.0016497373580932,-0.0181322377175092,0.2973586320877075,0.0538283586502075,-0.065176248550415,0.1915357112884521,0.0584350228309631,-0.039161454886198,0.1939627528190612,0.0318379402160644,-0.0152380876243114,0.2478214502334594,-0.0955114364624023,-0.0281320363283157,0.2604143023490906,-0.0482727289199829,-0.0548095777630806,0.1877261996269226,-0.0228259563446044,-0.0326122418045997,0.1828250288963318,-0.0342727899551391,-0.0118571883067488,0.3096536695957184,0.2794975638389587,0.2590135633945465,0.2670754790306091,0.0752240046858787,0.0735792443156242,0.071192443370819,0.0907721146941185,0.070182517170906,0.0859961509704589,0.0671275556087493,0.2019222825765609,0.0752240046858787,0.0882806330919265,0.2019222825765609,0.2742585241794586
thumbs_down,0.0,0.0,0.0,0.0461149811744689,0.1377903223037719,-0.0379538685083389,0.1333207488059997,0.2811701893806457,-0.0496157370507717,0.1986617445945739,0.3503939509391784,-0.0577345192432403,0.2468041777610778,0.3738941550254822,-0.0536897927522659,0.2573984861373901,0.1842530965805053,-0.0118508199229836,0.2941529154777527,0.2476385235786438,-0.0513167902827262,0.2066099643707275,0.2167443633079528,-0.0640561133623123,0.2112006545066833,0.177764356136322,-0.0715977624058723,0.2685508131980896,0.0943884849548339,-0.0109397554770112,0.3031755089759826,0.1531105637550354,-0.0543395206332206,0.1945884823799133,0.1388260126113891,-0.0568982847034931,0.2090817093849182,0.1105661392211914,-0.0522141680121421,0.2628157138824463,0.0024340748786926,-0.0179909206926822,0.2971388101577759,0.0517638325691223,-0.065385565161705,0.1934763789176941,0.05829519033432,-0.0401390753686428,0.1962218284606933,0.0355829000473022,-0.0161811113357543,0.2511467337608337,-0.0961688756942749,-0.0279756281524896,0.2637239694595337,-0.0509519577026367,-0.0554389394819736,0.1931196451187133,-0.0214684009552001,-0.0338238663971424,0.1877908706665039,-0.0274822115898132,-0.0126216020435094,0.3167706131935119,0.2848655879497528,0.2634420096874237,0.2703807950019836,0.0758026391267776,0.0741745755076408,0.0744101181626319,0.0946972519159317,0.0699700936675071,0.0841798335313797,0.0637256577610969,0.2001379579305648,0.0758026391267776,0.0905585587024688,0.2001379579305648,0.2809547483921051
thumbs_down,0.0,0.0,0.0,0.0485628247261047,0.140547513961792,-0.0339728444814682,0.1324241459369659,0.2857905030250549,-0.0440062321722507,0.1966878473758697,0.3552756905555725,-0.0513983517885208,0.2421532571315765,0.3790821433067322,-0.0466441176831722,0.2545125782489776,0.1893892288208007,-0.0076295072212815,0.2895894348621368,0.2547438144683838,-0.0477906391024589,0.2007453739643097,0.2203512191772461,-0.0629914700984954,0.2066355645656585,0.1812195777893066,-0.0733429938554763,0.2676057517528534,0.0996974110603332,-0.0088263284415006,0.3021282255649566,0.1585143208503723,-0.0547703616321086,0.1933908760547638,0.1419003009796142,-0.0605858638882637,0.2065494954586029,0.1149647831916809,-0.0585651621222496,0.2615874111652374,0.0085061192512512,-0.0174953956156969,0.2969931662082672,0.0559914708137512,-0.0649316683411598,0.1922192871570587,0.0594664812088012,-0.0398014225065708,0.195250779390335,0.0370956659317016,-0.0167350005358457,0.249386578798294,-0.0900024771690368,-0.028996666893363,0.2568904459476471,-0.0491500496864318,-0.0558916740119457,0.1873082816600799,-0.0231422781944274,-0.0349384546279907,0.186159461736679,-0.0287431478500366,-0.0151405027136206,0.3173375725746155,0.2857101857662201,0.2623097598552704,0.2667112946510315,0.0817142203450203,0.0802178978919982,0.0722391083836555,0.0891199558973312,0.0678829103708267,0.0891124233603477,0.0664826557040214,0.2027903646230697,0.0817142203450203,0.0906503498554229,0.2027903646230697,0.280254453420639
thumbs_down,0.0,0.0,0.0,0.0521160960197448,0.1336321234703064,-0.0427104197442531,0.1306589245796203,0.2698118686676025,-0.061331633478403,0.191155731678009,0.3256143927574157,-0.0770751014351844,0.2360445261001587,0.3229600787162781,-0.0821780711412429,0.2680770754814148,0.1687561273574829,-0.0122227491810917,0.288480281829834,0.232928454875946,-0.0535098686814308,0.2048713564872741,0.2063395977020263,-0.0705117881298065,0.2093399167060852,0.1717766523361206,-0.0804417133331298,0.2793771028518677,0.0822446942329406,-0.0109392618760466,0.2925001978874206,0.1410330533981323,-0.0520761795341968,0.1896443367004394,0.1298207640647888,-0.0561754070222377,0.2083967924118042,0.1047725677490234,-0.0535714365541935,0.2714341282844543,-0.0055481791496276,-0.0184440240263938,0.2922782301902771,0.0459723472595214,-0.0662879943847656,0.1942358016967773,0.0521245598793029,-0.0433391965925693,0.1995449066162109,0.0299621224403381,-0.021198209375143,0.2554278969764709,-0.1019595265388488,-0.0293883103877306,0.2624749541282654,-0.052789568901062,-0.0579690784215927,0.1946991682052612,-0.0280804634094238,-0.036957524716854,0.188958466053009,-0.0373628139495849,-0.0160818956792354,0.3170068562030792,0.2914368212223053,0.2721166312694549,0.2765914499759674,0.090072214603424,0.0858091562986373,0.0802285969257354,0.0936374962329864,0.0721972957253456,0.0819938033819198,0.0683439522981643,0.1535336524248123,0.090072214603424,0.0872557461261749,0.1535336524248123,0.2715540826320648
thumbs_down,0.0,0.0,0.0,0.0603134334087371,0.1361474990844726,-0.0262609981000423,0.1411048471927642,0.2648978233337402,-0.036220122128725,0.2160651981830597,0.3329308032989502,-0.047274574637413,0.2684798538684845,0.3195370435714721,-0.0497590787708759,0.2486017048358917,0.1642407178878784,0.0074881901964545,0.3037943542003631,0.217093825340271,-0.0283562429249286,0.2185427844524383,0.1975243091583252,-0.0426523238420486,0.2082462012767791,0.1687850952148437,-0.0484703220427036,0.2587948143482208,0.0806527137756347,0.0036390735767781,0.3093946278095245,0.129907488822937,-0.0346066504716873,0.2080372869968414,0.1246806979179382,-0.03807308152318,0.2042427957057953,0.1007004976272583,-0.0324363522231578,0.2526596486568451,-0.0045448541641235,-0.0076556946150958,0.3008625209331512,0.0394873023033142,-0.048837162554264,0.2018833458423614,0.0468720197677612,-0.0205580033361911,0.1883781254291534,0.0226173400878906,0.0075946287252008,0.2399297058582306,-0.099988579750061,-0.0212544817477464,0.2761388123035431,-0.0583081245422363,-0.0401822999119758,0.2082342803478241,-0.0381772518157959,-0.0113407801836729,0.189127117395401,-0.0535845756530761,0.0159072801470756,0.2980501353740692,0.2710956633090973,0.2528164684772491,0.2607982456684112,0.0691416934132576,0.0684052109718322,0.0714315846562385,0.0781999453902244,0.0700616016983985,0.0891692042350769,0.0766576379537582,0.1623450070619583,0.0691416934132576,0.0842951312661171,0.1623450070619583,0.2659294307231903
thumbs_down,0.0,0.0,0.0,0.0502541661262512,0.1367311477661132,-0.0331775657832622,0.1316262483596801,0.2698900103569031,-0.0448785759508609,0.2067720293998718,0.3388020396232605,-0.0572922118008136,0.2435730099678039,0.3189508318901062,-0.0603337287902832,0.2402124404907226,0.1642480492591858,0.0067187505774199,0.3017478585243225,0.2020343542098999,-0.0358357727527618,0.2151646614074707,0.183883249759674,-0.0562291294336319,0.1952354311943054,0.1653019785881042,-0.0644777342677116,0.2452636361122131,0.0817800760269165,0.0047179237008094,0.2988669276237488,0.1180537939071655,-0.0388956479728221,0.1996893286705017,0.1112450361251831,-0.0450363680720329,0.1904476881027221,0.0953409671783447,-0.0390441119670867,0.236014723777771,-0.0049188733100891,-0.0067810202017426,0.2873623371124267,0.0271432995796203,-0.0532335042953491,0.1943851709365844,0.0346611738204956,-0.0314147174358367,0.1789115071296692,0.018980324268341,-0.0052425083704292,0.2210535407066345,-0.0988616943359375,-0.0213735662400722,0.2587127089500427,-0.0621374249458313,-0.041922390460968,0.195199429988861,-0.0453788638114929,-0.0171926114708185,0.1759923100471496,-0.0586159229278564,0.0075815650634467,0.2910748720169067,0.2585816979408264,0.2361633479595184,0.2430948913097381,0.0842198431491851,0.0714408978819847,0.0619218535721302,0.0669972822070121,0.0745944678783416,0.0843005329370498,0.0787029638886451,0.1611262410879135,0.0842198431491851,0.0826467424631118,0.1611262410879135,0.2652978897094726
thumbs_down,0.0,0.0,0.0,0.0383970737457275,0.1227292418479919,-0.0327375158667564,0.1054447889328002,0.2498969435691833,-0.0487989820539951,0.1634031534194946,0.3439280390739441,-0.0637765824794769,0.1859675645828247,0.3729082942008972,-0.0667847469449043,0.2205007076263427,0.1715639233589172,-0.0056386082433164,0.2740773558616638,0.2164013385772705,-0.0425946451723575,0.1860957145690918,0.1872521042823791,-0.0558828525245189,0.1824366450309753,0.1619327664375305,-0.0631440728902816,0.2275267243385315,0.0908575654029846,-0.0053155329078435,0.2829744815826416,0.1249785423278808,-0.0445437207818031,0.1785219311714172,0.1116536259651184,-0.0430223643779754,0.1862039566040039,0.0974186062812805,-0.0348528288304805,0.2206373214721679,0.0084480643272399,-0.0126164043322205,0.2714032530784607,0.0378998517990112,-0.0483565814793109,0.1809635758399963,0.0423576831817626,-0.0194465592503547,0.1818983554840088,0.0307942032814025,0.0060561299324035,0.214008629322052,-0.0759385228157043,-0.0234723296016454,0.2392079830169677,-0.0530577301979064,-0.0355520546436309,0.1808759570121765,-0.0364933609962463,-0.0096641862764954,0.1753605604171753,-0.0429305434226989,0.0122511247172951,0.2794396877288818,0.2450546026229858,0.2211591452360153,0.2282921373844146,0.0696312487125396,0.0512159168720245,0.0484636053442955,0.0621237903833389,0.0705454796552658,0.0783000141382217,0.0742728635668754,0.2110364884138107,0.0696312487125396,0.0810122564435005,0.2110364884138107,0.2482290267944336
thumbs_down,0.0,0.0,0.0,0.0272007584571838,0.1176677942276001,-0.0334256812930107,0.1026893258094787,0.2488025426864624,-0.0457327552139759,0.16082763671875,0.3301532864570617,-0.0556935332715511,0.1829379200935363,0.3929725289344787,-0.0532739832997322,0.2164636850357055,0.1804327368736267,-0.0096559487283229,0.271192729473114,0.2140057682991027,-0.0468202792108058,0.1829381585121154,0.1813716292381286,-0.0593816563487052,0.1762934923171997,0.1674895882606506,-0.0664235353469848,0.2240036725997924,0.0965023636817932,-0.008139950223267,0.2801101803779602,0.1281936764717102,-0.0451533086597919,0.1762886643409729,0.1107358932495117,-0.0400607511401176,0.179898977279663,0.1020734906196594,-0.0299271624535322,0.2174399495124817,0.0125126838684082,-0.0147413574159145,0.2700311541557312,0.0396684408187866,-0.0501863360404968,0.1782595515251159,0.0418646335601806,-0.0203571170568466,0.1764767169952392,0.0340639948844909,0.0054232119582593,0.2117683291435241,-0.0743618607521057,-0.0248239170759916,0.2375866770744323,-0.0500348210334777,-0.0387226119637489,0.1785157918930053,-0.0333905816078186,-0.0141885625198483,0.1739010214805603,-0.0371760725975036,0.0067198653705418,0.2819676101207733,0.244042232632637,0.2182979732751846,0.2258135080337524,0.0707370340824127,0.0495070107281208,0.0504881702363491,0.0617391765117645,0.0749950036406517,0.0767245218157768,0.0712984055280685,0.2259637415409088,0.0707370340824127,0.0842820107936859,0.2259637415409088,0.2552888393402099
thumbs_down,0.0,0.0,0.0,0.0326936841011047,0.1289458274841308,-0.0309053733944892,0.1121379733085632,0.2563450336456299,-0.0389661416411399,0.1740509271621704,0.3371673822402954,-0.0448038801550865,0.2011849284172058,0.3868520855903625,-0.0383337177336216,0.2160806655883789,0.1879900693893432,-0.0018613900756463,0.2717989087104797,0.2234590053558349,-0.0350113399326801,0.1851523518562317,0.191180408000946,-0.0481029972434043,0.181606113910675,0.1741338372230529,-0.0560855008661747,0.2253240942955017,0.1012359857559204,0.0007810757379047,0.2802886366844177,0.1350604891777038,-0.0337740369141101,0.178909957408905,0.1169734597206115,-0.0334613658487796,0.1825459003448486,0.1041037440299987,-0.0272319111973047,0.2187047004699707,0.0146938562393188,-0.0039246012456715,0.2718806266784668,0.0469258427619934,-0.0362488962709903,0.180791437625885,0.0489820837974548,-0.0098298732191324,0.1780510544776916,0.0360553860664367,0.013104504905641,0.2142937183380127,-0.0717344880104065,-0.0117948846891522,0.2405941486358642,-0.0415600538253784,-0.023580165579915,0.181702971458435,-0.0277041792869567,0.0002289344847667,0.1769015789031982,-0.0369051098823547,0.0203151442110538,0.2864167988300323,0.2470228374004364,0.2192328870296478,0.2262890934944152,0.06573236733675,0.0512145049870014,0.0489798374474048,0.0603515692055225,0.0757471248507499,0.0792326256632804,0.0733249485492706,0.2143536955118179,0.06573236733675,0.0872851312160492,0.2143536955118179,0.259920597076416
thumbs_down,0.0,0.0,0.0,0.029106855392456,0.1230875253677368,-0.035545215010643,0.1035215258598327,0.2559987306594848,-0.0469756312668323,0.1594909429550171,0.3431744575500488,-0.0553918592631816,0.1827873587608337,0.4014421701431274,-0.0510001517832279,0.2134861946105957,0.1901599764823913,-0.0078990664333105,0.2700057625770569,0.2244216799736023,-0.0439112037420272,0.1822728514671325,0.1878698468208313,-0.0585006661713123,0.1795263886451721,0.1729572415351867,-0.0675932392477989,0.2224025130271911,0.103803277015686,-0.0030980634037405,0.2778390645980835,0.1398000121116638,-0.0395800955593586,0.1750744581222534,0.1171254515647888,-0.0387289822101593,0.1801134347915649,0.1067544221878051,-0.0320267900824546,0.2160089612007141,0.0180901885032653,-0.0060946131125092,0.2675751447677612,0.0493032336235046,-0.0386842191219329,0.1774705648422241,0.0486322045326232,-0.0115357339382171,0.1769538521766662,0.0390088558197021,0.0115461349487304,0.2136523723602295,-0.0675940513610839,-0.012846671976149,0.2353600263595581,-0.0411924123764038,-0.0245052259415388,0.1784467697143554,-0.0272976756095886,-0.0016170035814866,0.1761101484298706,-0.0320720076560974,0.0175034310668706,0.2860062420368194,0.2454538643360138,0.2168508023023605,0.2244578599929809,0.0707996934652328,0.0513219907879829,0.0476874001324176,0.0599363222718238,0.0751540437340736,0.0806104466319084,0.0713350623846054,0.2291098535060882,0.0707996934652328,0.0869484320282936,0.2291098535060882,0.2578015625476837
thumbs_down,0.0,0.0,0.0,0.0387095212936401,0.1297261118888855,-0.0296748373657464,0.1134799718856811,0.2583203911781311,-0.0401784963905811,0.1764695644378662,0.3283833265304565,-0.0506450794637203,0.2116909027099609,0.352954089641571,-0.0517811849713325,0.2144504189491272,0.168494164943695,-0.0012233736924827,0.2684720754623413,0.2064198851585388,-0.0374814458191394,0.1897869706153869,0.1849818229675293,-0.052953515201807,0.1781842112541198,0.1725060939788818,-0.0603827834129333,0.2228042483329773,0.0875094532966613,-0.0027949430514127,0.2767028212547302,0.1229686141014099,-0.0410913527011871,0.1850839257240295,0.1127589344978332,-0.0439362749457359,0.1793761253356933,0.099080204963684,-0.0385257489979267,0.2180918455123901,0.0033276081085205,-0.0120391687378287,0.272335946559906,0.0378196239471435,-0.0523688606917858,0.1845456957817077,0.040529191493988,-0.0298583395779132,0.1732197999954223,0.0241508483886718,-0.0067552053369581,0.2104948759078979,-0.0881961584091186,-0.0239723175764083,0.2439695596694946,-0.0501081347465515,-0.042212463915348,0.1857926845550537,-0.0352506637573242,-0.0195000953972339,0.1720523834228515,-0.0491300225257873,0.0015409282641485,0.2727283537387848,0.2393897473812103,0.2184492349624633,0.2294805496931076,0.0695066154003143,0.0574158057570457,0.0497496537864208,0.06045588478446,0.076619267463684,0.0816190913319587,0.0737582147121429,0.1837339550256729,0.0695066154003143,0.0814296007156372,0.1837339550256729,0.2577267587184906
thumbs_down,0.0,0.0,0.0,0.0437687635421752,0.123414397239685,-0.0345535799860954,0.1230442523956298,0.2444750666618347,-0.0466856881976127,0.2022804021835327,0.2437458634376526,-0.0579110980033874,0.2494813203811645,0.1818206906318664,-0.0612074472010135,0.2207146883010864,0.1519283652305603,-0.0110193099826574,0.2652747631072998,0.2015590071678161,-0.0508210510015487,0.1858161091804504,0.191754937171936,-0.0665564239025116,0.1751992106437683,0.1677107214927673,-0.0730594247579574,0.2306442856788635,0.0734083652496337,-0.0118385720998048,0.262028694152832,0.1216434836387634,-0.0495202355086803,0.1729407906532287,0.1192026138305664,-0.0531193912029266,0.1777207851409912,0.0940300822257995,-0.0497698001563549,0.2291557788848877,-0.0060065388679504,-0.0208291988819837,0.2617115378379822,0.0376599431037902,-0.0672544464468956,0.1754803657531738,0.0442928671836853,-0.0501712784171104,0.1721227169036865,0.0191165208816528,-0.0305740721523761,0.2210009694099426,-0.1004850268363952,-0.0320606864988803,0.249083936214447,-0.0467840433120727,-0.0584089644253253,0.1876662969589233,-0.0275269746780395,-0.0385143272578716,0.1718026399612426,-0.0475708246231079,-0.0183834116905927,0.2681764960289001,0.2423339188098907,0.2301788479089737,0.2448807060718536,0.0785475447773933,0.0683002918958664,0.0630785301327705,0.0735354050993919,0.0773149505257606,0.0775361582636833,0.0677931904792785,0.0765336081385612,0.0785475447773933,0.0791495963931083,0.0765336081385612,0.2532890439033508
thumbs_down,0.0,0.0,0.0,0.0389962792396545,0.1302183866500854,-0.0293837822973728,0.0997386574745178,0.248164415359497,-0.041607316583395,0.1545159816741943,0.2777905464172363,-0.0539823770523071,0.1918163299560547,0.2635060548782348,-0.0574856176972389,0.2132625579833984,0.1410666108131408,-0.0012641196371987,0.2472719550132751,0.205384612083435,-0.0400619767606258,0.1734443306922912,0.1923278570175171,-0.0562034286558628,0.1709700226783752,0.1613473892211914,-0.0638950690627098,0.2181193232536316,0.0725587606430053,-0.0052978475578129,0.2468756437301635,0.1361140012741089,-0.0460581369698047,0.1608211398124694,0.127298891544342,-0.0525745637714862,0.1697417497634887,0.0925971865653991,-0.0502427145838737,0.2148873805999755,0.0032247900962829,-0.01729491725564,0.2468690276145935,0.0583059787750244,-0.0645086541771888,0.1637335419654846,0.0591750741004943,-0.0492621846497058,0.1653356552124023,0.0233750343322753,-0.0300778578966856,0.2050716280937194,-0.0764709115028381,-0.0312457755208015,0.2301458120346069,-0.0187978744506835,-0.0578469336032867,0.171207308769226,-0.0058164596557617,-0.0394662171602249,0.160675048828125,-0.0365516543388366,-0.0201891642063856,0.2556996345520019,0.2299323379993438,0.2156063467264175,0.2210847586393356,0.0782470703125,0.0690070241689682,0.0549982674419879,0.0607194527983665,0.0701033920049667,0.0722339376807212,0.0609156414866447,0.1044607236981391,0.0782470703125,0.0687981471419334,0.1044607236981391,0.2197465896606445
thumbs_down,0.0,0.0,0.0,0.0437316000461578,0.1200317740440368,-0.0233072154223918,0.0992860198020935,0.234273612499237,-0.0359818264842033,0.1325352787971496,0.2881924510002136,-0.0502760373055934,0.1483393311500549,0.3040199875831604,-0.0564845912158489,0.203648567199707,0.1381468176841735,0.0038692450616508,0.2350174784660339,0.1918109059333801,-0.0334004499018192,0.1649408936500549,0.1755833029747009,-0.051244206726551,0.1638421416282653,0.1480364203453064,-0.0612606219947338,0.2094557285308838,0.0724501609802246,-0.0016022165073081,0.2409135103225708,0.1277349591255188,-0.0383495911955833,0.1563637852668762,0.1185114979743957,-0.0431877858936786,0.1639618873596191,0.0894986391067504,-0.0411635376513004,0.2076554298400879,0.0053719282150268,-0.0146486135199666,0.2430174350738525,0.0548790693283081,-0.0565492659807205,0.1611496806144714,0.0546436309814453,-0.0398724265396595,0.1606916785240173,0.0223305821418762,-0.0212344601750373,0.1999344825744629,-0.0705153346061706,-0.0295231193304061,0.2221733331680297,-0.0170315504074096,-0.0522515773773193,0.1650574207305908,-0.0088968873023986,-0.0342753455042839,0.1568076610565185,-0.0377668738365173,-0.016416436061263,0.2461143136024475,0.2216377556324005,0.2082407772541046,0.2140509933233261,0.0769691839814186,0.0626533180475235,0.0503643043339252,0.0557150766253471,0.061891671270132,0.07013850659132,0.060415256768465,0.1568248122930526,0.0769691839814186,0.0661793798208236,0.1568248122930526,0.2113498002290725
thumbs_down,0.0,0.0,0.0,0.0443522632122039,0.1146062016487121,-0.0241414736956357,0.1030887961387634,0.2288785576820373,-0.0365643799304962,0.139198899269104,0.288027822971344,-0.0500542409718036,0.1611942648887634,0.3075700402259826,-0.0550276264548301,0.2073045969009399,0.1316376328468322,0.0022141668014228,0.2389493584632873,0.1923272609710693,-0.0335400216281414,0.1662338376045227,0.1747118830680847,-0.0495213158428669,0.1673487424850464,0.146577775478363,-0.0582904331386089,0.213509976863861,0.0656803846359252,-0.0026026139967143,0.2414648532867431,0.1250943541526794,-0.0373779349029064,0.1560919880867004,0.1145515441894531,-0.0413698516786098,0.1666101217269897,0.0862939953804016,-0.0392835214734077,0.209318995475769,-0.0004782080650329,-0.0147171830758452,0.2408050298690796,0.0518555045127868,-0.0535339675843715,0.1593360304832458,0.0512157678604126,-0.0350784361362457,0.1616900563240051,0.0201264023780822,-0.0162961184978485,0.1995553970336914,-0.0750433802604675,-0.028781434521079,0.2208117246627807,-0.0250235795974731,-0.0480560176074504,0.1645364165306091,-0.015024721622467,-0.0280067417770624,0.1559134721755981,-0.0414803028106689,-0.0092720696702599,0.2455780208110809,0.2233991920948028,0.2098362892866134,0.2151330709457397,0.0740302950143814,0.0630079880356788,0.0519187711179256,0.0584098696708679,0.0632134675979614,0.0702195018529892,0.0622743293642997,0.1611429005861282,0.0740302950143814,0.0664233863353729,0.1611429005861282,0.209135890007019
thumbs_down,0.0,0.0,0.0,0.0422432720661163,0.1167138814926147,-0.0197483543306589,0.1029399037361145,0.2365685701370239,-0.0288016162812709,0.1355999708175659,0.3004480600357055,-0.0380761846899986,0.1464783549308776,0.3253102302551269,-0.0377215780317783,0.2096970677375793,0.138995885848999,0.0005704272189177,0.2379136681556701,0.2022534608840942,-0.0342324934899807,0.1625378131866455,0.177740216255188,-0.0495974123477935,0.1663753986358642,0.1448435187339782,-0.0589996054768562,0.2152066826820373,0.0692328810691833,-0.0046065174974501,0.2406395077705383,0.1310520768165588,-0.040856696665287,0.1529361605644226,0.1163605451583862,-0.0463763512670993,0.1641784906387329,0.087533950805664,-0.0456974320113658,0.2102941870689392,0.001642882823944,-0.0154709136113524,0.2393167614936828,0.0554548501968383,-0.0518382787704467,0.1565000414848327,0.0529611110687255,-0.0332092605531215,0.1602804064750671,0.0226026773452758,-0.0154593735933303,0.2012296915054321,-0.0703234672546386,-0.0279502496123313,0.2178486585617065,-0.0194386839866638,-0.0446769967675209,0.1603257060050964,-0.0118500590324401,-0.0246742777526378,0.1557561159133911,-0.038994550704956,-0.0067541687749326,0.251581072807312,0.226115733385086,0.2108688950538635,0.2149883508682251,0.0738887712359428,0.068024031817913,0.0542281419038772,0.0591491386294364,0.0588741078972816,0.0717328786849975,0.0623736195266246,0.1828028559684753,0.0738887712359428,0.0701714530587196,0.1828028559684753,0.2114230692386627
thumbs_down,0.0,0.0,0.0,0.0405905544757843,0.1179044842720031,-0.0175598878413438,0.1044831871986389,0.2422726154327392,-0.0254526380449533,0.1376905441284179,0.3135857582092285,-0.0338990800082683,0.1443227529525756,0.3475654125213623,-0.0332142412662506,0.2115930318832397,0.1466935276985168,0.0015895687974989,0.2407223582267761,0.2066725492477417,-0.0315059795975685,0.1652456521987915,0.1804227232933044,-0.0464501865208148,0.166171133518219,0.1485146880149841,-0.056122288107872,0.2179418802261352,0.0740749239921569,-0.0048853107728064,0.2433222532272339,0.1330398321151733,-0.0384084396064281,0.1552836894989013,0.1181914210319519,-0.0430375337600708,0.1649796366691589,0.0906587839126586,-0.0425991266965866,0.2121079564094543,0.0030593872070312,-0.0168219655752182,0.2406922578811645,0.0560653805732727,-0.050319705158472,0.1583151817321777,0.0548218488693237,-0.0309181492775678,0.1617775559425354,0.026648461818695,-0.0138494940474629,0.2015077471733093,-0.0715554356575012,-0.030360085889697,0.2179371118545532,-0.0225435495376586,-0.0447801128029823,0.1601959466934204,-0.0120669603347778,-0.0235210452228784,0.1555719971656799,-0.0351223349571228,-0.0055872267112135,0.2574745118618011,0.2302381843328476,0.2127959579229354,0.2159798294305801,0.0734651237726211,0.0670995935797691,0.0556635372340679,0.0636487156152725,0.0594272762537002,0.0702432617545127,0.062629111111164,0.2015522718429565,0.0734651237726211,0.0731826052069664,0.2015522718429565,0.2208055704832077
thumbs_down,0.0,0.0,0.0,0.0169894099235534,0.1079575419425964,-0.0269685201346874,0.0552214384078979,0.2091131210327148,-0.0456849560141563,0.0767683684825897,0.2905809879302978,-0.0653035342693328,0.0791354477405548,0.3522005677223205,-0.0820658653974533,0.166871428489685,0.1356183290481567,-0.0271560866385698,0.2002726793289184,0.166810393333435,-0.0623418241739273,0.1361076235771179,0.1625690460205078,-0.0813036561012268,0.1073273420333862,0.1520852446556091,-0.0913978293538093,0.1724566221237182,0.0635393857955932,-0.0326817706227302,0.2020733952522277,0.0952927470207214,-0.0684935227036476,0.1325845718383789,0.0938584804534912,-0.0764750093221664,0.1059425473213195,0.0826807022094726,-0.0775124430656433,0.1668353080749511,-0.0114938616752624,-0.0429000668227672,0.1920222043991089,0.0175336003303527,-0.0796689018607139,0.124193787574768,0.0221912264823913,-0.0672634318470954,0.0980013310909271,0.0107685923576354,-0.052746444940567,0.1532723307609558,-0.091990053653717,-0.0551694221794605,0.1688730120658874,-0.0708547234535217,-0.0747047066688537,0.1192507445812225,-0.0581405162811279,-0.0579032562673091,0.0974134802818298,-0.0633354783058166,-0.0419931858777999,0.216739147901535,0.1866725385189056,0.1726457178592682,0.1870781630277633,0.089127205312252,0.0824639350175857,0.0730115324258804,0.0641475543379783,0.070793442428112,0.0764707028865814,0.0748825147747993,0.2023067325353622,0.089127205312252,0.0725058764219284,0.2023067325353622,0.2297286540269851
thumbs_down,0.0,0.0,0.0,0.0365488827228546,0.1213753223419189,-0.0212993007153272,0.0946655869483947,0.2392421960830688,-0.0363402739167213,0.1201024651527404,0.3212430477142334,-0.0504860170185565,0.1262294650077819,0.3864019513130188,-0.0558061264455318,0.2160176932811737,0.1419647336006164,-0.0268549658358097,0.2148012220859527,0.2092360258102417,-0.0612876489758491,0.1442312598228454,0.1830960512161255,-0.0749788805842399,0.1491354703903198,0.152005910873413,-0.0867757350206375,0.2279802560806274,0.0649386048316955,-0.0353063941001892,0.2174031138420105,0.1392604708671569,-0.0725944563746452,0.135593444108963,0.1228596568107605,-0.079899787902832,0.1514285504817962,0.0971670746803283,-0.0843980982899665,0.2170501053333282,-0.0084227323532104,-0.0466547757387161,0.2077867686748504,0.059100866317749,-0.0814454182982444,0.1318997144699096,0.060718297958374,-0.0659520179033279,0.1413997411727905,0.0347536206245422,-0.0547433868050575,0.1997807025909423,-0.0738158822059631,-0.0603829324245452,0.1735228300094604,-0.0238323807716369,-0.0828361064195633,0.1241143345832824,-0.0071207284927368,-0.0722356513142585,0.1333760619163513,-0.0276779532432556,-0.0631173104047775,0.2598823308944702,0.2396634370088577,0.2221674025058746,0.2213757187128067,0.0903579294681549,0.0964822992682457,0.087479144334793,0.0809058845043182,0.0549382306635379,0.0698241963982582,0.0634996369481086,0.2375401109457016,0.0903579294681549,0.0784063413739204,0.2375401109457016,0.2189726829528808
thumbs_down,0.0,0.0,0.0,0.0475258827209472,0.1283850073814392,-0.0143675887957215,0.1095722019672393,0.2436732053756714,-0.0273931790143251,0.1343586444854736,0.3278560042381286,-0.041161622852087,0.1408104300498962,0.3967904448509216,-0.0463406108319759,0.2360667586326599,0.1372161507606506,-0.015908159315586,0.2255432903766632,0.2147547602653503,-0.0474688895046711,0.1600052118301391,0.1870147585868835,-0.0606702789664268,0.167220801115036,0.1512815952301025,-0.0716416090726852,0.2487134933471679,0.0601730942726135,-0.0274679139256477,0.225249171257019,0.1446070671081543,-0.0627483129501342,0.1499368846416473,0.1287758350372314,-0.0719823911786079,0.1669211387634277,0.0984209775924682,-0.0775597915053367,0.2352244555950164,-0.0099067687988281,-0.041106816381216,0.2177702188491821,0.0654789805412292,-0.0728409960865974,0.1447786092758178,0.0672047734260559,-0.0582200288772583,0.1548987925052642,0.0364405512809753,-0.0474850162863731,0.2124970257282257,-0.0698199272155761,-0.0567048788070678,0.185916781425476,-0.0159015655517578,-0.075814738869667,0.137320876121521,0.0026161074638366,-0.0635507926344871,0.14525106549263,-0.0197426676750183,-0.0526875294744968,0.2735120952129364,0.2573590576648712,0.238994687795639,0.2307493239641189,0.0896873474121093,0.10325738042593,0.0929568037390708,0.0839397981762886,0.0531917214393615,0.0699328407645225,0.0572424568235874,0.2482181340456009,0.0896873474121093,0.0789252817630767,0.2482181340456009,0.2123295664787292
thumbs_down,0.0,0.0,0.0,0.0451306402683258,0.131838321685791,-0.0136147569864988,0.1068156361579895,0.2468054890632629,-0.0259644631296396,0.1327945590019226,0.3298380374908447,-0.0404636077582836,0.1353302896022796,0.4009789824485779,-0.0467529743909835,0.2351712882518768,0.1472012996673584,-0.0066107371821999,0.2234809696674347,0.2231730818748474,-0.0396267659962177,0.1567895114421844,0.1924408674240112,-0.0547550395131111,0.1656498610973358,0.155305802822113,-0.0670677721500396,0.2479670345783233,0.0686212182044982,-0.019626710563898,0.2247330546379089,0.1509866118431091,-0.0553963258862495,0.1470822989940643,0.1327416896820068,-0.0635339170694351,0.1659106314182281,0.1019777059555053,-0.0674918815493583,0.2335288822650909,-0.0034000873565673,-0.0361785814166069,0.2164596319198608,0.0694150328636169,-0.0688837394118309,0.1432292759418487,0.0710175633430481,-0.0536090470850467,0.155713140964508,0.0399011969566345,-0.0418703481554985,0.2095303833484649,-0.0651049017906189,-0.0550102777779102,0.1833076179027557,-0.0121275782585144,-0.0751307308673858,0.1355962455272674,0.0059189796447753,-0.0635254234075546,0.1449099481105804,-0.0163358449935913,-0.052827350795269,0.2775201797485351,0.258034348487854,0.2363391369581222,0.2262029200792312,0.0924876555800437,0.1006825864315033,0.0892338901758194,0.0809875726699829,0.0533304214477539,0.0679260268807411,0.0583041161298751,0.2483692318201065,0.0924876555800437,0.0806720256805419,0.2483692318201065,0.2192575931549072
thumbs_down,0.0,0.0,0.0,0.0506385564804077,0.1253150105476379,-0.0200299881398677,0.1154372990131378,0.2477608323097229,-0.0345155820250511,0.1382921636104583,0.3340657949447632,-0.0492527782917022,0.1393203437328338,0.4043330550193786,-0.0539997592568397,0.2340389490127563,0.1522369980812072,-0.0069647599011659,0.2308993339538574,0.2240141630172729,-0.0449914634227752,0.1601912081241607,0.1839932799339294,-0.0620288476347923,0.1746692061424255,0.1484274268150329,-0.0753132998943328,0.2431839108467102,0.0741065144538879,-0.0178810022771358,0.2410722374916076,0.1506217122077942,-0.0573393516242504,0.1574997007846832,0.1265029907226562,-0.0625977739691734,0.1784543097019195,0.1018850803375244,-0.0630741566419601,0.2301205992698669,-0.0015339255332946,-0.0347294211387634,0.2316030263900756,0.0613290071487426,-0.0706082433462143,0.1542835831642151,0.0608276724815368,-0.0511585921049118,0.1689881086349487,0.0382264256477355,-0.0356592610478401,0.2091774046421051,-0.0704427361488342,-0.0542965792119503,0.2017430067062378,-0.0329585671424865,-0.0752338394522667,0.1524554193019867,-0.0169200301170349,-0.0611339248716831,0.1610296964645385,-0.0290687084197998,-0.0485912263393402,0.2792827188968658,0.2548527419567108,0.2327315509319305,0.2273004204034805,0.0906134769320488,0.0836898535490036,0.0729310065507888,0.0637382417917251,0.0482733212411403,0.0699543431401252,0.0689870119094848,0.259213238954544,0.0906134769320488,0.0794176757335662,0.259213238954544,0.2290079891681671
thumbs_down,0.0,0.0,0.0,0.0396622419357299,0.1285398602485656,-0.0344116315245628,0.1137182116508483,0.2586725950241089,-0.0511547364294528,0.1438222527503967,0.3536398410797119,-0.0652527809143066,0.1503556668758392,0.4233852624893188,-0.0697518065571785,0.2593792378902435,0.1596546173095703,-0.0194543879479169,0.2473465800285339,0.2281476259231567,-0.0545141957700252,0.1751871705055236,0.1961317062377929,-0.0691923946142196,0.1795749366283416,0.1589460372924804,-0.0799049511551857,0.2792827486991882,0.0718570351600647,-0.0216167699545621,0.2444388270378112,0.1366717219352722,-0.0591588467359542,0.1588868200778961,0.1229830980300903,-0.0668649151921272,0.1768888235092163,0.0973486900329589,-0.0684960260987281,0.2683234810829162,-0.0139453411102294,-0.0297173112630844,0.2275810837745666,0.0406851172447204,-0.0650314539670944,0.1492677330970764,0.0462666153907775,-0.0531637743115425,0.1616106927394867,0.0231803655624389,-0.0418774895370006,0.2444775998592376,-0.0886410474777221,-0.041848175227642,0.2008503079414367,-0.0476598739624023,-0.0627903416752815,0.147245705127716,-0.0273482799530029,-0.054271962493658,0.1542143523693084,-0.044346809387207,-0.0444851964712142,0.3051977455615997,0.2891877889633178,0.2703240513801574,0.2633966505527496,0.1001174226403236,0.115464299917221,0.1136389374732971,0.1005802527070045,0.0627025663852691,0.0802677273750305,0.0679810643196106,0.2662422955036163,0.1001174226403236,0.0900513231754303,0.2662422955036163,0.2497484385967254
thumbs_down,0.0,0.0,0.0,0.0492478162050247,0.1366691589355468,-0.0312904082238674,0.1242863088846206,0.2682416439056396,-0.0511990077793598,0.1596090048551559,0.3611905574798584,-0.0698417574167251,0.1720575839281082,0.4365205764770508,-0.0780712589621543,0.2732441425323486,0.1578742265701294,-0.0227056089788675,0.2584810853004455,0.224325954914093,-0.0609546527266502,0.1852994114160537,0.197045624256134,-0.0751380622386932,0.1935722380876541,0.1631999611854553,-0.0852915123105049,0.2925487756729126,0.0670927762985229,-0.0285238455981016,0.2533007264137268,0.1376928687095642,-0.068905733525753,0.1661364287137985,0.124195396900177,-0.0754770264029502,0.1890309900045395,0.0973338484764099,-0.0762230604887008,0.2801820039749145,-0.0179078578948974,-0.0396848507225513,0.239935353398323,0.0373409390449523,-0.0763871222734451,0.1596113592386245,0.0458390712738037,-0.0616135597229003,0.1760729700326919,0.0236565470695495,-0.0490113347768783,0.2567066550254822,-0.0893552899360656,-0.0548498407006263,0.2044473737478256,-0.050479769706726,-0.0747241154313087,0.1506164819002151,-0.0280500650405883,-0.0639916062355041,0.1618546694517135,-0.0425277352333068,-0.0532289892435073,0.3163892924785614,0.3014959990978241,0.2835445702075958,0.2772925794124603,0.1014542952179908,0.1179223135113716,0.1124867871403694,0.1057939007878303,0.0666423663496971,0.0796035975217819,0.0678255707025528,0.2742611467838287,0.1014542952179908,0.0929935052990913,0.2742611467838287,0.2498583048582077
thumbs_down,0.0,0.0,0.0,0.0472648590803146,0.143786072731018,-0.0262931995093822,0.1187247484922409,0.2783865928649902,-0.043135467916727,0.1502204090356826,0.3740144968032837,-0.0602400265634059,0.1599872857332229,0.4555063247680664,-0.0671632662415504,0.2753763794898987,0.163623571395874,-0.0127209536731243,0.2477509826421737,0.2393321394920349,-0.0523299276828765,0.1740786880254745,0.2033925056457519,-0.0696819871664047,0.1886879950761795,0.1663440465927124,-0.0827850699424743,0.2930040955543518,0.0745420455932617,-0.0224355738610029,0.2449748069047927,0.1515741348266601,-0.0655528753995895,0.1584882587194442,0.1310434341430664,-0.0750277563929557,0.1825947612524032,0.1017940044403076,-0.0775223299860954,0.2781023383140564,-0.0091648697853088,-0.0377753153443336,0.2359028607606887,0.0473247766494751,-0.0773216411471366,0.1533331125974655,0.052879512310028,-0.0638033226132392,0.1712017506361007,0.030024766921997,-0.0514250919222831,0.2515727281570434,-0.0785572528839111,-0.056783739477396,0.2010425776243209,-0.0415048003196716,-0.0782470256090164,0.145803764462471,-0.0207751989364624,-0.0680032074451446,0.1580899208784103,-0.0338054895401001,-0.0574282966554164,0.3205723762512207,0.3031687140464782,0.280805766582489,0.2696005702018738,0.111495554447174,0.1263623535633087,0.1146729364991188,0.103644460439682,0.065050221979618,0.0772119835019111,0.0654389783740043,0.2910027503967285,0.111495554447174,0.0913270413875579,0.2910027503967285,0.2473048567771911
thumbs_down,0.0,0.0,0.0,0.0909403562545776,0.1436051130294799,0.0085892332717776,0.178141564130783,0.2570379376411438,7.243467280204641e-06,0.2552565336227417,0.3135496973991394,-0.0165358316153287,0.3030393719673157,0.3299503922462463,-0.0347155667841434,0.2251318097114563,0.1623618006706237,-0.0036808035802096,0.3185688257217407,0.2005667686462402,-0.0347634255886077,0.3060339689254761,0.2120524048805236,-0.0583295077085495,0.2853438854217529,0.2111607193946838,-0.0697436481714248,0.2250548005104065,0.0700312256813049,-0.0224757213145494,0.326387882232666,0.1186368465423584,-0.0484774336218833,0.3063772320747375,0.132468581199646,-0.0640434697270393,0.2752318978309631,0.1228063702583313,-0.0718673691153526,0.2223486900329589,-0.0172221064567565,-0.0417460277676582,0.3247510194778442,0.0282860398292541,-0.06018752977252,0.3004741668701172,0.0438040494918823,-0.04964105412364,0.2690993547439575,0.0345523953437805,-0.039858054369688,0.2153724730014801,-0.1016637086868286,-0.0605772510170936,0.3063565492630005,-0.068861186504364,-0.0685388892889022,0.2877346277236938,-0.0431486964225769,-0.0500549674034118,0.2594826221466064,-0.0411486029624938,-0.0334718637168407,0.2775954604148865,0.2367682307958603,0.2268882393836975,0.2457446157932281,0.1018387377262115,0.0879914313554763,0.069783866405487,0.0796397179365158,0.0889564678072929,0.0940795913338661,0.076576143503189,0.1251042932271957,0.1018387377262115,0.0942241474986076,0.1251042932271957,0.2702626883983612
thumbs_down,0.0,0.0,0.0,0.0895164012908935,0.1478974819183349,-0.014921954832971,0.1830576956272125,0.2658149003982544,-0.0102783441543579,0.2656671702861786,0.2797049880027771,-0.0085899727419018,0.3229649364948272,0.2476813197135925,0.0018289980944246,0.2671696245670318,0.1797183156013488,0.0474249832332134,0.3195473253726959,0.2399927377700805,0.0259907376021146,0.2534758150577545,0.2181505560874939,0.0100563755258917,0.2558561861515045,0.1773386597633361,0.0019043209031224,0.2783738672733307,0.0950875282287597,0.0465653426945209,0.3283272683620453,0.1551729440689087,0.0253587495535612,0.2469241917133331,0.1449565887451172,0.0125265158712863,0.2571886479854584,0.1078943014144897,0.0114377299323678,0.2787732779979706,0.020084798336029,0.038699485361576,0.3263349235057831,0.0693882703781127,0.0151385953649878,0.2481515109539032,0.0690091848373413,0.0307747405022382,0.2497240602970123,0.030583381652832,0.0486865118145942,0.2733460962772369,-0.0649101138114929,0.0290279369801282,0.3118524849414825,-0.0102145671844482,0.0206698607653379,0.2570696771144867,0.0009978413581848,0.0441793799400329,0.246243804693222,-0.0229061245918273,0.068292036652565,0.3254649043083191,0.2978287935256958,0.2821623384952545,0.282442957162857,0.0469658076763153,0.0429741293191909,0.0324625633656978,0.0635652318596839,0.0701083466410636,0.0861404091119766,0.0570755302906036,0.0972197502851486,0.0469658076763153,0.0853735581040382,0.0972197502851486,0.2453969568014145
v_sign,0.0,0.0,0.0,-0.0459380149841308,-0.0016616582870483,-0.0410647317767143,-0.0886489450931549,-0.0297369360923767,-0.0729005113244056,-0.0973133742809295,-0.0422211289405822,-0.1038341596722602,-0.0806139111518859,-0.0521471500396728,-0.1347805112600326,-0.0820413529872894,-0.1820434331893921,-0.0684816390275955,-0.1216997504234314,-0.2978489398956299,-0.1053895130753517,-0.1390926241874694,-0.3695084452629089,-0.1240992471575737,-0.1514184474945068,-0.431247353553772,-0.1332642138004303,-0.0258942246437072,-0.1961234211921692,-0.0715375021100044,-0.0277292728424072,-0.3264263868331909,-0.1064351946115493,-0.0305555462837219,-0.4065054059028625,-0.1222041696310043,-0.0344005823135376,-0.4763051271438598,-0.1281551718711853,0.0226679742336273,-0.1748042106628418,-0.077298603951931,0.0271802544593811,-0.2060787081718444,-0.1237705051898956,0.0097368359565734,-0.1344624161720276,-0.1279996037483215,-0.0053666830062866,-0.0818408727645874,-0.1161995232105255,0.061809241771698,-0.1351556777954101,-0.0848230496048927,0.0675855278968811,-0.1634362936019897,-0.1137628033757209,0.0507769286632537,-0.1234998703002929,-0.1062446162104606,0.0343083143234252,-0.0890184640884399,-0.0924281105399131,0.2110931724309921,0.2103628367185592,0.1924718767404556,0.1711209714412689,0.2666693925857544,0.2859715223312378,0.1046011671423912,0.0542474016547203,0.1254969537258148,0.3957119584083557,0.0468049496412277,0.3856585919857025,0.2666693925857544,0.0579662322998046,0.3856585919857025,0.1521791517734527
v_sign,0.0,0.0,0.0,-0.0603446364402771,-0.0135306119918823,-0.0451392903923988,-0.1034282445907592,-0.0810789465904235,-0.0757568702101707,-0.1018364429473877,-0.1486244797706604,-0.1054309830069542,-0.0712147653102874,-0.2042569518089294,-0.1331487745046615,-0.069471389055252,-0.235300064086914,-0.0487272441387176,-0.1019139289855957,-0.3402792811393738,-0.0867152884602546,-0.1222418248653411,-0.4107106328010559,-0.1125493198633194,-0.134953886270523,-0.4748886823654175,-0.1295168101787567,-0.0115079581737518,-0.2508144974708557,-0.053166888654232,-0.010872334241867,-0.3741816282272339,-0.0920087173581123,-0.0215499103069305,-0.4526261687278747,-0.1165471896529197,-0.0267530381679534,-0.5221288800239563,-0.128222107887268,0.0428441166877746,-0.2353620529174804,-0.0614950768649578,0.0271182358264923,-0.3160439729690552,-0.1120821759104728,-0.0020999014377593,-0.2381843328475952,-0.1116586178541183,-0.015527606010437,-0.1810370087623596,-0.0971819534897804,0.091690570116043,-0.1976143717765808,-0.0731385871767997,0.0708659589290618,-0.2484983801841735,-0.1122162416577339,0.0414314866065979,-0.1943086385726928,-0.1035001128911972,0.0283138453960418,-0.1471264958381652,-0.0865311250090599,0.2501334547996521,0.2566457986831665,0.247007206082344,0.229799598455429,0.2611850202083587,0.281917005777359,0.0873614400625228,0.082127921283245,0.1180708929896354,0.3426852226257324,0.0564396642148494,0.2780600786209106,0.2611850202083587,0.0601678267121315,0.2780600786209106,0.1673000305891037
v_sign,0.0,0.0,0.0,-0.0583322942256927,-0.0216747522354125,-0.039966132491827,-0.1035314202308654,-0.1056474447250366,-0.0672428011894226,-0.0956412553787231,-0.1816179156303405,-0.0956507921218872,-0.0560576021671295,-0.2346528172492981,-0.1219832003116607,-0.0659884214401245,-0.2959160804748535,-0.035019963979721,-0.0913479030132293,-0.4144539833068847,-0.071551077067852,-0.1047902107238769,-0.4956845641136169,-0.0963029563426971,-0.1122565269470214,-0.5643616318702698,-0.1121228486299514,-0.00320965051651,-0.2996765971183777,-0.0437665209174156,-0.0015866458415985,-0.4359967112541199,-0.0832578614354133,-0.0104676187038421,-0.5283413529396057,-0.1093846336007118,-0.0155291557312011,-0.6034048795700073,-0.1207242310047149,0.0541375875473022,-0.2678512930870056,-0.0571593753993511,0.0393208563327789,-0.336124837398529,-0.1127638071775436,0.0048336386680603,-0.2517949938774109,-0.1175592914223671,-0.0121673941612243,-0.1880918741226196,-0.1035785675048828,0.1046529412269592,-0.2126716375350952,-0.0731850117444992,0.0789405107498169,-0.2584741115570068,-0.115568108856678,0.0452721416950225,-0.2016980648040771,-0.1102403029799461,0.0284269452095031,-0.1536210179328918,-0.0943422242999076,0.3052002489566803,0.3028727173805237,0.2791816294193268,0.248067557811737,0.2831052839756012,0.3135683536529541,0.1136338710784912,0.0987167954444885,0.1046639382839202,0.4156803488731384,0.0540504418313503,0.3346093893051147,0.2831052839756012,0.0634965971112251,0.3346093893051147,0.1936612576246261
v_sign,0.0,0.0,0.0,-0.0624186396598815,-0.0411118268966674,-0.0402645878493785,-0.1012859642505645,-0.1288762092590332,-0.0698638707399368,-0.0861980319023132,-0.2030096650123596,-0.1013904437422752,-0.0467785596847534,-0.2608000040054321,-0.1296519190073013,-0.0618223249912261,-0.3299165964126587,-0.0364351235330104,-0.0848149061203002,-0.4575527310371399,-0.0732982829213142,-0.0965485572814941,-0.5407451391220093,-0.0965696722269058,-0.1030662655830383,-0.611672043800354,-0.1117838993668556,0.001253068447113,-0.332257330417633,-0.0466781966388225,0.006315529346466,-0.4816476106643677,-0.0878660157322883,0.0035263299942016,-0.5764191150665283,-0.1129786819219589,0.0054466426372528,-0.6531089544296265,-0.1246413812041282,0.0574122965335845,-0.2957023382186889,-0.0620733238756656,0.044634997844696,-0.3653997182846069,-0.1164949685335159,0.0055106580257415,-0.2784245014190674,-0.1188017651438713,-0.014691025018692,-0.2097499370574951,-0.1040798798203468,0.105038434267044,-0.23599374294281,-0.0809336900711059,0.0794945657253265,-0.2804591059684753,-0.1185946837067604,0.0443076193332672,-0.2298089265823364,-0.1127471476793289,0.0258145034313201,-0.185788869857788,-0.0983240753412246,0.3376306891441345,0.3355225026607513,0.3075534701347351,0.2706961035728454,0.2945584058761596,0.3302145004272461,0.1197967231273651,0.0953906998038292,0.116864800453186,0.4442921578884125,0.0474126562476158,0.355807214975357,0.2945584058761596,0.0639445409178733,0.355807214975357,0.1965811252593994
v_sign,0.0,0.0,0.0,-0.0612412989139556,-0.0525134801864624,-0.0337636768817901,-0.1001995205879211,-0.151569664478302,-0.0579007193446159,-0.0876467823982238,-0.2286198139190673,-0.0862622708082199,-0.0446028709411621,-0.2801242470741272,-0.1114921793341636,-0.0577864944934845,-0.3490496277809143,-0.0218772199004888,-0.0794247686862945,-0.4787757992744446,-0.0528165809810161,-0.0927500128746032,-0.5596428513526917,-0.0718977302312851,-0.1018415689468383,-0.6276624202728271,-0.0842717885971069,0.0049167573451995,-0.3458341360092163,-0.0350806936621665,0.01204314827919,-0.497141569852829,-0.0722584426403045,0.0081039369106292,-0.5930423736572266,-0.0962146893143653,0.0082919895648956,-0.6683825254440308,-0.1071916669607162,0.0604532659053802,-0.3059495687484741,-0.0536561757326126,0.0452791452407836,-0.3748306035995483,-0.1067795306444168,0.0057244896888732,-0.2861478328704834,-0.110879011452198,-0.0146744847297668,-0.2166792154312133,-0.0970133394002914,0.1066501438617706,-0.2467678189277649,-0.0751362591981887,0.0798287093639373,-0.2986629009246826,-0.1103219389915466,0.0458104908466339,-0.2502480149269104,-0.1043115705251693,0.0296982526779174,-0.207475483417511,-0.0903977453708648,0.3544764220714569,0.3476436138153076,0.3164470195770263,0.2791309058666229,0.2888927757740021,0.3305281400680542,0.1244717612862587,0.0877404883503913,0.1196363121271133,0.4524013102054596,0.0457975380122661,0.3532704710960388,0.2888927757740021,0.0641589313745498,0.3532704710960388,0.2008419781923294
v_sign,0.0,0.0,0.0,-0.0590095520019531,-0.0544883608818054,-0.0341228283941745,-0.1015936434268951,-0.1559301614761352,-0.0570958852767944,-0.0854861140251159,-0.226986825466156,-0.083768829703331,-0.0401593148708343,-0.268363356590271,-0.1080528795719146,-0.0492683053016662,-0.3512933254241943,-0.0283757634460926,-0.0652219951152801,-0.4823476672172546,-0.0609199404716491,-0.0742847323417663,-0.563409686088562,-0.0797455236315727,-0.0806657373905181,-0.6347149014472961,-0.0916998237371444,0.0148663520812988,-0.347001850605011,-0.0402643419802188,0.0272458493709564,-0.4987843036651611,-0.078700840473175,0.0279856920242309,-0.5928201079368591,-0.1010885760188102,0.0297342240810394,-0.6712243556976318,-0.1103081479668617,0.0709032118320465,-0.3061867952346802,-0.0570814982056617,0.051767349243164,-0.3641127347946167,-0.1132974252104759,0.0110086202621459,-0.2702206969261169,-0.1186166927218437,-0.0121521949768066,-0.1993662714958191,-0.1044909432530403,0.1166390478610992,-0.2452918291091919,-0.0765280649065971,0.0886111557483673,-0.2823083996772766,-0.114950343966484,0.0506427586078643,-0.224725067615509,-0.1101977750658989,0.0295625329017639,-0.1782629489898681,-0.0964735224843025,0.3558644950389862,0.3496462702751159,0.3194305896759033,0.2821866273880005,0.2921018898487091,0.3320352435111999,0.1433753073215484,0.1116826385259628,0.1177597567439079,0.4737492501735687,0.047431506216526,0.3689466714859009,0.2921018898487091,0.0653682574629783,0.3689466714859009,0.202682539820671
v_sign,0.0,0.0,0.0,-0.0620319545269012,-0.059199571609497,-0.0327875316143035,-0.1023222804069519,-0.1651079058647155,-0.0542467795312404,-0.0752745270729065,-0.2409613132476806,-0.0797885358333587,-0.0322490930557251,-0.2980076670646667,-0.1019019782543182,-0.050584465265274,-0.3549419641494751,-0.0206964071840047,-0.0664969086647033,-0.4868976771831512,-0.0503756888210773,-0.0747033357620239,-0.5665875673294067,-0.067636638879776,-0.0796796083450317,-0.6360461711883545,-0.0782941058278083,0.013555109500885,-0.34671550989151,-0.0326175764203071,0.0256713032722473,-0.4970349073410034,-0.0691699460148811,0.0289866924285888,-0.5942553281784058,-0.0920112878084182,0.0330196321010589,-0.6746716499328613,-0.1014334484934806,0.0688702464103698,-0.3023310899734497,-0.049892883747816,0.0484391748905181,-0.3554237484931946,-0.1061195135116577,0.0055855214595794,-0.2603718638420105,-0.112020194530487,-0.0206962823867797,-0.1903398036956787,-0.0974230393767356,0.1150605082511901,-0.2390581965446472,-0.069608524441719,0.0899097919464111,-0.2793059945106506,-0.1080598756670951,0.0515718758106231,-0.2243951559066772,-0.103142462670803,0.0273365974426269,-0.1794387102127075,-0.088728591799736,0.3591252267360687,0.3485100865364074,0.314064472913742,0.2742865085601806,0.2884157001972198,0.3356631398200989,0.1510739028453827,0.1077754348516464,0.1213609278202056,0.4873180091381073,0.0500158444046974,0.3421652317047119,0.2884157001972198,0.0657546520233154,0.3421652317047119,0.2079896628856659
v_sign,0.0,0.0,0.0,-0.0567413866519928,-0.0699334144592285,-0.02803460881114,-0.080585777759552,-0.1905766725540161,-0.0405939742922782,-0.0216796398162841,-0.266336977481842,-0.0564105510711669,0.0371440351009368,-0.3188193440437317,-0.0707158297300338,-0.0456375777721405,-0.3514978885650635,-0.0133139183744788,-0.0643666386604309,-0.4861753582954407,-0.0399343892931938,-0.0733279883861541,-0.5676072835922241,-0.0537811890244483,-0.0806954205036163,-0.6377052068710327,-0.0616189427673816,0.0182356834411621,-0.3516181111335754,-0.023926330730319,0.0256614685058593,-0.5079950094223022,-0.0551901832222938,0.0224289894104003,-0.6020148992538452,-0.0747607052326202,0.0191056728363037,-0.6758260726928711,-0.0813986808061599,0.0730111896991729,-0.3132701516151428,-0.039593681693077,0.0531426966190338,-0.3534656167030334,-0.091510534286499,0.018865019083023,-0.2689070701599121,-0.104475624859333,0.0001495778560638,-0.2084327936172485,-0.0961175933480262,0.1175420582294464,-0.2565276026725769,-0.0569675974547863,0.0866177380084991,-0.2720242142677307,-0.0959441140294075,0.0418375134468078,-0.2079601287841797,-0.0973684564232826,0.0134297907352447,-0.1594507098197937,-0.0882490277290344,0.3546982109546661,0.3529026806354522,0.3240933120250702,0.287867784500122,0.292364627122879,0.3292637765407562,0.1396231949329376,0.1457457095384597,0.1086494103074073,0.4680090248584747,0.0513568185269832,0.3400839567184448,0.292364627122879,0.0647489875555038,0.3400839567184448,0.1937849074602127
v_sign,0.0,0.0,0.0,-0.0546490550041198,-0.0742294192314148,-0.0276947803795337,-0.0755249559879303,-0.1946026682853698,-0.0364148467779159,-0.0141765773296356,-0.2680896520614624,-0.0483331345021724,0.0469599068164825,-0.3132926225662231,-0.0583830624818801,-0.0500578880310058,-0.3468663692474365,-0.0024314457550644,-0.069974660873413,-0.4813933968544006,-0.0246911775320768,-0.0806542634963989,-0.5620265603065491,-0.0367235317826271,-0.0886357724666595,-0.6303767561912537,-0.0436479151248931,0.0106680989265441,-0.3484299778938293,-0.0112467939034104,0.0122564733028411,-0.5048472881317139,-0.0367963127791881,0.0083373188972473,-0.5981320142745972,-0.0541266314685344,0.0077324211597442,-0.670328676700592,-0.0602151378989219,0.0637995302677154,-0.3125941157341003,-0.0260035302489995,0.051136165857315,-0.3575572371482849,-0.0720451027154922,0.0219237208366394,-0.2799166440963745,-0.0852772146463394,0.0074728429317474,-0.2251609563827514,-0.0786502137780189,0.1074803173542022,-0.2589580416679382,-0.0429224781692028,0.080176442861557,-0.2773535251617431,-0.0772281736135482,0.0427961945533752,-0.2156049013137817,-0.0788973569869995,0.0234623551368713,-0.1700278520584106,-0.0712143555283546,0.3504682183265686,0.348774641752243,0.3200963139533996,0.2836434841156006,0.2890764474868774,0.325615257024765,0.1165715456008911,0.1255708038806915,0.1056288629770279,0.445549339056015,0.0578845031559467,0.3451748192310333,0.2890764474868774,0.0613824129104614,0.3451748192310333,0.18489371240139
v_sign,0.0,0.0,0.0,-0.0550749003887176,-0.0732614994049072,-0.028295062482357,-0.0761918723583221,-0.1940100193023681,-0.0381320603191852,-0.0131753087043762,-0.2697123885154724,-0.050966739654541,0.0487096607685089,-0.3136444687843323,-0.0623532347381114,-0.0520491302013397,-0.3460586667060852,-0.0070649157278239,-0.0722599923610687,-0.4821266233921051,-0.0301218554377555,-0.0836185216903686,-0.5629540681838989,-0.042952112853527,-0.0917088687419891,-0.6315149068832397,-0.0505619794130325,0.0089956223964691,-0.3470167517662048,-0.0156883932650089,0.0095601677894592,-0.5023009181022644,-0.0411940068006515,0.0058452486991882,-0.5940009355545044,-0.058649580925703,0.0067178905010223,-0.66478431224823,-0.065259464085102,0.0625392794609069,-0.3106336593627929,-0.0298587493598461,0.0489551424980163,-0.3604066371917724,-0.0745400488376617,0.0203312933444976,-0.2818751931190491,-0.0861110538244247,0.0078364610671997,-0.2263185381889343,-0.0790604948997497,0.1067012846469879,-0.2562642097473144,-0.0462678261101245,0.0783587992191314,-0.281851589679718,-0.0793777406215667,0.042141318321228,-0.2220113277435302,-0.0794345587491989,0.0253717303276062,-0.1768944859504699,-0.0709205567836761,0.3500223159790039,0.3474876582622528,0.3182702958583832,0.2814199924468994,0.29146209359169,0.321618914604187,0.1119028627872467,0.1162833049893379,0.1049318760633468,0.4386843740940094,0.053070530295372,0.3477039337158203,0.29146209359169,0.0616582855582237,0.3477039337158203,0.186551883816719
v_sign,0.0,0.0,0.0,-0.0589956939220428,-0.0743160247802734,-0.0270472075790166,-0.0804772675037384,-0.1974209547042846,-0.0349189974367618,-0.0164993107318878,-0.2708086967468261,-0.0461677946150302,0.045778602361679,-0.3111686110496521,-0.0562372393906116,-0.0546022951602935,-0.3477980494499206,-0.003115618834272,-0.0754689574241638,-0.4826107919216156,-0.0247083604335784,-0.087046593427658,-0.5636615753173828,-0.0373726710677146,-0.0955060720443725,-0.6321417093276978,-0.0452650673687458,0.0070523619651794,-0.3501590490341186,-0.0123346205800771,0.006699115037918,-0.5053551197052002,-0.0362750701606273,0.0026273429393768,-0.5979137420654297,-0.0537998750805854,0.0028472542762756,-0.6692695617675781,-0.0608615837991237,0.0607340037822723,-0.3140218257904053,-0.0272857137024402,0.0467816293239593,-0.3651564121246338,-0.0709865763783454,0.0198788046836853,-0.2889274954795837,-0.083907626569271,0.0078341662883758,-0.2337796092033386,-0.0781444162130355,0.1047749519348144,-0.2588380575180053,-0.0444365255534648,0.0768686532974243,-0.2860682606697082,-0.0770430266857147,0.0409783422946929,-0.2273566722869873,-0.0779975280165672,0.0233562588691711,-0.1821779608726501,-0.0704716145992279,0.3520718812942505,0.3504472076892853,0.3210028707981109,0.2827534973621368,0.2903463244438171,0.3228065371513366,0.108737364411354,0.1148198544979095,0.1062784418463707,0.4358612895011902,0.0544291958212852,0.3508638739585876,0.2903463244438171,0.0623847804963588,0.3508638739585876,0.1871427297592163
v_sign,0.0,0.0,0.0,-0.0573622584342956,-0.0767384767532348,-0.0289953742176294,-0.0754406452178955,-0.19851815700531,-0.0399395823478698,-0.0104509592056274,-0.2721132636070251,-0.0542315244674682,0.0506280064582824,-0.3155633211135864,-0.0670419707894325,-0.0519675910472869,-0.3517359495162964,-0.0075512286275625,-0.0737043917179107,-0.488565981388092,-0.0306425299495458,-0.0853506326675415,-0.5714001655578613,-0.0438326336443424,-0.092666208744049,-0.641403317451477,-0.0518505126237869,0.0110444724559783,-0.3521711826324463,-0.0168907325714826,0.0133499503135681,-0.5078766942024231,-0.0429618172347545,0.01221165060997,-0.6032041311264038,-0.061707217246294,0.0160106718540191,-0.6755777597427368,-0.0693320482969284,0.0658887028694152,-0.3141423463821411,-0.0318257138133049,0.0521309673786163,-0.3647200465202331,-0.0766550526022911,0.0222890377044677,-0.2858484387397766,-0.0880404412746429,0.0081863105297088,-0.2301243543624878,-0.0808172225952148,0.1107468008995056,-0.2578305602073669,-0.0490864105522632,0.0840184092521667,-0.2916815876960754,-0.0809240937232971,0.0466645658016204,-0.2329551577568054,-0.0793631002306938,0.0271661579608917,-0.1881263256072998,-0.0699397847056388,0.3556343913078308,0.3527489602565765,0.3225517272949219,0.2848700284957886,0.2958478927612304,0.3276683688163757,0.113087385892868,0.1108118593692779,0.115256942808628,0.4456701278686523,0.0473538562655448,0.3562803566455841,0.2958478927612304,0.0637019276618957,0.3562803566455841,0.1924041807651519
v_sign,0.0,0.0,0.0,-0.0565274655818939,-0.0765836834907531,-0.0308547597378492,-0.0723578631877899,-0.1935436129570007,-0.044189915060997,-0.0088938772678375,-0.2626720666885376,-0.0606737546622753,0.0500082075595855,-0.3074471354484558,-0.075181633234024,-0.0490176975727081,-0.3519922494888305,-0.0109715163707733,-0.0722699463367462,-0.4871945977210998,-0.034678891301155,-0.0839977860450744,-0.5685464143753052,-0.0476507656276226,-0.0914747416973114,-0.6379114389419556,-0.0555058009922504,0.0147910416126251,-0.3512295484542846,-0.0199929997324943,0.0267045497894287,-0.5050105452537537,-0.0473378747701644,0.0313281118869781,-0.5993767976760864,-0.0662396401166915,0.0387950241565704,-0.6698861718177795,-0.073642797768116,0.0676092803478241,-0.3108935952186584,-0.0346807539463043,0.0544365942478179,-0.3579515218734741,-0.0797330886125564,0.0240784287452697,-0.2794632911682129,-0.0902525335550308,0.0101349651813507,-0.2262543439865112,-0.0822889953851699,0.1098078191280365,-0.2524793148040771,-0.0518694706261158,0.0858632624149322,-0.2868528366088867,-0.0830099955201149,0.0498948395252227,-0.2279735803604126,-0.0802939981222152,0.0315852463245391,-0.1839501857757568,-0.0699353069067001,0.3555582165718078,0.3521089255809784,0.3200446665287018,0.280167818069458,0.2924648523330688,0.3240316808223724,0.1128434464335441,0.1055527701973915,0.1353571116924286,0.4446406960487366,0.0490139760076999,0.3600156009197235,0.2924648523330688,0.0644478425383567,0.3600156009197235,0.1918358951807022
v_sign,0.0,0.0,0.0,-0.0543607771396636,-0.0753789544105529,-0.0304551403969526,-0.0685131847858429,-0.1903392672538757,-0.0426460094749927,-0.0058090388774871,-0.2615270614624023,-0.0581360310316085,0.0535008609294891,-0.3059777021408081,-0.0714753270149231,-0.0482560098171234,-0.3497827053070068,-0.0089125223457813,-0.0718117356300354,-0.4866876602172851,-0.0313253961503505,-0.0841137766838073,-0.5685993432998657,-0.0432701371610164,-0.0925848186016082,-0.6378354430198669,-0.0503056980669498,0.0160425007343292,-0.3493966460227966,-0.0175293255597352,0.031241089105606,-0.5030069351196289,-0.0435111820697784,0.0392107665538787,-0.5965889692306519,-0.0615089684724807,0.0490505397319793,-0.6648980379104614,-0.0681647956371307,0.0689696371555328,-0.3082041144371032,-0.0317426845431327,0.0580745339393615,-0.3543519973754883,-0.0758176520466804,0.0298551023006439,-0.2735210061073303,-0.0854024067521095,0.0178543925285339,-0.2183524370193481,-0.0767094567418098,0.1116386651992797,-0.2492600083351135,-0.0485009290277957,0.0902135372161865,-0.2793800234794616,-0.0796127840876579,0.0541462302207946,-0.2201218605041504,-0.0767996981739997,0.0362224876880645,-0.1758989691734314,-0.066106341779232,0.3532081842422485,0.3502037525177002,0.3174180090427398,0.2773915529251098,0.2943685054779053,0.321239173412323,0.1127302199602127,0.106674239039421,0.1452993601560592,0.4477155208587646,0.0474563986063003,0.3632062077522278,0.2943685054779053,0.0648744702339172,0.3632062077522278,0.1929724365472793
v_sign,0.0,0.0,0.0,-0.0554906129837036,-0.0726392865180969,-0.0325099118053913,-0.0719383358955383,-0.18539559841156,-0.0470549315214157,-0.0102225244045257,-0.258536696434021,-0.0644753947854042,0.0487838387489318,-0.3074804544448852,-0.0795123279094696,-0.052647054195404,-0.3492610454559326,-0.0137870442122221,-0.0742686688899993,-0.4872990250587463,-0.0373675562441349,-0.0862875282764434,-0.5699344873428345,-0.0498049333691597,-0.0940796434879303,-0.6408175230026245,-0.0575126819312572,0.0127600133419036,-0.3499404788017273,-0.022125331684947,0.029556006193161,-0.5024903416633606,-0.0497319512069225,0.0394704639911651,-0.5959230661392212,-0.0681300088763237,0.0509562790393829,-0.6644754409790039,-0.0752582922577858,0.0662167966365814,-0.3093259930610657,-0.0359738543629646,0.0564869940280914,-0.3565127849578857,-0.0811329334974289,0.0271094143390655,-0.2733019590377807,-0.0895901322364807,0.0137232542037963,-0.2164963483810424,-0.0803643837571144,0.1093445122241973,-0.2501971125602722,-0.0525451600551605,0.0875657498836517,-0.2807608246803283,-0.0850048959255218,0.0508960783481597,-0.2213172912597656,-0.082229197025299,0.0319944322109222,-0.1770473718643188,-0.0715178474783897,0.3534756898880005,0.3508713245391845,0.3183729648590088,0.278057187795639,0.2977142035961151,0.3212698101997375,0.1155137866735458,0.1081382557749748,0.1480203419923782,0.4495526850223541,0.0443657375872135,0.3633284270763397,0.2977142035961151,0.0659399181604385,0.3633284270763397,0.1937966048717498
v_sign,0.0,0.0,0.0,-0.0579774975776672,-0.0708149671554565,-0.0316043756902217,-0.0766822695732116,-0.1855071187019348,-0.0455092415213584,-0.0144027173519134,-0.2582575678825378,-0.0623424276709556,0.0446939468383789,-0.3079802989959717,-0.0768315643072128,-0.0562028884887695,-0.3511254787445068,-0.0131893008947372,-0.0789321362972259,-0.4888251423835754,-0.0350985042750835,-0.0909944176673889,-0.5713309645652771,-0.0464077293872833,-0.0988426804542541,-0.6421213746070862,-0.0539728701114654,0.0105062425136566,-0.3519540429115295,-0.0220388062298297,0.0282789170742034,-0.5041173100471497,-0.0485878176987171,0.0370571315288543,-0.5980097055435181,-0.0668130069971084,0.0471218526363372,-0.6667194366455078,-0.0742814540863037,0.0641275942325592,-0.3108349442481994,-0.0362644493579864,0.0499177873134613,-0.3581570386886596,-0.0804809778928756,0.0202441811561584,-0.2757299542427063,-0.0893122628331184,0.0076729953289031,-0.22048419713974,-0.0809781029820442,0.1064948439598083,-0.2514013051986694,-0.053132340312004,0.0798542499542236,-0.2816229462623596,-0.0862847045063972,0.043669581413269,-0.221315860748291,-0.0846709534525871,0.026155948638916,-0.1771209239959716,-0.0750212222337722,0.3558396100997925,0.3527998626232147,0.3194461166858673,0.2781489193439483,0.2969176173210144,0.3211654126644134,0.115540862083435,0.1115842163562774,0.1494093239307403,0.4480255842208862,0.0475129187107086,0.3643837869167328,0.2969176173210144,0.0672986507415771,0.3643837869167328,0.1949638724327087
v_sign,0.0,0.0,0.0,-0.0572975277900695,-0.0700398683547973,-0.0329623334109783,-0.0758024454116821,-0.1841440200805664,-0.0478202626109123,-0.0135992467403411,-0.2573015093803406,-0.0654796063899993,0.0453943312168121,-0.306623637676239,-0.0808098688721656,-0.0541143417358398,-0.3496544361114502,-0.0153848677873611,-0.0781233012676239,-0.4866127371788025,-0.0386627204716205,-0.090201199054718,-0.5696650147438049,-0.0507951714098453,-0.0977678596973419,-0.6403203010559082,-0.0588110722601413,0.0119851827621459,-0.351392388343811,-0.0240010060369968,0.0294821262359619,-0.5058981776237488,-0.0516618080437183,0.0393478870391845,-0.6010829210281372,-0.0700034201145172,0.051003098487854,-0.6707963943481445,-0.0773906260728836,0.0654981732368469,-0.3105367422103882,-0.0381554327905178,0.0535122752189636,-0.3581598401069641,-0.083827868103981,0.0238940417766571,-0.2740955352783203,-0.0925693735480308,0.0111042261123657,-0.2181175947189331,-0.0837773457169532,0.1086064577102661,-0.2508750557899475,-0.0550670102238655,0.0845093727111816,-0.2806166410446167,-0.089519515633583,0.0481676459312438,-0.2180171608924865,-0.088015429675579,0.0297369956970214,-0.1730538606643676,-0.0782035961747169,0.3541514873504638,0.3524149656295776,0.3196543753147125,0.2788656055927276,0.2971163392066955,0.3261774778366089,0.1165390834212303,0.1131893619894981,0.152992770075798,0.4544785916805267,0.0490814298391342,0.3637757897377014,0.2971163392066955,0.066681370139122,0.3637757897377014,0.194448173046112
v_sign,0.0,0.0,0.0,-0.0598679184913635,-0.0783029794692993,-0.0328672528266906,-0.0796232521533966,-0.1889581084251403,-0.050269640982151,-0.0139279663562774,-0.2599549293518066,-0.0703359395265579,0.0493735671043396,-0.3071548342704773,-0.08770602196455,-0.0618225932121276,-0.3485188484191894,-0.0176066420972347,-0.0786120891571044,-0.4848185777664184,-0.0429457128047943,-0.0883420705795288,-0.5649094581604004,-0.0569803565740585,-0.0969992280006408,-0.6345197558403015,-0.0656152740120887,0.0037002563476562,-0.3492840528488159,-0.0256357695907354,0.026283174753189,-0.5018928050994873,-0.0523114390671253,0.0383569598197937,-0.5954155921936035,-0.0687961056828498,0.0502201914787292,-0.6692547798156738,-0.0753763914108276,0.0570905804634094,-0.308214783668518,-0.0392051711678504,0.0508017539978027,-0.3562924265861511,-0.0806593522429466,0.0220792889595031,-0.2756894826889038,-0.0861572697758674,0.0090883076190948,-0.2204741239547729,-0.0761654078960418,0.1017062664031982,-0.2461994290351867,-0.0558754093945026,0.0868003368377685,-0.2794273495674133,-0.0825936496257782,0.0524606704711914,-0.2245247364044189,-0.0762018486857414,0.0343662798404693,-0.183195948600769,-0.0642630979418754,0.3543972671031952,0.3502431213855743,0.3158998787403106,0.272177129983902,0.2921279668807983,0.3271383345127105,0.1066241115331649,0.092598408460617,0.1515762507915496,0.4506623446941376,0.0465865135192871,0.35927814245224,0.2921279668807983,0.0660173967480659,0.35927814245224,0.1966607421636581
v_sign,0.0,0.0,0.0,-0.0589408278465271,-0.0742262601852417,-0.0330195687711238,-0.0795111358165741,-0.1884186267852783,-0.0504018776118755,-0.0123202502727508,-0.2572651505470276,-0.0703887566924095,0.0541512966156005,-0.2967621088027954,-0.0881118774414062,-0.0553939342498779,-0.3492555618286133,-0.0201276522129774,-0.0736212134361267,-0.4850386381149292,-0.0454192794859409,-0.084301620721817,-0.5625252723693848,-0.0586128011345863,-0.0935329496860504,-0.6299086809158325,-0.0665175765752792,0.0087952613830566,-0.3468766212463379,-0.0280393697321414,0.0307229161262512,-0.4991372525691986,-0.0552445761859416,0.0435112714767456,-0.5907565951347351,-0.0714678689837455,0.0571959614753723,-0.6619359254837036,-0.0773128420114517,0.0608012676239013,-0.303865909576416,-0.0413769334554672,0.0536190867424011,-0.3477214574813843,-0.0845275372266769,0.0203735828399658,-0.2644175291061401,-0.091701902449131,0.0043275654315948,-0.2072588801383972,-0.0821780115365982,0.1036246418952941,-0.2415255308151245,-0.0576016344130039,0.0859689712524414,-0.2680952548980713,-0.0876865088939666,0.0472263097763061,-0.2117710709571838,-0.0840156450867652,0.0251232981681823,-0.1703461408615112,-0.0733462572097778,0.3541935384273529,0.348119169473648,0.3126393258571625,0.2690550088882446,0.2870065569877624,0.3225412666797638,0.1191088855266571,0.1071301028132438,0.1544716358184814,0.4577662646770477,0.0432783141732215,0.3650528490543365,0.2870065569877624,0.0647186785936355,0.3650528490543365,0.1956961005926132
v_sign,0.0,0.0,0.0,-0.0604341924190521,-0.0711901187896728,-0.0321665331721305,-0.0822142660617828,-0.1817328333854675,-0.0495631098747253,-0.0179073214530944,-0.2481351494789123,-0.0695982798933982,0.0453100204467773,-0.2901360988616943,-0.0873982012271881,-0.0592801868915557,-0.3468140959739685,-0.0186851937323808,-0.0816088914871215,-0.4819874167442322,-0.0431024171411991,-0.0930092334747314,-0.560356616973877,-0.055799800902605,-0.1004467904567718,-0.6269618272781372,-0.0629832074046135,0.0026564598083496,-0.3409421443939209,-0.0271447319537401,0.0270470976829528,-0.4938205480575561,-0.0531334839761257,0.0409967899322509,-0.5843589305877686,-0.0689610466361045,0.0554688572883605,-0.6535574197769165,-0.0744263976812362,0.0525940060615539,-0.2959110736846924,-0.0410941764712333,0.0496400594711303,-0.3500818014144897,-0.0850117430090904,0.0190088152885437,-0.2704442739486694,-0.0935072526335716,0.0048334002494812,-0.2156956195831298,-0.0842785537242889,0.0926362872123718,-0.2330660223960876,-0.0573802404105663,0.0796301364898681,-0.272803783416748,-0.0872390568256378,0.0454763770103454,-0.2174655795097351,-0.0824732780456543,0.0266622900962829,-0.1736359596252441,-0.0705961361527443,0.3523397445678711,0.342031329870224,0.3033450543880462,0.2572814524173736,0.2866003513336181,0.3205511569976806,0.1028614863753318,0.0897728279232978,0.1585810929536819,0.4408900141716003,0.0493226535618305,0.3678215742111206,0.2866003513336181,0.0627868771553039,0.3678215742111206,0.1936867237091064
v_sign,0.0,0.0,0.0,-0.0609650909900665,-0.0736836194992065,-0.0320455878973007,-0.0814463794231414,-0.188345193862915,-0.0482460036873817,-0.0146955847740173,-0.2579054832458496,-0.0671177208423614,0.0502198934555053,-0.2938810586929321,-0.0843805000185966,-0.0637934803962707,-0.3445013761520386,-0.0217500515282154,-0.0847707390785217,-0.4794940650463104,-0.0468324162065982,-0.0947611629962921,-0.5607038140296936,-0.0608866810798645,-0.1021939516067504,-0.62903892993927,-0.0695006400346756,-0.0035412907600402,-0.3385407328605652,-0.0304028261452913,0.0208285450935363,-0.488842099905014,-0.0574349910020828,0.0363228321075439,-0.5801142454147339,-0.07400893419981,0.0526821017265319,-0.6507689356803894,-0.0803335160017013,0.0449022054672241,-0.2926728725433349,-0.0442474670708179,0.0451966524124145,-0.3455890417098999,-0.0876631587743759,0.0135635733604431,-0.2682030797004699,-0.0954442396759986,-0.0008682012557983,-0.2146021723747253,-0.086099699139595,0.0832799673080444,-0.2285072803497314,-0.0607408322393894,0.0787429213523864,-0.2771050333976745,-0.0907051190733909,0.0462834239006042,-0.2271764874458313,-0.0860537886619567,0.0272811651229858,-0.1848127841949463,-0.0745056644082069,0.3510325849056244,0.339921623468399,0.299385130405426,0.2506802380084991,0.2910607457160949,0.3211551010608673,0.0997074395418167,0.0723501592874527,0.1567677706480026,0.4394796192646026,0.0425936169922351,0.3684863746166229,0.2910607457160949,0.0611614733934402,0.3684863746166229,0.1913256645202636
v_sign,0.0,0.0,0.0,-0.0576627850532531,-0.0752583146095275,-0.0365589521825313,-0.0690838098526001,-0.1827359199523925,-0.0556599795818328,0.0012778639793395,-0.246366262435913,-0.0763697400689125,0.0635215044021606,-0.2869103550910949,-0.0951731726527214,-0.0526226162910461,-0.3457436561584472,-0.0250945519655942,-0.0722830593585968,-0.4776034355163574,-0.0512174740433692,-0.0822466611862182,-0.5578802824020386,-0.0664277598261833,-0.0899111628532409,-0.625623345375061,-0.0755787640810012,0.0071766972541809,-0.3399333953857422,-0.0322032794356346,0.0328691005706787,-0.489195168018341,-0.0599792152643203,0.0497233867645263,-0.5807503461837769,-0.0779365822672844,0.0668945908546447,-0.6520547866821289,-0.0851145535707473,0.0543108582496643,-0.2924869656562805,-0.0448551662266254,0.059133231639862,-0.3389664888381958,-0.0886594951152801,0.0285781025886535,-0.2601712346076965,-0.0971440076828002,0.0131257772445678,-0.20856374502182,-0.0883121490478515,0.090283989906311,-0.226793885231018,-0.0605556033551692,0.0908816456794738,-0.2686144709587097,-0.0910194590687751,0.0595632791519165,-0.2171871662139892,-0.0866269767284393,0.0395532250404357,-0.1766029596328735,-0.075090155005455,0.3506245017051697,0.3415307700634002,0.3008492588996887,0.2515027821063995,0.2868305146694183,0.3221576809883117,0.1030913591384887,0.0728285163640976,0.1593034714460373,0.4467500150203705,0.0435284152626991,0.3723601102828979,0.2868305146694183,0.060500007122755,0.3723601102828979,0.1892850548028946
v_sign,0.0,0.0,0.0,-0.0589505434036254,-0.0693756937980651,-0.0341734662652015,-0.0716464221477508,-0.1828594803810119,-0.0508736744523048,0.0003501176834106,-0.2477312088012695,-0.0696911364793777,0.0630539655685424,-0.2906839251518249,-0.086957037448883,-0.0524216294288635,-0.3486304879188537,-0.0212536230683326,-0.066701054573059,-0.4801058769226074,-0.0464912541210651,-0.0750004053115844,-0.5608700513839722,-0.0615365616977214,-0.0820766985416412,-0.6300598382949829,-0.0714722350239753,0.010442316532135,-0.3449840545654297,-0.0289149861782789,0.0383496284484863,-0.4948070049285888,-0.0559840761125087,0.0535610914230346,-0.5859065055847168,-0.0737185999751091,0.0686419606208801,-0.6589815616607666,-0.081629067659378,0.0585598945617675,-0.2984454035758972,-0.0419651977717876,0.0621453523635864,-0.3573347330093384,-0.0863510146737098,0.0295115709304809,-0.2766149044036865,-0.0949625968933105,0.013718843460083,-0.2199795842170715,-0.0868060812354087,0.0944547653198242,-0.2326765656471252,-0.0578052587807178,0.0878042578697204,-0.2726213932037353,-0.0921548530459404,0.0549582839012146,-0.2204442620277404,-0.0908827409148216,0.036370038986206,-0.1792297959327697,-0.0814430937170982,0.3531896770000458,0.346351146697998,0.3070179224014282,0.2576849460601806,0.2874087989330292,0.3236670792102813,0.1008876040577888,0.0823962390422821,0.1538042277097702,0.4424545764923095,0.0469295568764209,0.3694302141666412,0.2874087989330292,0.0634339675307273,0.3694302141666412,0.1906672716140747
v_sign,0.0,0.0,0.0,-0.0566661953926086,-0.0757451057434082,-0.0316607654094696,-0.0659658908843994,-0.1910536885261535,-0.0470632761716842,0.0062163472175598,-0.2498196363449096,-0.0653068870306015,0.0682405233383178,-0.2882822155952453,-0.0819181203842163,-0.0459726452827453,-0.3466061949729919,-0.0170956552028656,-0.0610566139221191,-0.4810183048248291,-0.0402349196374416,-0.06991708278656,-0.5619274377822876,-0.0541446805000305,-0.0761097073554992,-0.6310470700263977,-0.063198871910572,0.0150110721588134,-0.3415541052818298,-0.0254771206527948,0.0433454513549804,-0.4920881986618042,-0.050961397588253,0.0577451586723327,-0.5857694149017334,-0.0696324259042739,0.0740987062454223,-0.6605970859527588,-0.0784085988998413,0.0620080232620239,-0.2955016493797302,-0.0389653928577899,0.06876802444458,-0.3485177159309387,-0.0793484449386596,0.0323378443717956,-0.2729460000991821,-0.0874887630343437,0.0137540698051452,-0.2210791110992431,-0.0798417776823043,0.0977165699005127,-0.2315003871917724,-0.0552862361073493,0.0983433127403259,-0.2761263251304626,-0.0831939354538917,0.0641366839408874,-0.2279220819473266,-0.0787972509860992,0.0445850491523742,-0.1903660893440246,-0.0684039667248725,0.3500594198703766,0.3428317606449127,0.3044413328170776,0.257288783788681,0.2897246479988098,0.328757494688034,0.0976628735661506,0.0684621334075927,0.1538411676883697,0.4436435103416443,0.0449962504208087,0.3723911046981811,0.2897246479988098,0.0617639571428298,0.3723911046981811,0.1880278140306472
v_sign,0.0,0.0,0.0,-0.0576617717742919,-0.0704613924026489,-0.0341874398291111,-0.0729890465736389,-0.1909215450286865,-0.0496027283370494,0.0028585791587829,-0.2587491869926452,-0.0663255900144577,0.0731036663055419,-0.2937977910041809,-0.081391155719757,-0.0507525205612182,-0.3462611436843872,-0.0235582254827022,-0.0692226886749267,-0.487682431936264,-0.0474222376942634,-0.07937753200531,-0.5714638233184814,-0.0596508122980594,-0.087666630744934,-0.6406304836273193,-0.0661269649863243,0.013700246810913,-0.3436129093170166,-0.0290463287383317,0.0414936542510986,-0.5002352595329285,-0.0542100816965103,0.0534058809280395,-0.5934696197509766,-0.0689857602119445,0.0646216869354248,-0.6634340882301331,-0.0730561092495918,0.0626688003540039,-0.2996320128440857,-0.0395654588937759,0.0744181871414184,-0.3599671721458435,-0.082740381360054,0.0444507002830505,-0.2825256586074829,-0.0908766686916351,0.0265476703643798,-0.2251722812652588,-0.080584667623043,0.0996167659759521,-0.2356318235397339,-0.0524743497371673,0.1055321097373962,-0.2824681997299194,-0.0834513530135154,0.0777201652526855,-0.2313365340232849,-0.0791127756237983,0.0583335757255554,-0.1863563060760498,-0.0662990882992744,0.3507528901100158,0.3451104462146759,0.3086618781089782,0.2611501812934875,0.2997133433818817,0.3268263041973114,0.0923664569854736,0.0657533407211303,0.1541419774293899,0.4399769604206085,0.0521641783416271,0.3825872838497162,0.2997133433818817,0.0647401884198188,0.3825872838497162,0.1889071464538574
v_sign,0.0,0.0,0.0,-0.0592179298400878,-0.0748856663703918,-0.0391938015818595,-0.0715073943138122,-0.1892364025115966,-0.0581624619662761,0.0062590837478637,-0.2568190097808838,-0.0775943845510482,0.0729238986968994,-0.2986255884170532,-0.0943743139505386,-0.054020345211029,-0.3581452965736389,-0.0245112124830484,-0.0723859071731567,-0.4950980544090271,-0.0486938618123531,-0.0823920965194702,-0.5772148370742798,-0.063325248658657,-0.0906442999839782,-0.6460071802139282,-0.0719021037220954,0.0098797678947448,-0.3557032346725464,-0.0284941103309392,0.0370717644691467,-0.5057697296142578,-0.0529296547174453,0.0522979497909545,-0.5956732034683228,-0.0682439729571342,0.066218614578247,-0.6648880243301392,-0.0734060481190681,0.0598559379577636,-0.3095986843109131,-0.0384431853890419,0.0740872621536254,-0.3622509837150574,-0.0803848728537559,0.0471057891845703,-0.2857286334037781,-0.0887642875313758,0.0307559967041015,-0.2325868010520935,-0.0794176384806633,0.0983437299728393,-0.2424880266189575,-0.0515609458088874,0.1112403273582458,-0.2895545959472656,-0.0799060240387916,0.0848369598388671,-0.2431871891021728,-0.0754026547074318,0.0648682117462158,-0.2050710320472717,-0.0633413791656494,0.3630248606204986,0.3569794297218323,0.3176664412021637,0.2667029500007629,0.2940266132354736,0.3174687027931213,0.091959461569786,0.0515695698559284,0.1580022871494293,0.4337949752807617,0.0466819740831851,0.3846212327480316,0.2940266132354736,0.0640706792473793,0.3846212327480316,0.1931918859481811
v_sign,0.0,0.0,0.0,-0.0611557960510253,-0.0794451236724853,-0.041033212095499,-0.0643656253814697,-0.1976740956306457,-0.0596279241144657,0.0175768733024597,-0.2663349509239197,-0.0784758180379867,0.0823326110839843,-0.311897873878479,-0.0944462195038795,-0.0490890145301818,-0.3558765649795532,-0.0266407895833253,-0.0660604238510131,-0.4933321177959442,-0.052575584501028,-0.0753592252731323,-0.5765685439109802,-0.0671857818961143,-0.0820574164390564,-0.6470541954040527,-0.0760310292243957,0.0151902437210083,-0.3524327278137207,-0.030409213155508,0.0425246953964233,-0.5049508810043335,-0.0591589882969856,0.0591914057731628,-0.5960017442703247,-0.0768322050571441,0.077244222164154,-0.6669360399246216,-0.0835236087441444,0.0633342266082763,-0.3065567016601562,-0.0401647724211216,0.0817108750343322,-0.353232204914093,-0.0837372541427612,0.0500788688659668,-0.2718724608421325,-0.0894632339477539,0.0316579937934875,-0.2205638885498047,-0.0785636156797409,0.0997352600097656,-0.2413404583930969,-0.0535448342561721,0.1111106872558593,-0.2839069962501526,-0.0823205932974815,0.0817852020263671,-0.2318153381347656,-0.0760720521211624,0.0618585348129272,-0.1954753398895263,-0.0632863566279411,0.3602327108383178,0.3540681898593902,0.3155969679355621,0.2665696740150451,0.2971712052822113,0.3249371945858001,0.0993610545992851,0.0602756403386592,0.1607122868299484,0.448721319437027,0.0421295911073684,0.3737552165985107,0.2971712052822113,0.0644816532731056,0.3737552165985107,0.1897129714488983
v_sign,0.0,0.0,0.0,-0.0624940395355224,-0.0767902731895446,-0.0483547635376453,-0.0663284659385681,-0.1898814439773559,-0.0691263973712921,0.0170090198516845,-0.2581660151481628,-0.0884590148925781,0.0812860131263732,-0.3064884543418884,-0.1041386350989341,-0.0522456765174865,-0.3533390760421753,-0.0312744677066803,-0.0692446231842041,-0.4915545582771301,-0.0571813583374023,-0.0791925191879272,-0.5766273140907288,-0.0727497488260269,-0.0858293175697326,-0.6497754454612732,-0.082965612411499,0.0126031041145324,-0.3522118330001831,-0.0307335443794727,0.0389208197593688,-0.4999169111251831,-0.0592756681144237,0.058429479598999,-0.5930894613265991,-0.0776099413633346,0.0788328647613525,-0.6674668788909912,-0.0858182832598686,0.0601641535758972,-0.3076890707015991,-0.0368816293776035,0.0830254554748535,-0.3520315885543823,-0.0814568698406219,0.0527190566062927,-0.2704940438270569,-0.0884485393762588,0.032921016216278,-0.217939555644989,-0.0788351595401763,0.0960616469383239,-0.2431564331054687,-0.0473764836788177,0.111985445022583,-0.2815730571746826,-0.0796048641204834,0.0845135450363159,-0.231776475906372,-0.0770301446318626,0.0639441609382629,-0.1977792978286743,-0.0668544545769691,0.3585473597049713,0.3537747263908386,0.3156779110431671,0.2657017707824707,0.3027777373790741,0.3268125653266907,0.1027485355734825,0.0589067786931991,0.1656344085931778,0.4519197642803192,0.0388896986842155,0.3823895752429962,0.3027777373790741,0.0648608282208442,0.3823895752429962,0.1854576766490936
v_sign,0.0,0.0,0.0,-0.0605727434158325,-0.0757066011428833,-0.0450285486876964,-0.0620126724243164,-0.1873592734336853,-0.0636050179600715,0.0213966369628906,-0.2530584931373596,-0.0816085860133171,0.082162857055664,-0.2990489602088928,-0.0967769920825958,-0.0519838333129882,-0.3529800772666931,-0.0258151534944772,-0.0672672986984252,-0.4897017776966095,-0.0507067553699016,-0.0759243965148925,-0.5739903450012207,-0.066185139119625,-0.0821531414985656,-0.6455097198486328,-0.076613999903202,0.0134257078170776,-0.3504686951637268,-0.0272474903613328,0.0422959327697753,-0.4975882768630981,-0.0553105734288692,0.0611766576766967,-0.5895345211029053,-0.0747807398438453,0.0795984864234924,-0.6632896661758423,-0.084186777472496,0.0611796379089355,-0.3045063614845276,-0.0352384373545646,0.0868281722068786,-0.3560397028923034,-0.0793163627386093,0.0589629411697387,-0.2795222997665405,-0.0881768241524696,0.0404472351074218,-0.2317671775817871,-0.0806895196437835,0.096778929233551,-0.2380396127700805,-0.0471421256661415,0.1134189963340759,-0.2776090502738952,-0.0791347399353981,0.086241066455841,-0.2273469567298889,-0.0773713067173957,0.0656971931457519,-0.1945651173591613,-0.068406768143177,0.3577201068401336,0.3517825603485107,0.3125841021537781,0.26124969124794,0.2984364330768585,0.3247735798358917,0.0882418379187583,0.0575177446007728,0.1629019975662231,0.4333090186119079,0.0466092228889465,0.383980929851532,0.2984364330768585,0.0654734000563621,0.383980929851532,0.1891996562480926
v_sign,0.0,0.0,0.0,-0.0593586564064025,-0.0755654573440551,-0.0449328683316707,-0.0613388419151306,-0.1865608096122741,-0.0639837309718132,0.0227299928665161,-0.2501184344291687,-0.0825303494930267,0.0858833193778991,-0.2934434413909912,-0.0983930304646492,-0.0509145259857177,-0.350811243057251,-0.028521342203021,-0.0655058026313781,-0.4874410927295685,-0.0541092455387115,-0.0737499594688415,-0.5717470645904541,-0.0697907656431198,-0.0798476934432983,-0.6439260244369507,-0.0804757103323936,0.014614462852478,-0.3485596179962158,-0.0302153993397951,0.0448777675628662,-0.4939032196998596,-0.0583511143922805,0.0646573901176452,-0.5857306718826294,-0.0777073800563812,0.083613634109497,-0.6608281135559082,-0.0873682349920272,0.0622479319572448,-0.3018637895584106,-0.0382765159010887,0.0856724977493286,-0.3522216379642486,-0.0823980420827865,0.0580965876579284,-0.2752250432968139,-0.0915420651435852,0.0404204726219177,-0.2272830009460449,-0.0844232589006424,0.0976887941360473,-0.2338305115699768,-0.050215795636177,0.114186942577362,-0.2721746563911438,-0.0828769654035568,0.086258053779602,-0.2231618762016296,-0.0819633156061172,0.0650460124015808,-0.1901300549507141,-0.0736043974757194,0.3556322157382965,0.3501718938350677,0.3105827569961548,0.2583436369895935,0.299086332321167,0.3248675763607025,0.090378388762474,0.0593490302562713,0.1644773334264755,0.4357014000415802,0.0458672679960727,0.3881054222583771,0.299086332321167,0.065589539706707,0.3881054222583771,0.1903630495071411
v_sign,0.0,0.0,0.0,-0.0590197443962097,-0.0745450854301452,-0.0479995906352996,-0.0615136623382568,-0.1832192540168762,-0.0685008242726326,0.0217013955116271,-0.2465441226959228,-0.087498515844345,0.0839585065841674,-0.2924364805221557,-0.1035869196057319,-0.0510757565498352,-0.3528053760528564,-0.0318428166210651,-0.0648784637451171,-0.4890344738960266,-0.057171456515789,-0.0722994208335876,-0.5736165046691895,-0.0727408081293106,-0.077046513557434,-0.6454113125801086,-0.0833186954259872,0.0145640969276428,-0.3497688472270965,-0.0321756117045879,0.0436791181564331,-0.4936091005802154,-0.0605047866702079,0.06434166431427,-0.5854743123054504,-0.0801740437746048,0.0845101475715637,-0.6589487791061401,-0.0899217128753662,0.0622686147689819,-0.30302494764328,-0.03898786008358,0.0875927209854126,-0.3504009544849396,-0.0836707204580307,0.0617153048515319,-0.2733044028282165,-0.09330964833498,0.0442922115325927,-0.2257579565048217,-0.0863527953624725,0.0981414318084716,-0.2356961965560913,-0.0498290583491325,0.1157670617103576,-0.2763860821723938,-0.083437979221344,0.0897801518440246,-0.2266503572463989,-0.0827208161354065,0.0689532160758972,-0.1930510401725769,-0.0742466002702713,0.3579026758670807,0.3515474796295166,0.3118036985397339,0.2601295411586761,0.2982322573661804,0.3222100436687469,0.0923946797847747,0.0571557320654392,0.1622572541236877,0.4350684285163879,0.0427137836813926,0.388490229845047,0.2982322573661804,0.0657108947634697,0.388490229845047,0.1905356496572494
v_sign,0.0,0.0,0.0,-0.0588640570640563,-0.0745810866355896,-0.0458697564899921,-0.0570302605628967,-0.1891258955001831,-0.0636769831180572,0.0286686420440673,-0.2532326579093933,-0.0797832235693931,0.0899031162261962,-0.3019287586212158,-0.0929944738745689,-0.0462059378623962,-0.3520809113979339,-0.0275498647242784,-0.0601148009300231,-0.4903210401535034,-0.0496329218149185,-0.0680998563766479,-0.5742287635803223,-0.0628189072012901,-0.0745355486869812,-0.6437307596206665,-0.0709839165210723,0.0194535255432128,-0.3471182882785797,-0.0271794311702251,0.0471742153167724,-0.494926393032074,-0.0515898764133453,0.0633216500282287,-0.5880582332611084,-0.0687427073717117,0.0786621570587158,-0.659991979598999,-0.0762913525104522,0.0674176812171936,-0.3002076148986816,-0.0332946814596653,0.0910562872886657,-0.3515448570251465,-0.0757678896188736,0.0615782737731933,-0.2766405940055847,-0.0856358408927917,0.0413141846656799,-0.2280769944190979,-0.0782627910375595,0.1018111109733581,-0.2351603507995605,-0.0430330857634544,0.1185234189033508,-0.2813289761543274,-0.0750407055020332,0.093759000301361,-0.2332722544670105,-0.0737315937876701,0.0748434066772461,-0.1983581781387329,-0.0643928945064544,0.3561670482158661,0.3487237691879272,0.3094806969165802,0.2598417699337005,0.2962241172790527,0.322191834449768,0.0889176577329635,0.0503775589168071,0.1541496962308883,0.4335311949253082,0.0469019263982772,0.3799383640289306,0.2962241172790527,0.0658477768301963,0.3799383640289306,0.1892596036195755
v_sign,0.0,0.0,0.0,-0.05410897731781,-0.0753188133239746,-0.045837927609682,-0.0525384545326232,-0.1931862831115722,-0.062538206577301,0.0335351228713989,-0.2624731063842773,-0.0772958099842071,0.0987249016761779,-0.3105551600456238,-0.0891999527812004,-0.0456387400627136,-0.3537758290767669,-0.0251170098781585,-0.0601390600204467,-0.4913721680641174,-0.0468837954103946,-0.0679695010185241,-0.5752285718917847,-0.0597431808710098,-0.0734056830406189,-0.6441540718078613,-0.0670004785060882,0.0195703506469726,-0.3514679074287414,-0.0236387178301811,0.0447471141815185,-0.4999683201313019,-0.0460619442164897,0.0599437355995178,-0.5910292863845825,-0.0606047138571739,0.0749292373657226,-0.6594346761703491,-0.0657276436686515,0.0681270360946655,-0.3066815733909607,-0.029067013412714,0.0937516093254089,-0.3690169155597687,-0.0724236965179443,0.069705843925476,-0.2957283854484558,-0.0836393386125564,0.0533337593078613,-0.2425625324249267,-0.0759747773408889,0.1019821166992187,-0.2440081238746643,-0.0378259755671024,0.1176760792732238,-0.2987027168273926,-0.0713611543178558,0.0972837209701538,-0.2554033398628235,-0.0713410153985023,0.0820270776748657,-0.2188758254051208,-0.0618153549730777,0.3575906753540039,0.3528051674365997,0.3154992461204529,0.2671537399291992,0.2946943044662475,0.3157208263874054,0.0808110833168029,0.0400665253400802,0.149125337600708,0.4175569117069244,0.0398102477192878,0.3760451674461365,0.2946943044662475,0.0652666687965393,0.3760451674461365,0.184397354722023
v_sign,0.0,0.0,0.0,-0.0532834529876709,-0.0806103944778442,-0.0440497547388076,-0.049036681652069,-0.1988171935081482,-0.0604160167276859,0.0353066325187683,-0.2675071358680725,-0.0759725868701934,0.0995121598243713,-0.3136897087097168,-0.0882010534405708,-0.041322648525238,-0.3506982326507568,-0.0198321528732776,-0.0545886158943176,-0.4879089593887329,-0.0404679179191589,-0.0627550482749939,-0.5713247060775757,-0.0534316822886467,-0.0682061314582824,-0.6403335332870483,-0.060255903750658,0.0227154493331909,-0.3476668894290924,-0.0184220485389232,0.0486189126968383,-0.4947374761104584,-0.0399439744651317,0.0648100972175598,-0.5868245363235474,-0.0548787899315357,0.0798926353454589,-0.6547257900238037,-0.0602220483124256,0.0718436241149902,-0.3074671626091003,-0.0240620076656341,0.0961193442344665,-0.3690633475780487,-0.0659505277872085,0.0771724581718444,-0.2971882224082947,-0.0764156281948089,0.0619029402732849,-0.2419975399971008,-0.0672679916024208,0.1084373593330383,-0.2512707114219665,-0.0330945663154125,0.1344744563102722,-0.3268212080001831,-0.0601432174444198,0.1199868321418762,-0.2959631085395813,-0.0563469715416431,0.1035248637199401,-0.2627464532852173,-0.0447292551398277,0.353680819272995,0.348894864320755,0.3166647255420685,0.2756644487380981,0.2936756610870361,0.3151216506958008,0.0790686160326004,0.0170643273741006,0.1487964540719986,0.4131802320480346,0.0516807176172733,0.368247926235199,0.2936756610870361,0.0641253069043159,0.368247926235199,0.1802492290735244
v_sign,0.0,0.0,0.0,-0.049645721912384,-0.0833484530448913,-0.0448277816176414,-0.0386791825294494,-0.2021211385726928,-0.0562440790235996,0.0455159544944763,-0.2673329710960388,-0.0654054656624794,0.107801616191864,-0.3075606524944305,-0.0714818090200424,-0.0391831398010253,-0.3482484221458435,-0.013828944414854,-0.0523915886878967,-0.4819579124450683,-0.0308609940111637,-0.059700608253479,-0.5620739459991455,-0.0413003042340278,-0.0650300979614257,-0.6283836364746094,-0.046145599335432,0.0241352915763854,-0.3398158550262451,-0.0102949542924761,0.0512968897819519,-0.4844892919063568,-0.028070418164134,0.070296823978424,-0.572049617767334,-0.040699366480112,0.0876426100730896,-0.6367790699005127,-0.0437042340636253,0.0729731917381286,-0.2953104972839355,-0.0144203668460249,0.0993586778640747,-0.3454310297966003,-0.056863248348236,0.0767903923988342,-0.2742447853088379,-0.0704752430319786,0.0595545768737793,-0.2264302372932434,-0.0626827403903007,0.1076990365982055,-0.2394234240055084,-0.021549716591835,0.1306831836700439,-0.2970859706401825,-0.0524608269333839,0.1126978397369384,-0.2543240487575531,-0.0519448332488536,0.0972476601600647,-0.2190533876419067,-0.0418937280774116,0.3507185876369476,0.3408274054527282,0.3045346140861511,0.263414204120636,0.2831751406192779,0.3055102527141571,0.0851692780852317,0.0306275766342878,0.1529228538274765,0.411746621131897,0.0436734408140182,0.3652945160865783,0.2831751406192779,0.0639751553535461,0.3652945160865783,0.1829668432474136
v_sign,0.0,0.0,0.0,-0.0475267767906188,-0.0870809555053711,-0.0479786731302738,-0.0344467163085937,-0.2004760503768921,-0.0597338564693927,0.0515559911727905,-0.2650166749954223,-0.0682253092527389,0.1136585474014282,-0.3083336651325226,-0.0734902545809745,-0.0395354628562927,-0.3389762341976166,-0.0174797214567661,-0.0538022518157959,-0.4751117527484894,-0.0359647274017334,-0.062191367149353,-0.5583641529083252,-0.047278556972742,-0.0676302909851074,-0.6274978518486023,-0.052879549562931,0.0247213244438171,-0.3327199220657348,-0.011971921660006,0.052618384361267,-0.4767021834850311,-0.0304555837064981,0.0715422630310058,-0.5659327507019043,-0.0449150688946247,0.0892226099967956,-0.6323151588439941,-0.0495863370597362,0.071759283542633,-0.2902301251888275,-0.0143267475068569,0.0978205800056457,-0.3399989008903503,-0.0572169907391071,0.0763052105903625,-0.2746140360832214,-0.0742028579115867,0.0612056255340576,-0.2303948998451233,-0.0692356377840042,0.1056780219078064,-0.2349946498870849,-0.0198483504354953,0.123900294303894,-0.2855567634105682,-0.0516204163432121,0.1049771308898925,-0.2442080080509185,-0.0540571734309196,0.0900258421897888,-0.2094914019107818,-0.0463593415915966,0.3417213559150696,0.3338517844676971,0.2993128299713135,0.2584265470504761,0.2920397222042084,0.3087596893310547,0.0818939581513404,0.0399779826402664,0.1569614112377166,0.4033744037151336,0.0423188619315624,0.3676359951496124,0.2920397222042084,0.0647951513528823,0.3676359951496124,0.1786189675331115
v_sign,0.0,0.0,0.0,-0.0477622747421264,-0.0875619649887085,-0.0471880994737148,-0.036152958869934,-0.1983616948127746,-0.061134859919548,0.049274206161499,-0.2657883763313293,-0.0724714547395706,0.1103611588478088,-0.3122287094593048,-0.0804585739970207,-0.039199411869049,-0.3389067649841308,-0.0163259953260421,-0.0534380674362182,-0.4744855761528015,-0.0349419675767421,-0.0608177185058593,-0.5582714080810547,-0.0476114749908447,-0.0652287006378173,-0.6274048686027527,-0.0548896379768848,0.0260171294212341,-0.3340968191623688,-0.0107653373852372,0.0557908415794372,-0.478016197681427,-0.0311490893363952,0.074908971786499,-0.5670751333236694,-0.0485363118350505,0.0924127101898193,-0.6324248313903809,-0.0555175505578517,0.0724634528160095,-0.2910264134407043,-0.0124510880559682,0.0991039872169494,-0.343032032251358,-0.0547480732202529,0.0763628482818603,-0.2809275388717651,-0.0703525990247726,0.0603795051574707,-0.2346680760383606,-0.0649413093924522,0.1067928671836853,-0.2333477139472961,-0.0173948109149932,0.1319488286972046,-0.2878468036651611,-0.0488924942910671,0.1162840723991394,-0.2575686275959015,-0.0512416325509548,0.1025740504264831,-0.2315181493759155,-0.0434725284576416,0.3415566086769104,0.3352811932563782,0.3001705408096313,0.2572128474712372,0.2922256588935852,0.30888631939888,0.0779583677649498,0.0264800488948822,0.1577225625514984,0.399155855178833,0.047446921467781,0.3616926670074463,0.2922256588935852,0.065629668533802,0.3616926670074463,0.1801599264144897
v_sign,0.0,0.0,0.0,-0.047497808933258,-0.082910418510437,-0.0527712106704711,-0.0387194156646728,-0.1896568536758422,-0.0691034942865371,0.0428687334060668,-0.2554383277893066,-0.0818698406219482,0.1018799543380737,-0.3052608966827392,-0.0915911719202995,-0.0406357645988464,-0.3353516161441803,-0.0246266424655914,-0.0535846352577209,-0.4692972898483276,-0.0464725792407989,-0.0604051947593688,-0.5539767742156982,-0.0603062249720096,-0.0648404359817504,-0.624113917350769,-0.067951001226902,0.0232208371162414,-0.3308729827404022,-0.0182251259684562,0.0543209910392761,-0.4734525680541992,-0.0415827259421348,0.0753098726272583,-0.5623126029968262,-0.0602346435189247,0.0943365693092346,-0.6310420036315918,-0.0680742561817169,0.068888783454895,-0.2892983853816986,-0.0195705238729715,0.0912441611289978,-0.3381164371967315,-0.0666902959346771,0.0713715553283691,-0.2724996209144592,-0.0849988982081413,0.0579588413238525,-0.2272308468818664,-0.0806833207607269,0.1030659675598144,-0.2341525852680206,-0.0243259258568286,0.1238629817962646,-0.2926707863807678,-0.0593114644289016,0.1090012788772583,-0.2560168206691742,-0.0626731663942337,0.0966958999633789,-0.2236692607402801,-0.0554548054933548,0.3387010991573334,0.33218714594841,0.2980305850505829,0.2569859325885772,0.2929957509040832,0.3124801516532898,0.0877873376011848,0.0334587059915065,0.1593277603387832,0.4056424498558044,0.0463650971651077,0.3605853319168091,0.2929957509040832,0.0643327534198761,0.3605853319168091,0.1757598370313644
v_sign,0.0,0.0,0.0,-0.0474167466163635,-0.084185242652893,-0.0555234029889106,-0.0384601950645446,-0.189417690038681,-0.0710012167692184,0.0443363785743713,-0.2553055584430694,-0.081879124045372,0.1040403842926025,-0.3038407266139984,-0.0891402140259742,-0.0408805012702941,-0.3351346850395202,-0.0231440179049968,-0.054255723953247,-0.4684741497039795,-0.0435860082507133,-0.0612868070602417,-0.552222490310669,-0.05707224085927,-0.0657540559768676,-0.6214858889579773,-0.0644712895154953,0.0227077007293701,-0.330472856760025,-0.0140984719619154,0.0522348880767822,-0.4701771140098572,-0.0353821404278278,0.0723854303359985,-0.5581763982772827,-0.0527807362377643,0.0911317467689514,-0.625529944896698,-0.0596125312149524,0.0679826736450195,-0.2888040840625763,-0.0133832776919007,0.0901059508323669,-0.3311848640441894,-0.0590786933898925,0.0693954825401306,-0.2636554837226867,-0.077073149383068,0.0561223626136779,-0.219379186630249,-0.0722760483622551,0.1017536520957946,-0.2336109280586242,-0.0164411235600709,0.1233329176902771,-0.2888131737709045,-0.0509988367557525,0.1078381538391113,-0.2518590986728668,-0.0548239760100841,0.0951403379440307,-0.2219688892364502,-0.0477028079330921,0.3384111821651459,0.3315519690513611,0.2969992458820343,0.2553393542766571,0.290385365486145,0.306287556886673,0.0918087214231491,0.0340083204209804,0.1570131033658981,0.4078534543514251,0.0461839064955711,0.3610223829746246,0.290385365486145,0.0643973127007484,0.3610223829746246,0.1752041727304458
v_sign,0.0,0.0,0.0,-0.046529471874237,-0.0839135646820068,-0.0528284683823585,-0.0364274978637695,-0.1903237700462341,-0.06843301653862,0.0453436970710754,-0.2577089369297027,-0.0803726688027381,0.1033965945243835,-0.3066848814487457,-0.0890438184142112,-0.0406248569488525,-0.3360578119754791,-0.0212575104087591,-0.0535660982131958,-0.4690017104148865,-0.0419807508587837,-0.0606452822685241,-0.5527355670928955,-0.0561784021556377,-0.0651680827140808,-0.6213254928588867,-0.0643672570586204,0.0222663879394531,-0.3310177326202392,-0.0137476483359932,0.0509485006332397,-0.4717846810817718,-0.03570506721735,0.0717493295669555,-0.5590927600860596,-0.0540058203041553,0.091404378414154,-0.6255171298980713,-0.0617549605667591,0.0674830079078674,-0.2886567115783691,-0.014107852242887,0.0929684042930603,-0.3345538377761841,-0.0586903989315032,0.0724947452545166,-0.2694841921329498,-0.075565293431282,0.0586694478988647,-0.2253258228302002,-0.0708793252706527,0.1008728146553039,-0.2320857346057891,-0.0181535109877586,0.1235971450805664,-0.2870245575904846,-0.0518489256501197,0.1072746515274047,-0.2500816881656647,-0.0550736486911773,0.0938755273818969,-0.219847023487091,-0.0479236729443073,0.3391712009906769,0.3320505023002624,0.2967754602432251,0.2537097930908203,0.2895486950874328,0.3062917590141296,0.0855071991682052,0.032939501106739,0.1566503345966339,0.4016315340995788,0.0423845164477825,0.3578011691570282,0.2895486950874328,0.0635382533073425,0.3578011691570282,0.1756172478199005
v_sign,0.0,0.0,0.0,-0.047116219997406,-0.0850476026535034,-0.0531967803835868,-0.037211000919342,-0.1912677884101867,-0.068533718585968,0.0452969670295715,-0.2585050463676452,-0.0801077708601951,0.103791058063507,-0.307738333940506,-0.0883685573935508,-0.0412560701370239,-0.3362637460231781,-0.0194965582340955,-0.0539250969886779,-0.4690357148647308,-0.0393077321350574,-0.0612785220146179,-0.552396297454834,-0.0533660128712654,-0.066038966178894,-0.6205548048019409,-0.0616649165749549,0.0220158100128173,-0.3309989869594574,-0.0113334283232688,0.0502914786338806,-0.4713176488876343,-0.032293751835823,0.0704788565635681,-0.5583115220069885,-0.0508039370179176,0.0897080898284912,-0.624218225479126,-0.0589886084198951,0.0672512054443359,-0.2880949974060058,-0.0111945625394582,0.0929806232452392,-0.3347107470035553,-0.0553955547511577,0.0726259350776672,-0.2698235511779785,-0.0730576962232589,0.0590476989746093,-0.2249764204025268,-0.0689946413040161,0.1008363962173461,-0.2311582267284393,-0.014742748811841,0.1233264207839965,-0.2862023115158081,-0.0488992668688297,0.1076633334159851,-0.2518933713436126,-0.053298071026802,0.0949099659919738,-0.2236934006214141,-0.0469956994056701,0.3393456637859344,0.3319239020347595,0.2960519790649414,0.2526251375675201,0.2884680032730102,0.3046814203262329,0.0859773308038711,0.0336318127810955,0.1558131128549575,0.4005423486232757,0.0420915894210338,0.3569446504116058,0.2884680032730102,0.064013160765171,0.3569446504116058,0.176805093884468
v_sign,0.0,0.0,0.0,-0.0477653741836547,-0.0803550481796264,-0.0467083342373371,-0.0382364392280578,-0.1881477236747741,-0.0626643598079681,0.044359266757965,-0.2513241171836853,-0.0768468081951141,0.1003055572509765,-0.2951358258724212,-0.0879691317677497,-0.0373756289482116,-0.3334141075611114,-0.021380215883255,-0.0508635640144348,-0.4649049043655395,-0.0433250851929187,-0.0583485960960388,-0.5462642908096313,-0.0575669854879379,-0.0630663037300109,-0.6130129098892212,-0.0661360323429107,0.0249185562133789,-0.329333484172821,-0.018043614923954,0.0524443984031677,-0.4697718620300293,-0.0425193645060062,0.07171231508255,-0.5573190450668335,-0.061161920428276,0.0906199812889099,-0.6220515966415405,-0.0692724287509918,0.0704578161239624,-0.2875385582447052,-0.0215948112308979,0.0966849327087402,-0.3421703279018402,-0.0649388954043388,0.0744298100471496,-0.2752873003482818,-0.0772356167435646,0.0574723482131958,-0.2275246977806091,-0.0702926591038703,0.1058770418167114,-0.2296527326107025,-0.0287669599056243,0.1294084787368774,-0.2850753366947174,-0.0608059652149677,0.1134438514709472,-0.2512711584568023,-0.0614720620214939,0.0984401106834411,-0.2227793633937835,-0.0528847351670265,0.3361830115318298,0.3307673633098602,0.2968316972255707,0.2545149624347687,0.2843212187290191,0.3043434619903564,0.0783694237470626,0.0261575654149055,0.1539838016033172,0.3959182500839233,0.0447650700807571,0.3580682575702667,0.2843212187290191,0.062516801059246,0.3580682575702667,0.1770376116037368
v_sign,0.0,0.0,0.0,-0.0447587370872497,-0.0841944217681884,-0.0485349521040916,-0.0330308675765991,-0.1923231482505798,-0.060517705976963,0.0460777878761291,-0.2569226622581482,-0.0697870329022407,0.104380190372467,-0.29659104347229,-0.0749844461679458,-0.038323700428009,-0.3334946930408478,-0.0160594526678323,-0.0545165538787841,-0.4677976667881012,-0.0359810106456279,-0.0629487633705139,-0.5481923222541809,-0.0481389872729778,-0.068289577960968,-0.6159738302230835,-0.053309142589569,0.0232678055763244,-0.3269164562225342,-0.0099642956629395,0.0510106682777404,-0.4673519134521484,-0.02903888002038,0.0702157616615295,-0.5563379526138306,-0.0424922853708267,0.0890476703643798,-0.6202602386474609,-0.0457455106079578,0.0689395666122436,-0.2860550582408905,-0.0120516456663608,0.0921496748924255,-0.3273699879646301,-0.0544418841600418,0.0716902017593383,-0.2574484944343567,-0.0683522447943687,0.0569154620170593,-0.2091426849365234,-0.0602901764214038,0.1036264896392822,-0.2324862480163574,-0.0179136488586664,0.1253659129142761,-0.2825853526592254,-0.0473208874464035,0.107262909412384,-0.239070177078247,-0.0463927425444126,0.0913965702056884,-0.199329674243927,-0.035755880177021,0.3360733985900879,0.3278948664665222,0.2944917678833008,0.2551650702953338,0.2864960432052612,0.3027504980564117,0.0915808230638504,0.0395888201892375,0.1575772613286972,0.4126277565956116,0.0434416122734546,0.3637169897556305,0.2864960432052612,0.0622409656643867,0.3637169897556305,0.1742297410964965
v_sign,0.0,0.0,0.0,-0.0487927198410034,-0.0871434807777404,-0.0535037294030189,-0.0391164422035217,-0.1919938921928405,-0.0675895437598228,0.0437451004981994,-0.2513502240180969,-0.0776666551828384,0.104219377040863,-0.2917543649673462,-0.0838476940989494,-0.0432484149932861,-0.3476982712745666,-0.0166183654218912,-0.0588669180870056,-0.4797018766403198,-0.0360994599759578,-0.0654048919677734,-0.5632935762405396,-0.0501718819141387,-0.0688376426696777,-0.6341454386711121,-0.0580435283482074,0.018889844417572,-0.3397098779678345,-0.0084535842761397,0.0467915534973144,-0.4771426320075989,-0.0276041533797979,0.0671543478965759,-0.5658556222915649,-0.041318193078041,0.0843543410301208,-0.6313510537147522,-0.044898547232151,0.0651333928108215,-0.2944684624671936,-0.0090489545837044,0.0935603380203247,-0.3435315191745758,-0.0521771647036075,0.0732029676437377,-0.2733104825019836,-0.0660485997796058,0.0575929284095764,-0.2265816330909729,-0.0584217607975006,0.1001816391944885,-0.2358724474906921,-0.0138371810317039,0.1248547434806823,-0.2786824107170105,-0.0485329441726207,0.1047258377075195,-0.2339696288108825,-0.0515664666891098,0.0870903730392456,-0.20091313123703,-0.0431945212185382,0.3507715463638305,0.3403396606445312,0.3017216026782989,0.2566391229629516,0.2905560731887817,0.3011119663715362,0.084280215203762,0.047490932047367,0.153780311346054,0.4058784544467926,0.0419623665511608,0.3845077753067016,0.2905560731887817,0.0631794407963752,0.3845077753067016,0.1818926334381103
v_sign,0.0,0.0,0.0,-0.0491780042648315,-0.0856505632400512,-0.0549742467701435,-0.038384735584259,-0.193305492401123,-0.070549227297306,0.0477717518806457,-0.250456154346466,-0.0822105407714843,0.1121940612792968,-0.2853574752807617,-0.089138813316822,-0.0441034436225891,-0.3541484475135803,-0.0206662453711032,-0.056717038154602,-0.4903292059898376,-0.0416606664657592,-0.0622599720954895,-0.5743827819824219,-0.0558334290981292,-0.0653271079063415,-0.6462112665176392,-0.0639675706624984,0.018828272819519,-0.3449025750160217,-0.0134512865915894,0.0457271933555603,-0.4839096665382385,-0.035552229732275,0.0674570202827453,-0.5761958360671997,-0.0513116233050823,0.086688756942749,-0.6453858613967896,-0.0564408041536808,0.0653439164161682,-0.297033429145813,-0.0150658851489424,0.0958938002586364,-0.3369494676589966,-0.0596122629940509,0.0740366578102111,-0.2651009559631347,-0.0746532008051872,0.0550282001495361,-0.2173892259597778,-0.0676894411444664,0.1000446081161499,-0.2347288131713867,-0.021232234314084,0.1316845417022705,-0.2734614610671997,-0.0568792298436164,0.1133807897567749,-0.2328608632087707,-0.0616336464881897,0.0930174589157104,-0.2022435665130615,-0.0545291230082511,0.3574819266796112,0.3456779420375824,0.3045088946819305,0.2560416758060455,0.2960171103477478,0.3110359609127044,0.0960148498415947,0.0470463074743747,0.1522043347358703,0.4293135106563568,0.042962409555912,0.4029426872730255,0.2960171103477478,0.0640151724219322,0.4029426872730255,0.18718983232975
v_sign,0.0,0.0,0.0,-0.0473252534866333,-0.076444387435913,-0.0592441894114017,-0.0361383557319641,-0.1848811507225036,-0.0752240046858787,0.0502076745033264,-0.2467045187950134,-0.0854780972003936,0.1102963685989379,-0.2872182726860046,-0.0903122723102569,-0.0424540042877197,-0.3513798713684082,-0.0270215440541505,-0.0551232099533081,-0.4891652464866638,-0.0476014018058776,-0.0615125894546508,-0.5728070735931396,-0.0605680830776691,-0.0660884976387023,-0.644417405128479,-0.067762590944767,0.0205212831497192,-0.3443546891212463,-0.0168525595217943,0.0487228035926818,-0.4873369336128235,-0.0377374365925788,0.0707898139953613,-0.5778703093528748,-0.0523206256330013,0.0903792381286621,-0.646148681640625,-0.0569878555834293,0.0652263164520263,-0.2983212471008301,-0.0155972316861152,0.094634473323822,-0.3362269401550293,-0.0589814037084579,0.075284719467163,-0.2615082859992981,-0.072664700448513,0.0562995672225952,-0.2126489877700805,-0.0651709735393524,0.0990391373634338,-0.2383416295051574,-0.0192658845335245,0.1296425461769104,-0.2795982956886291,-0.0544193647801876,0.1150504946708679,-0.2364609837532043,-0.05811557918787,0.0949386954307556,-0.2013653516769409,-0.0504370257258415,0.3549652397632599,0.3453770279884338,0.305766761302948,0.2588178217411041,0.2967986464500427,0.3123629093170166,0.0993829891085624,0.0485355406999588,0.1568478345870971,0.434914231300354,0.0428648106753826,0.3990129828453064,0.2967986464500427,0.0641766935586929,0.3990129828453064,0.181268036365509
v_sign,0.0,0.0,0.0,-0.0487616062164306,-0.0721817016601562,-0.0574001744389534,-0.0411834120750427,-0.1808415651321411,-0.0752237141132354,0.0449588298797607,-0.2397059202194214,-0.0883752480149269,0.1097795963287353,-0.2771193981170654,-0.0964935719966888,-0.0415419340133667,-0.3479887247085571,-0.0297408290207386,-0.0545256733894348,-0.4873688220977783,-0.052842691540718,-0.0610935091972351,-0.5726208090782166,-0.0668117851018905,-0.0655557513236999,-0.6435827612876892,-0.0747988447546958,0.0219718217849731,-0.3407874703407287,-0.0222223829478025,0.050190269947052,-0.485363632440567,-0.0463152714073658,0.0719831585884094,-0.5762373208999634,-0.0626642256975174,0.0921565294265747,-0.6465771794319153,-0.0688637569546699,0.0680118203163147,-0.2951081991195678,-0.0230443924665451,0.1009730696678161,-0.3359900712966919,-0.0675243511795997,0.0800381302833557,-0.2647690176963806,-0.0804130136966705,0.0600153803825378,-0.2186493277549743,-0.0731616243720054,0.1022757887840271,-0.2344955801963806,-0.0287232883274555,0.1347533464431762,-0.2716987729072571,-0.0634258538484573,0.1160035133361816,-0.2299842834472656,-0.066317580640316,0.0928403735160827,-0.1983280181884765,-0.0588515177369117,0.3517192006111145,0.3422173261642456,0.3037194311618805,0.2574364840984344,0.2999712228775024,0.3171886801719665,0.0917694866657257,0.0480086430907249,0.1578523218631744,0.4291547238826751,0.0411729887127876,0.4068274199962616,0.2999712228775024,0.0643613412976265,0.4068274199962616,0.1832082569599151
v_sign,0.0,0.0,0.0,-0.0488336682319641,-0.0689703226089477,-0.05899079144001,-0.041629672050476,-0.1743882298469543,-0.074223019182682,0.0467274188995361,-0.2284042835235595,-0.0836751013994216,0.1128207445144653,-0.2629234194755554,-0.0876983478665351,-0.0457510948181152,-0.3439890742301941,-0.0298206824809312,-0.0604904890060424,-0.4820834994316101,-0.0529407747089862,-0.0683634281158447,-0.5668246746063232,-0.0658982694149017,-0.0741368532180786,-0.6368433237075806,-0.0727577209472656,0.016140878200531,-0.3363507390022278,-0.0215485598891973,0.0438651442527771,-0.4792184829711914,-0.0457713752985,0.0660331845283508,-0.5693504810333252,-0.0607682131230831,0.0864431262016296,-0.6387802362442017,-0.0652530565857887,0.0608856678009033,-0.290147602558136,-0.0222053360193967,0.091218888759613,-0.321554958820343,-0.0687067508697509,0.0686349868774414,-0.24383145570755,-0.0816870927810669,0.0486543178558349,-0.1989140510559082,-0.0734849870204925,0.0944276452064514,-0.2279518842697143,-0.0277799721807241,0.1199727654457092,-0.2565745115280151,-0.0652867630124092,0.097782015800476,-0.2065792083740234,-0.0685191303491592,0.0738531351089477,-0.1710779666900634,-0.0605288781225681,0.3482971787452698,0.3374265730381012,0.2972974479198456,0.2482949197292328,0.2973431646823883,0.3135539889335632,0.1053696721792221,0.0687782242894172,0.160766914486885,0.4415631890296936,0.0397201292216777,0.4183210432529449,0.2973431646823883,0.0629077777266502,0.4183210432529449,0.1819859147071838
v_sign,0.0,0.0,0.0,-0.0516548752784729,-0.0654695034027099,-0.0575073808431625,-0.0504088401794433,-0.1685748696327209,-0.0768414214253425,0.031611144542694,-0.223554253578186,-0.0917456895112991,0.0947262048721313,-0.2598252892494201,-0.1020250171422958,-0.0504219532012939,-0.3339938521385193,-0.0358280651271343,-0.06564861536026,-0.4730360507965088,-0.0628861188888549,-0.0729479789733886,-0.5587743520736694,-0.0778407827019691,-0.0779101848602294,-0.6298215389251709,-0.0859735161066055,0.0107566714286804,-0.3292572498321533,-0.0297008175402879,0.0384102463722229,-0.4730855822563171,-0.0581764914095401,0.0603934526443481,-0.5629180669784546,-0.0746763050556182,0.0805133581161499,-0.63480544090271,-0.0800839439034462,0.0554527044296264,-0.285562515258789,-0.0317755155265331,0.0874086618423461,-0.3174213767051697,-0.0794090181589126,0.061930239200592,-0.239734947681427,-0.0902543887495994,0.0400348305702209,-0.1940652728080749,-0.0809905603528022,0.0889491438865661,-0.2251646518707275,-0.038739837706089,0.1144724488258361,-0.2513819336891174,-0.0752420276403427,0.090057373046875,-0.2002530694007873,-0.0767998769879341,0.0646541118621826,-0.1663540601730346,-0.0680723935365676,0.33967325091362,0.3307690620422363,0.2926271259784698,0.2451771795749664,0.3013041317462921,0.3174336850643158,0.1050313115119934,0.0700666308403015,0.1586112976074218,0.4425960183143616,0.039254292845726,0.40860515832901,0.3013041317462921,0.0616668686270713,0.40860515832901,0.1768518537282943
v_sign,0.0,0.0,0.0,-0.0489741563796997,-0.055806279182434,-0.054965816438198,-0.0484135746955871,-0.1484104990959167,-0.0777638778090477,0.0262446999549865,-0.1998761892318725,-0.0975883305072784,0.0842049717903137,-0.2355178594589233,-0.1133201569318771,-0.0494928956031799,-0.3220874071121216,-0.0421706177294254,-0.0645409226417541,-0.4593850374221802,-0.0728936195373535,-0.0730799436569213,-0.5442855358123779,-0.0902440920472145,-0.0783160924911499,-0.6169638633728027,-0.1006975546479225,0.0130097270011901,-0.3212705850601196,-0.0393598675727844,0.0375975966453552,-0.4603311419486999,-0.0725005641579628,0.0598805546760559,-0.5497154593467712,-0.0922804251313209,0.0801495909690857,-0.6239748001098633,-0.1007932797074318,0.0591038465499877,-0.2792474031448364,-0.0436734817922115,0.0891489386558532,-0.3149530291557312,-0.0935505256056785,0.0694366097450256,-0.2368795275688171,-0.1033806502819061,0.0520712733268737,-0.1861183643341064,-0.0942032262682914,0.0932035446166992,-0.218260109424591,-0.0528020709753036,0.1193557977676391,-0.2413048148155212,-0.0915742218494415,0.0984969735145568,-0.1939353346824646,-0.0941735059022903,0.0764926671981811,-0.1602821350097656,-0.0863268077373504,0.328585147857666,0.3239340186119079,0.2887555062770843,0.2431304901838302,0.3020071685314178,0.3160880804061889,0.1061872392892837,0.0690261349081993,0.1586207300424575,0.4388053119182586,0.0364136397838592,0.4148174226284027,0.3020071685314178,0.0625711232423782,0.4148174226284027,0.1767919957637787
v_sign,0.0,0.0,0.0,-0.0481790900230407,-0.0541726946830749,-0.0583319999277591,-0.0437079668045043,-0.1448488235473632,-0.0844081491231918,0.0384750962257385,-0.1962831020355224,-0.1060150787234306,0.1024664640426635,-0.2305889725685119,-0.1228829324245452,-0.0437943935394287,-0.3172746896743774,-0.0501894578337669,-0.0577580332756042,-0.4539381861686706,-0.0830676853656768,-0.0663235783576965,-0.5391534566879272,-0.1014340668916702,-0.0725995898246765,-0.6124770641326904,-0.1126156970858573,0.0192117691040039,-0.3179905414581299,-0.0466150641441345,0.0448406338691711,-0.4562554359436035,-0.0818609520792961,0.0668530464172363,-0.5454851984977722,-0.1016327962279319,0.0880038738250732,-0.6203368306159973,-0.1098920851945877,0.065329372882843,-0.2760680913925171,-0.0501071959733963,0.096726655960083,-0.2979444861412048,-0.100058764219284,0.0710320472717285,-0.2186861038208007,-0.1080053970217704,0.0481163263320922,-0.172211468219757,-0.0978017151355743,0.1002878546714782,-0.2138552069664001,-0.0588430874049663,0.1284204125404358,-0.2300063371658325,-0.0965882390737533,0.104077935218811,-0.1831859946250915,-0.0969947874546051,0.0767675042152404,-0.151465892791748,-0.0876740589737892,0.32419154047966,0.3219628036022186,0.2880837619304657,0.2434218823909759,0.3031026721000671,0.3164642453193664,0.1155735850334167,0.0726419910788536,0.1608187407255172,0.4500594735145569,0.0367945432662963,0.4202286005020141,0.3031026721000671,0.0631115287542343,0.4202286005020141,0.1775673627853393
v_sign,0.0,0.0,0.0,-0.0470929741859436,-0.04964280128479,-0.0558548234403133,-0.045795738697052,-0.1350040435791015,-0.0848917141556739,0.0336278080940246,-0.1860685348510742,-0.1106392219662666,0.0976855754852294,-0.2241607904434204,-0.1318246722221374,-0.0420836210250854,-0.3128994107246399,-0.050484973937273,-0.0546634197235107,-0.4478393197059631,-0.0845100656151771,-0.062954843044281,-0.5306788682937622,-0.1033603698015213,-0.0682485103607177,-0.6026732921600342,-0.1149538159370422,0.0210285186767578,-0.3131375312805176,-0.0483104363083839,0.0469024777412414,-0.4485681056976318,-0.0859372690320015,0.0685479044914245,-0.536543607711792,-0.1071346178650856,0.0896204710006713,-0.6129822731018066,-0.1164245530962944,0.0673770308494567,-0.2711540460586548,-0.0524720288813114,0.0954612493515014,-0.2972928881645202,-0.1034715697169303,0.0710657835006713,-0.2187174558639526,-0.1100006774067878,0.0504648685455322,-0.1703457236289978,-0.0988427177071571,0.1025454401969909,-0.2093979120254516,-0.0614851862192153,0.1280838251113891,-0.2256306409835815,-0.0988946557044982,0.1039332747459411,-0.1819407343864441,-0.0979225188493728,0.079195499420166,-0.152210533618927,-0.0874938145279884,0.3197276890277862,0.3175393044948578,0.2842841744422912,0.2411295920610427,0.2980096638202667,0.3150416612625122,0.1122433915734291,0.067022867500782,0.1582120507955551,0.4447126686573028,0.0358208306133747,0.4136308431625366,0.2980096638202667,0.0631500408053398,0.4136308431625366,0.1781884729862213
v_sign,0.0,0.0,0.0,-0.0480242371559143,-0.0450445413589477,-0.0599498078227043,-0.0491745471954345,-0.1278099417686462,-0.0906856954097747,0.0304101705551147,-0.17823326587677,-0.1174092590808868,0.0964605808258056,-0.2173406481742859,-0.1393826752901077,-0.0440363883972168,-0.3077775239944458,-0.0529882423579692,-0.0567477345466613,-0.4410320520401001,-0.0881983265280723,-0.0659669637680053,-0.5253551006317139,-0.1078668162226677,-0.0723041296005249,-0.5984460115432739,-0.119935855269432,0.018807053565979,-0.3101412653923034,-0.049259677529335,0.0440888404846191,-0.4436794519424438,-0.0872426182031631,0.0661767125129699,-0.5317761301994324,-0.1080006211996078,0.0866996645927429,-0.6069754362106323,-0.1166767925024032,0.0644168257713317,-0.2694222331047058,-0.0524143129587173,0.094112753868103,-0.2913792729377746,-0.1047557517886161,0.0695401430130004,-0.2096341848373413,-0.1107180267572403,0.0478945970535278,-0.1594981551170349,-0.0984766632318496,0.0981166958808898,-0.2082166671752929,-0.0607934147119522,0.1236762404441833,-0.2216202020645141,-0.0996172279119491,0.1007254719734191,-0.1724867820739746,-0.0985064432024955,0.0763936042785644,-0.1390326619148254,-0.0874005854129791,0.3153949379920959,0.3145915269851684,0.281931072473526,0.2380691170692443,0.2996150851249695,0.3118733763694763,0.1203246712684631,0.0772415697574615,0.1592657566070556,0.4495252966880798,0.0367927886545658,0.417254090309143,0.2996150851249695,0.0629983097314834,0.417254090309143,0.1737261861562729
v_sign,0.0,0.0,0.0,-0.0482669472694397,-0.0417621135711669,-0.0603854432702064,-0.0502510070800781,-0.1229563951492309,-0.0922014787793159,0.0270184278488159,-0.1734232306480407,-0.1200800612568855,0.0918390750885009,-0.2125502228736877,-0.1431633383035659,-0.0473816394805908,-0.3059781193733215,-0.05461186170578,-0.060234248638153,-0.4402546286582947,-0.0907254666090011,-0.0690782666206359,-0.5250793695449829,-0.1109661906957626,-0.0748676061630249,-0.5990798473358154,-0.1236409172415733,0.01520836353302,-0.3080705404281616,-0.051557507365942,0.0393370985984802,-0.4420084953308105,-0.0910275056958198,0.0619419813156127,-0.5299766063690186,-0.1123319789767265,0.0824705958366394,-0.6071987152099609,-0.121498242020607,0.0612944364547729,-0.267825722694397,-0.0554182678461074,0.0928316116333007,-0.2953343987464905,-0.1099781394004821,0.0702329874038696,-0.211343765258789,-0.1157193556427955,0.0489872097969055,-0.1595260500907898,-0.10304456949234,0.0960267186164856,-0.2071751952171325,-0.0644677653908729,0.1234685182571411,-0.2224413156509399,-0.1054223552346229,0.1011126041412353,-0.1730868816375732,-0.1047995537519455,0.0759090185165405,-0.1393641233444214,-0.0938397049903869,0.3144043385982513,0.3127250075340271,0.2802834510803222,0.2372736483812332,0.3023725152015686,0.3144734799861908,0.118947684764862,0.0765883401036262,0.157562106847763,0.4493021965026855,0.0348714292049407,0.4213993549346924,0.3023725152015686,0.062699407339096,0.4213993549346924,0.1744279712438583
v_sign,0.0,0.0,0.0,-0.0473711490631103,-0.0419739484786987,-0.0612440109252929,-0.0487903952598571,-0.1235907077789306,-0.0920418575406074,0.0299169421195983,-0.1755704879760742,-0.1182458326220512,0.0959453582763671,-0.2164704799652099,-0.1393908262252807,-0.0498729944229126,-0.3066866993904114,-0.0534223616123199,-0.0637158155441284,-0.4413917064666748,-0.087274469435215,-0.0728316307067871,-0.52599036693573,-0.105521909892559,-0.0790265798568725,-0.5994864702224731,-0.1168106794357299,0.0131531953811645,-0.3100835084915161,-0.0490190349519252,0.0374596118927001,-0.4440373182296753,-0.085261084139347,0.0593595504760742,-0.5309993624687195,-0.1043401211500167,0.0787626504898071,-0.6062829494476318,-0.112081155180931,0.0594620704650878,-0.2706079483032226,-0.051865354180336,0.0917180776596069,-0.2931300401687622,-0.1043166145682334,0.0704258680343627,-0.209757387638092,-0.110956110060215,0.0502560138702392,-0.1598122119903564,-0.0991620123386383,0.0941495895385742,-0.2112515568733215,-0.0599845051765441,0.1216111183166503,-0.2208324074745178,-0.1003611534833908,0.1003976464271545,-0.1716817617416381,-0.1013106629252433,0.0759949684143066,-0.1399065256118774,-0.0916429013013839,0.3152744770050049,0.3142095804214477,0.2818765938282013,0.2389340996742248,0.3009978532791137,0.3098637759685516,0.1208197847008705,0.0801371186971664,0.158006340265274,0.4475663900375366,0.0333956144750118,0.4216945469379425,0.3009978532791137,0.0632710754871368,0.4216945469379425,0.1728971749544143
v_sign,0.0,0.0,0.0,-0.0521841049194335,-0.0440380573272705,-0.0557026267051696,-0.0564345121383667,-0.1301697492599487,-0.0835974439978599,0.0195866227149963,-0.181644856929779,-0.1080086454749107,0.0837382078170776,-0.2199900150299072,-0.1278381049633026,-0.0515121817588806,-0.3127811551094055,-0.0479921996593475,-0.0659834742546081,-0.446873128414154,-0.0809504687786102,-0.0758348703384399,-0.5306254625320435,-0.099493533372879,-0.0828595757484436,-0.6040115356445312,-0.1112251430749893,0.0114455819129943,-0.3143075704574585,-0.0458213202655315,0.0369237661361694,-0.4485948085784912,-0.0814010202884674,0.0572408437728881,-0.5365831851959229,-0.1014821752905845,0.076694905757904,-0.614063560962677,-0.1102691814303398,0.0578544735908508,-0.2727251052856445,-0.0503524728119373,0.0885519385337829,-0.2961457371711731,-0.100892461836338,0.0623718500137329,-0.215245246887207,-0.1077580600976944,0.0412431955337524,-0.1667151451110839,-0.0967776626348495,0.0929033756256103,-0.2109690904617309,-0.0597328208386898,0.1182792782783508,-0.222103476524353,-0.098049372434616,0.0917841792106628,-0.1779218316078186,-0.0986900478601455,0.0652838945388794,-0.1503796577453613,-0.0893639624118805,0.3206069469451904,0.317836195230484,0.2833046019077301,0.2381323277950287,0.2996601164340973,0.3134719133377075,0.1169159710407257,0.0728829205036163,0.1598736643791198,0.4489537179470062,0.0299961045384407,0.4189311563968658,0.2996601164340973,0.0630136728286743,0.4189311563968658,0.1770858317613601
v_sign,0.0,0.0,0.0,-0.0552448034286499,-0.0491281151771545,-0.0552504882216453,-0.0614503026008605,-0.1386246085166931,-0.082816869020462,0.0169950723648071,-0.1864510178565979,-0.106506809592247,0.0842930674552917,-0.2205926775932312,-0.1260579973459243,-0.0510397553443908,-0.3153815269470215,-0.0534144379198551,-0.0654140710830688,-0.4516526460647583,-0.0871828347444534,-0.0750445127487182,-0.5356065034866333,-0.1061882525682449,-0.0823716521263122,-0.6090657114982605,-0.1185646429657936,0.0124841332435607,-0.3172870278358459,-0.0518637150526046,0.0392183661460876,-0.4524929523468017,-0.0875770971179008,0.0599632859230041,-0.5401616096496582,-0.1080876588821411,0.0788321495056152,-0.614606499671936,-0.1177976354956626,0.0588975548744201,-0.2765294909477234,-0.0564179979264736,0.0883486866950988,-0.2961369156837463,-0.1048617884516716,0.0621767044067382,-0.2166011929512024,-0.1128976047039032,0.0396282076835632,-0.1671206951141357,-0.1046119108796119,0.0938326120376586,-0.2147887349128723,-0.0660297647118568,0.1165865659713745,-0.2178989648818969,-0.1053443476557731,0.090297520160675,-0.1668788194656372,-0.1077983379364013,0.0637853741645813,-0.1325410604476928,-0.100402794778347,0.3239192366600036,0.3217402100563049,0.2883062064647674,0.243513211607933,0.3024510443210602,0.3116860389709472,0.121096022427082,0.0940692424774169,0.1613008230924606,0.4493933022022247,0.0423914678394794,0.4227819442749023,0.3024510443210602,0.0635713785886764,0.4227819442749023,0.1768221110105514
v_sign,0.0,0.0,0.0,-0.0540032386779785,-0.0512759089469909,-0.0568814128637313,-0.0569444298744201,-0.1396257877349853,-0.0838966891169548,0.0217137932777404,-0.1870955228805542,-0.1066387593746185,0.0881238579750061,-0.2200986742973327,-0.1244484037160873,-0.0448265075683593,-0.3166205286979675,-0.0535017810761928,-0.0576955676078796,-0.4507722854614258,-0.0877568051218986,-0.0669105648994445,-0.5348722338676453,-0.10708499699831,-0.073312759399414,-0.607964038848877,-0.119752749800682,0.0192382931709289,-0.319256067276001,-0.0512266792356967,0.0447141528129577,-0.451119065284729,-0.0876084715127945,0.0657145380973815,-0.54144287109375,-0.1085387021303176,0.0862488150596618,-0.6194405555725098,-0.1186494380235672,0.0652828812599182,-0.2776334881782532,-0.0555369593203067,0.0950686335563659,-0.292086660861969,-0.1046168059110641,0.0690016150474548,-0.2122533917427063,-0.1129829511046409,0.0460208058357238,-0.1631141901016235,-0.1046938970685005,0.0987181663513183,-0.2145714163780212,-0.065293975174427,0.1247963905334472,-0.2143691182136535,-0.1055294871330261,0.0980499386787414,-0.1691558361053466,-0.1097904369235038,0.0687235593795776,-0.1391152143478393,-0.1036650910973548,0.3242228031158447,0.32391157746315,0.2905624806880951,0.2450499385595321,0.3001361191272735,0.3148761391639709,0.1261035352945327,0.0898090079426765,0.1599775701761245,0.4583086669445038,0.0330518409609794,0.4201468527317047,0.3001361191272735,0.0641593411564827,0.4201468527317047,0.1765167117118835
v_sign,0.0,0.0,0.0,-0.0457600355148315,-0.0511060953140258,-0.0592239648103714,-0.0414780974388122,-0.1354619264602661,-0.0879921242594719,0.0422537922859191,-0.1831534504890442,-0.1123208627104759,0.106921374797821,-0.2175307869911193,-0.1315691322088241,-0.0376245975494384,-0.308554470539093,-0.0542683228850364,-0.0495959520339965,-0.4431663751602173,-0.0892093703150749,-0.0568627715110778,-0.527108907699585,-0.1088885739445686,-0.0619176030158996,-0.600439727306366,-0.1211947277188301,0.024680733680725,-0.3101807236671448,-0.0503117367625236,0.0504503846168518,-0.4430497884750366,-0.0874271243810653,0.0727449059486389,-0.531238317489624,-0.1085418835282325,0.0937986373901367,-0.60672926902771,-0.1179588362574577,0.06983482837677,-0.2685270309448242,-0.0529978685081005,0.1015455722808837,-0.2796211242675781,-0.1018550172448158,0.0746569633483886,-0.2025460004806518,-0.1087658107280731,0.0492739677429199,-0.1569054126739502,-0.0985180661082267,0.1026816964149475,-0.2065605521202087,-0.0612837448716163,0.133241057395935,-0.2092032432556152,-0.0983899235725402,0.1079815030097961,-0.1662400960922241,-0.0994670242071151,0.0784076452255249,-0.1384879946708679,-0.0907104536890983,0.3155416250228882,0.3152022957801819,0.2824755609035492,0.2386765480041504,0.3004435002803802,0.3119205832481384,0.1222874596714973,0.07803226262331,0.1558768004179,0.452439934015274,0.0353402234613895,0.4186089932918548,0.3004435002803802,0.0624520108103752,0.4186089932918548,0.1736025214195251
v_sign,0.0,0.0,0.0,-0.0398156642913818,-0.0492461919784545,-0.0593490563333034,-0.0283945798873901,-0.1322620511054992,-0.0870799794793129,0.0545686483383178,-0.1782879829406738,-0.1100784763693809,0.1161147952079773,-0.2184227705001831,-0.1281197816133499,-0.0280307531356811,-0.3080120682716369,-0.0500146001577377,-0.0402582287788391,-0.440861701965332,-0.0829207897186279,-0.0495305657386779,-0.5250334739685059,-0.1009182408452034,-0.0557435750961303,-0.59805828332901,-0.1116990745067596,0.0332189798355102,-0.3068329095840454,-0.0451010391116142,0.0604232549667358,-0.4398083090782165,-0.0807244330644607,0.0836510062217712,-0.5276526212692261,-0.1005676239728927,0.1050159931182861,-0.6031692624092102,-0.1084669083356857,0.0768094062805175,-0.2642267942428589,-0.0473383590579032,0.1095981001853942,-0.2802320718765259,-0.0984849631786346,0.0846546292304992,-0.202684998512268,-0.1067664921283721,0.0615276098251342,-0.1583486795425415,-0.0961520299315452,0.1082966327667236,-0.2036351561546325,-0.0546499416232109,0.1394585967063903,-0.2080113887786865,-0.0940371826291084,0.1157290339469909,-0.1638389825820922,-0.0961159393191337,0.0894566774368286,-0.137843370437622,-0.0873375236988067,0.3133027553558349,0.3119038939476013,0.2792067527770996,0.2370275408029556,0.2978250980377197,0.3114246129989624,0.1175860688090324,0.0758418217301368,0.1608732640743255,0.4471109807491302,0.0357518680393695,0.417046844959259,0.2978250980377197,0.0614578202366828,0.417046844959259,0.171759083867073
v_sign,0.0,0.0,0.0,-0.0398300290107727,-0.0439939498901367,-0.0603680834174156,-0.0320675373077392,-0.1231727600097656,-0.090053416788578,0.0490434765815734,-0.1686003804206848,-0.1152640208601951,0.1130297183990478,-0.2085297107696533,-0.1356182992458343,-0.0280919671058654,-0.3041833043098449,-0.0515614561736583,-0.0406780838966369,-0.4357581734657287,-0.0856670439243316,-0.0493725538253784,-0.5206955075263977,-0.1046076267957687,-0.0541704893112182,-0.5957750678062439,-0.1163328662514686,0.0331947803497314,-0.303843080997467,-0.0467452779412269,0.0602468848228454,-0.4360556006431579,-0.0830784365534782,0.0833942890167236,-0.521968424320221,-0.1033191531896591,0.1044200658798217,-0.5979236364364624,-0.1118477433919906,0.0766361355781555,-0.2610617876052856,-0.0489711835980415,0.1113753914833068,-0.2800551652908325,-0.1009752303361892,0.0880200266838073,-0.2004767060279846,-0.1079076007008552,0.065615177154541,-0.1533255577087402,-0.0963523685932159,0.1080285906791687,-0.1996284127235412,-0.0563080683350563,0.1412622332572937,-0.2057481408119201,-0.0953443050384521,0.1181841492652893,-0.1594405174255371,-0.0957582890987396,0.0922268629074096,-0.130364716053009,-0.085829421877861,0.3097986876964569,0.3092048466205597,0.2764498591423034,0.2338638007640838,0.2998352646827698,0.30950728058815,0.1182097047567367,0.076932854950428,0.158668503165245,0.4465572834014892,0.0366894304752349,0.4222402274608612,0.2998352646827698,0.0614766329526901,0.4222402274608612,0.1717063188552856
v_sign,0.0,0.0,0.0,-0.0423979759216308,-0.0427246689796447,-0.0591593123972415,-0.0375365614891052,-0.1219789385795593,-0.0884918421506881,0.0421191453933715,-0.1658889055252075,-0.1134318187832832,0.1056049466133117,-0.2040554285049438,-0.1335283070802688,-0.0310146212577819,-0.302122414112091,-0.0520882308483123,-0.0446780920028686,-0.433454692363739,-0.0858566164970398,-0.0533785820007324,-0.5178881883621216,-0.1045095324516296,-0.0579498410224914,-0.5929020643234253,-0.1162840127944946,0.0310953855514526,-0.3024014234542846,-0.0478136874735355,0.057418406009674,-0.4326645731925964,-0.0832369402050972,0.0805006623268127,-0.5181187391281128,-0.1032652035355568,0.102112591266632,-0.593389630317688,-0.1121549680829048,0.0750679969787597,-0.2600570917129516,-0.0503071323037147,0.106639564037323,-0.275655448436737,-0.1007166877388954,0.0819566249847412,-0.1976280212402343,-0.1077656149864196,0.0597506165504455,-0.1507964730262756,-0.0970575287938118,0.1075106263160705,-0.1990224123001098,-0.0579435229301452,0.1379106640815735,-0.2008246183395385,-0.0966225638985633,0.1140432357788086,-0.1559769511222839,-0.0978923738002777,0.0881102085113525,-0.1279349327087402,-0.0889051482081413,0.3081445097923279,0.3077331483364105,0.2753101885318756,0.233507826924324,0.2989973127841949,0.3063615560531616,0.1198253035545349,0.0799276456236839,0.1601164191961288,0.444872111082077,0.0373279750347137,0.422195702791214,0.2989973127841949,0.0622575506567955,0.422195702791214,0.1727806031703949
v_sign,0.0,0.0,0.0,-0.043288767337799,-0.0410214662551879,-0.0615426711738109,-0.0400270819664001,-0.1186555624008178,-0.0924595892429351,0.0405597686767578,-0.1656338572502136,-0.1183512136340141,0.1059204339981079,-0.2052833437919616,-0.1392570286989212,-0.0362355709075927,-0.3017838597297668,-0.0551776923239231,-0.0488163828849792,-0.4331984519958496,-0.0898361206054687,-0.0572568774223327,-0.5180425643920898,-0.108957327902317,-0.0626150965690612,-0.593002200126648,-0.1208013445138931,0.0256061553955078,-0.3030350804328918,-0.0499396994709968,0.0525891780853271,-0.4342602491378784,-0.0860394984483718,0.0764181017875671,-0.5204575061798096,-0.1055472493171691,0.0978612899780273,-0.5953322052955627,-0.1135382801294326,0.0696274042129516,-0.260981798171997,-0.0516279675066471,0.1032062172889709,-0.2733483910560608,-0.1022944897413253,0.0798539519309997,-0.1943705081939697,-0.1085335090756416,0.0578576326370239,-0.1474955677986145,-0.0968586057424545,0.1024072766304016,-0.1992449760437011,-0.0586608946323394,0.1340391039848327,-0.1995050311088562,-0.0969470515847206,0.1110759377479553,-0.1523760557174682,-0.0971274524927139,0.0852038860321044,-0.1228031516075134,-0.0870775505900383,0.308919221162796,0.3081881105899811,0.2749998569488525,0.2315748482942581,0.299683928489685,0.3077388405799866,0.1227333024144172,0.0833475589752197,0.1606575697660446,0.4499290585517883,0.0381208881735801,0.4231674969196319,0.299683928489685,0.0620757713913917,0.4231674969196319,0.1724766492843628
v_sign,0.0,0.0,0.0,-0.0495402216911315,-0.0398304462432861,-0.0588037073612213,-0.0522180795669555,-0.1164377927780151,-0.0886639133095741,0.0244926810264587,-0.1633853316307068,-0.1144502386450767,0.0885158777236938,-0.2022088766098022,-0.135709747672081,-0.0463817715644836,-0.2968976497650146,-0.0531595945358276,-0.0595014691352844,-0.4286070466041565,-0.0880319103598594,-0.0673970580101013,-0.5133610963821411,-0.106859840452671,-0.071132481098175,-0.5882945656776428,-0.1185001134872436,0.0160045623779296,-0.2994018793106079,-0.049926608800888,0.044089138507843,-0.4302811026573181,-0.0853157788515091,0.0653528571128845,-0.516755223274231,-0.1048353016376495,0.0865015387535095,-0.5911518335342407,-0.1136537492275238,0.0604780316352844,-0.2568417191505432,-0.05360808968544,0.0888340473175048,-0.2737056612968445,-0.1036941707134246,0.0621901154518127,-0.1989864110946655,-0.1115003749728202,0.0428375005722045,-0.152917742729187,-0.1017384156584739,0.0922355055809021,-0.1941954493522644,-0.0623109154403209,0.1137952208518982,-0.1995521783828735,-0.099390797317028,0.0852863192558288,-0.160456895828247,-0.1006825640797615,0.0590974688529968,-0.1356531381607055,-0.0924681946635246,0.3051645755767822,0.3039577007293701,0.2692565619945526,0.2238345742225647,0.2996567189693451,0.3068371117115021,0.1158788576722145,0.0737210512161254,0.1577343791723251,0.4405651390552521,0.0254635047167539,0.4181458055973053,0.2996567189693451,0.06252022087574,0.4181458055973053,0.1727606356143951
v_sign,0.0,0.0,0.0,-0.0499876141548156,-0.0421627759933471,-0.0578636452555656,-0.0514191389083862,-0.1238735318183898,-0.0848961248993873,0.0255709290504455,-0.1715344190597534,-0.107780709862709,0.0892670154571533,-0.2053969502449035,-0.1266126632690429,-0.0459588170051574,-0.3035283088684082,-0.0515127778053283,-0.0599418878555297,-0.4375920295715332,-0.084769457578659,-0.0677233934402465,-0.524268627166748,-0.1032408773899078,-0.073250412940979,-0.599956750869751,-0.1146665662527084,0.01689213514328,-0.3051837086677551,-0.0487429685890674,0.0457100272178649,-0.4370718598365783,-0.0830218344926834,0.066985547542572,-0.5265733003616333,-0.1024508029222488,0.0861279964447021,-0.6035254001617432,-0.1107837185263633,0.0615698099136352,-0.2617284655570984,-0.0528717711567878,0.0933221578598022,-0.2795374989509582,-0.1035808995366096,0.067128300666809,-0.200813353061676,-0.1122021973133087,0.0466474294662475,-0.1531033515930175,-0.1022002696990966,0.0933377146720886,-0.1975355744361877,-0.0619047805666923,0.1190098524093627,-0.2038965821266174,-0.1012897938489914,0.0922709703445434,-0.1589125394821167,-0.1032028198242187,0.0658814907073974,-0.1286743879318237,-0.0946216583251953,0.3112799525260925,0.3095130324363708,0.2740220129489898,0.2270780354738235,0.3043074607849121,0.3124906420707702,0.1202305853366851,0.0810314789414405,0.1594656258821487,0.4522304534912109,0.0320024825632572,0.4268864393234253,0.3043074607849121,0.0629337280988693,0.4268864393234253,0.1753453016281128
v_sign,0.0,0.0,0.0,-0.0477693676948547,-0.045167326927185,-0.0570070967078208,-0.0456242561340332,-0.1260892152786255,-0.0823076516389846,0.0297604203224182,-0.1676208972930908,-0.102752685546875,0.0907710790634155,-0.1998862028121948,-0.1189537644386291,-0.0446099042892456,-0.3007794618606567,-0.0533407293260097,-0.0599172115325927,-0.4346860647201538,-0.0858214572072029,-0.0681236982345581,-0.5186489820480347,-0.1018324047327041,-0.0746509432792663,-0.5914714336395264,-0.1107485815882682,0.0176396965980529,-0.3007395267486572,-0.0498221144080162,0.0446309447288513,-0.4376747012138366,-0.0833805948495864,0.0674399137496948,-0.5243937969207764,-0.0995212644338607,0.0869281888008117,-0.598193347454071,-0.1043891459703445,0.0623639822006225,-0.257217526435852,-0.0531139560043811,0.0952730178833007,-0.2651246786117553,-0.1024157181382179,0.0715194940567016,-0.187507688999176,-0.1104387864470481,0.0497245192527771,-0.1439361572265625,-0.099882997572422,0.0936720967292785,-0.1930980682373047,-0.0612237229943275,0.120755136013031,-0.1874281764030456,-0.0998418927192688,0.0954583287239074,-0.1373036503791809,-0.1018464565277099,0.0680034160614013,-0.1056590676307678,-0.0933719351887703,0.308712750673294,0.3053484261035919,0.2699466943740845,0.2231808006763458,0.2978253960609436,0.3102535009384155,0.1232061982154846,0.0966331586241722,0.1618438810110092,0.4558004140853882,0.0429144203662872,0.4251714646816253,0.2978253960609436,0.0623489767313003,0.4251714646816253,0.1754404008388519
v_sign,0.0,0.0,0.0,-0.0510349869728088,-0.042386770248413,-0.0505996644496917,-0.0606764554977417,-0.1256049871444702,-0.0750218257308006,0.0076798200607299,-0.1767597794532776,-0.0968628972768783,0.0671595931053161,-0.2104952931404113,-0.115415945649147,-0.0529119372367858,-0.3060494661331177,-0.0465412661433219,-0.0675085186958313,-0.4397894144058227,-0.0787927284836769,-0.0755366086959838,-0.5240738391876221,-0.0956349149346351,-0.0800639390945434,-0.5989066958427429,-0.1057293936610221,0.0108266472816467,-0.3107252120971679,-0.0474323369562625,0.0392821431159973,-0.4464966058731079,-0.0801521986722946,0.0601385235786438,-0.5361708402633667,-0.0985984057188034,0.0803322792053222,-0.6115336418151855,-0.1061626821756362,0.0583810806274414,-0.2694597244262695,-0.0543513409793376,0.0864115357398986,-0.2848149538040161,-0.1025427654385566,0.0603298544883728,-0.2060223817825317,-0.1107861027121543,0.0421231985092163,-0.1551457047462463,-0.1012759059667587,0.0931923985481262,-0.2053005695343017,-0.0656826645135879,0.1136313080787658,-0.19987553358078,-0.1034194678068161,0.0867755413055419,-0.1477336287498474,-0.104994423687458,0.0647978782653808,-0.1119416952133178,-0.0962879434227943,0.3140573799610138,0.3145110607147217,0.2810177206993103,0.2348347455263137,0.3000096976757049,0.3142705857753753,0.1246351823210716,0.1022683307528495,0.160893052816391,0.4580106735229492,0.0490469932556152,0.4154900908470154,0.3000096976757049,0.0639160647988319,0.4154900908470154,0.1785026937723159
v_sign,0.0,0.0,0.0,-0.0487139225006103,-0.0444322824478149,-0.0520271435379982,-0.0590192675590515,-0.1288252472877502,-0.0775206834077835,0.009775161743164,-0.1804924011230468,-0.0999746471643447,0.0716277956962585,-0.2115900516510009,-0.1195437684655189,-0.0443792939186096,-0.3118732571601867,-0.0512579418718814,-0.0602604746818542,-0.4431719183921814,-0.0849619656801223,-0.0691030621528625,-0.5256500244140625,-0.1040856540203094,-0.074566900730133,-0.5998202562332153,-0.1167506650090217,0.0200660824775695,-0.3122440576553345,-0.0525390096008777,0.046592891216278,-0.4501979947090149,-0.0859768167138099,0.0678330063819885,-0.5374442338943481,-0.1070135310292244,0.0891545414924621,-0.6141370534896851,-0.1176893711090087,0.0664963722229003,-0.2630717158317566,-0.0595571659505367,0.0935230255126953,-0.2811247110366821,-0.1086710467934608,0.0688495635986328,-0.2067185044288635,-0.1198069974780082,0.0520550012588501,-0.1574361324310302,-0.1135971695184707,0.098459780216217,-0.1898992657661438,-0.0709947943687439,0.1200340390205383,-0.1818611025810241,-0.1119182482361793,0.101519227027893,-0.1342107057571411,-0.1164648234844207,0.0870886445045471,-0.1002514362335205,-0.1104585751891136,0.319157987833023,0.3172685801982879,0.2778048813343048,0.225380390882492,0.2968401610851288,0.3164761662483215,0.1195313781499862,0.0986074358224868,0.1643489003181457,0.4582235813140869,0.0671363994479179,0.4148534834384918,0.2968401610851288,0.0644591748714447,0.4148534834384918,0.1888655573129654
v_sign,0.0,0.0,0.0,-0.0446951389312744,-0.0472612380981445,-0.0504337698221206,-0.0490917563438415,-0.131879448890686,-0.0745212286710739,0.0184903144836425,-0.1782556772232055,-0.0959017872810363,0.0781482458114624,-0.2123918533325195,-0.1144015789031982,-0.0402497053146362,-0.3109878897666931,-0.0483869463205337,-0.0563581585884094,-0.4446272253990173,-0.0815752148628234,-0.0646763443946838,-0.5277660489082336,-0.0985346361994743,-0.0691625475883483,-0.6017166376113892,-0.1082257479429245,0.0232175588607788,-0.3078785538673401,-0.0489561967551708,0.0515812635421752,-0.4462841153144836,-0.0813088044524192,0.071995735168457,-0.5334959626197815,-0.1000329703092575,0.0934414267539978,-0.610249400138855,-0.1075974330306053,0.0689423680305481,-0.2588055729866028,-0.0552471578121185,0.0963927507400512,-0.2750535011291504,-0.1026916205883026,0.0668470859527587,-0.2015785574913025,-0.1124216392636299,0.0474048256874084,-0.1562959551811218,-0.1040517091751098,0.1010017395019531,-0.1891415119171142,-0.0656605213880539,0.1173966526985168,-0.1721606850624084,-0.1021433174610138,0.0911084413528442,-0.1260854005813598,-0.1042980551719665,0.0718745589256286,-0.0961794853210449,-0.0962151065468788,0.3172929286956787,0.3126099407672882,0.2734695971012115,0.2242479920387268,0.2982278764247894,0.3159087002277374,0.115559384226799,0.1020975708961486,0.1628289073705673,0.4562956094741821,0.0653771385550499,0.4163080751895904,0.2982278764247894,0.0635459348559379,0.4163080751895904,0.1873416304588318
v_sign,0.0,0.0,0.0,-0.048550546169281,-0.0421258807182312,-0.0525266490876674,-0.0609256029129028,-0.122956097126007,-0.0808983147144317,0.0075204968452453,-0.1686999797821045,-0.1066530793905258,0.0725594162940979,-0.2036694288253784,-0.1285128593444824,-0.0471813678741455,-0.3080902695655823,-0.0509483143687248,-0.0625618696212768,-0.4427051544189453,-0.0859646797180175,-0.0720202922821044,-0.5266446471214294,-0.1051300093531608,-0.0760028958320617,-0.6013514995574951,-0.1172216981649398,0.0163754820823669,-0.3077154159545898,-0.0514538288116455,0.0425733923912048,-0.444823682308197,-0.0854247212409973,0.0612916350364685,-0.5333889722824097,-0.1057751923799514,0.0820411443710327,-0.610498309135437,-0.115693911910057,0.0620368123054504,-0.2610954642295837,-0.0578336156904697,0.0839300751686096,-0.2833660840988159,-0.105672538280487,0.0544493794441223,-0.2098587155342102,-0.1130261197686195,0.0353951454162597,-0.1611582040786743,-0.1036113426089286,0.0936382412910461,-0.1937885880470276,-0.068885400891304,0.109982430934906,-0.1931946277618408,-0.1057701185345649,0.0848728418350219,-0.1560744047164917,-0.1069991588592529,0.065135657787323,-0.1298776865005493,-0.0984728932380676,0.3158186674118042,0.3124170899391174,0.2745252847671509,0.2259808331727981,0.3020347654819488,0.316411554813385,0.1131054162979126,0.0759764462709426,0.1583158820867538,0.451916366815567,0.0434669107198715,0.4246755242347717,0.3020347654819488,0.0635599717497825,0.4246755242347717,0.1822547018527984
v_sign,0.0,0.0,0.0,-0.048730194568634,-0.0486438274383544,-0.0505489856004715,-0.0606739521026611,-0.1334826350212097,-0.0787698328495025,0.0080939531326293,-0.1819174885749817,-0.1049114763736724,0.0723777413368225,-0.2193570733070373,-0.1273394376039505,-0.0488319396972656,-0.3128312230110168,-0.0500978007912635,-0.0651608705520629,-0.4474701881408691,-0.084769032895565,-0.0746039152145385,-0.5315349698066711,-0.1036874577403068,-0.0787140727043151,-0.6056526899337769,-0.1154843345284462,0.0146796703338623,-0.3111979961395263,-0.0519768558442592,0.0416151881217956,-0.4483854174613952,-0.0872876495122909,0.0603378415107727,-0.5417112112045288,-0.1083257645368576,0.0805354118347168,-0.6220071315765381,-0.1178992241621017,0.0609354376792907,-0.263871431350708,-0.0594500191509723,0.0846278071403503,-0.2909524440765381,-0.1095756590366363,0.057011067867279,-0.213761031627655,-0.1175116300582885,0.0383612513542175,-0.1634200811386108,-0.1074231788516044,0.0939804315567016,-0.1946116685867309,-0.0711534917354583,0.1101675033569336,-0.1963467597961425,-0.1106381490826606,0.0904493331909179,-0.156362771987915,-0.1121764853596687,0.0751521587371826,-0.1289126873016357,-0.1029150411486625,0.3205584585666656,0.3158501088619232,0.2772644460201263,0.2275276631116867,0.3015173971652984,0.3244765996932983,0.1135847344994545,0.0753634944558143,0.1601052731275558,0.4606413841247558,0.0506424158811569,0.4149621129035949,0.3015173971652984,0.0635603889822959,0.4149621129035949,0.1865866482257843
v_sign,0.0,0.0,0.0,-0.0495530366897583,-0.0481777191162109,-0.0523955039680004,-0.0599806904792785,-0.1323769688606262,-0.0832301676273346,0.0113458037376403,-0.1798271536827087,-0.1115994155406951,0.075502872467041,-0.2184047698974609,-0.136123314499855,-0.0451207756996154,-0.315453827381134,-0.0531616508960723,-0.0601683259010314,-0.4492549896240234,-0.0891492217779159,-0.07012540102005,-0.5329408645629883,-0.1103597208857536,-0.0743032097816467,-0.6063930988311768,-0.1243100687861442,0.0177452564239501,-0.3140626549720764,-0.0546219944953918,0.0446758866310119,-0.4503573179244995,-0.0917545780539512,0.0638191103935241,-0.5417972803115845,-0.1151918619871139,0.0851277709007263,-0.6226676106452942,-0.1272759437561035,0.0634562969207763,-0.2679923772811889,-0.0615331716835498,0.0845362544059753,-0.2980316877365112,-0.110660620033741,0.0540587902069091,-0.2234631776809692,-0.1174416095018386,0.0341923236846923,-0.1741509437561035,-0.1078894510865211,0.0964494943618774,-0.2003960609436035,-0.073066733777523,0.1087576746940612,-0.2133843898773193,-0.1107581257820129,0.0844168066978454,-0.1769668459892273,-0.1104611754417419,0.0659113526344299,-0.1503005623817443,-0.1007864102721214,0.3230683505535126,0.3192707300186157,0.282193124294281,0.2340936362743377,0.3009308278560638,0.3241234719753265,0.1086807250976562,0.0648884996771812,0.1602869033813476,0.4518157243728637,0.0403161346912384,0.4160725474357605,0.3009308278560638,0.0628983825445175,0.4160725474357605,0.1835119724273681
v_sign,0.0,0.0,0.0,-0.0475456118583679,-0.0507204532623291,-0.0497142225503921,-0.0574327707290649,-0.1350593566894531,-0.0789180397987365,0.0119871497154235,-0.182824432849884,-0.1063600182533264,0.0756508708000183,-0.2230854034423828,-0.1299727112054824,-0.0447354912757873,-0.3152965903282165,-0.0499214865267276,-0.0605064034461975,-0.4514555931091308,-0.0850174129009246,-0.0697733163833618,-0.53581702709198,-0.1045970469713211,-0.0732539892196655,-0.6100648641586304,-0.1171663105487823,0.0193561315536499,-0.3143044710159302,-0.052363958209753,0.0449503064155578,-0.4508257508277893,-0.0884216651320457,0.0647919178009033,-0.5437785983085632,-0.1109632700681686,0.0860903263092041,-0.6247736215591431,-0.1222360804677009,0.066010296344757,-0.2693713307380676,-0.0601911842823028,0.0861440896987915,-0.2996989488601684,-0.109186977148056,0.06060391664505,-0.2258011102676391,-0.1175016984343528,0.0439231991767883,-0.1750537157058715,-0.1088638454675674,0.0995821952819824,-0.2025912404060363,-0.0723940134048461,0.1137004494667053,-0.2045270800590515,-0.1107207834720611,0.0962547063827514,-0.1669548749923706,-0.1128210201859474,0.0836644768714904,-0.139419674873352,-0.1046622022986412,0.3223435282707214,0.3192239701747894,0.2837979197502136,0.2370669096708297,0.3036832511425018,0.3251563608646393,0.1084097847342491,0.0726997703313827,0.1601020246744156,0.4518903195858001,0.0535425804555416,0.4148370623588562,0.3036832511425018,0.0641458183526992,0.4148370623588562,0.1844860613346099
v_sign,0.0,0.0,0.0,-0.0465923547744751,-0.0520839691162109,-0.0456615500152111,-0.0504619479179382,-0.1385930776596069,-0.0715969875454902,0.0194230675697326,-0.1855153441429138,-0.0965523421764373,0.0809835791587829,-0.2223085165023803,-0.1180791333317756,-0.0398305058479309,-0.3153214454650879,-0.0426386296749115,-0.0552888512611389,-0.4498150944709778,-0.0747878849506378,-0.0647689700126648,-0.532284140586853,-0.0929911509156227,-0.0693498253822326,-0.6049154996871948,-0.1045959442853927,0.0234021544456481,-0.3125509023666382,-0.0459435172379016,0.0506028532981872,-0.4479780197143554,-0.0794198960065841,0.06906658411026,-0.5387866497039795,-0.1014613434672355,0.0889912843704223,-0.6195448040962219,-0.1126982718706131,0.0691226720809936,-0.2674774527549743,-0.0544095821678638,0.0885165929794311,-0.299770176410675,-0.1006552949547767,0.0594273209571838,-0.2293684482574463,-0.1084492057561874,0.0413818359375,-0.1831265687942505,-0.0998984575271606,0.1019132733345031,-0.2028594017028808,-0.0668196380138397,0.1117031574249267,-0.2123987078666687,-0.100654013454914,0.0834948420524597,-0.1749017238616943,-0.0999549180269241,0.063137948513031,-0.1465157270431518,-0.0906247869133949,0.3206745088100433,0.3167752027511596,0.2815715372562408,0.2366497814655304,0.2976152300834656,0.3209414184093475,0.0997690558433532,0.072421133518219,0.1592217683792114,0.439193993806839,0.0435853563249111,0.4113028347492218,0.2976152300834656,0.0633795484900474,0.4113028347492218,0.1825478821992874
v_sign,0.0,0.0,0.0,-0.0500067472457885,-0.0502388477325439,-0.049522541463375,-0.0596922636032104,-0.135771095752716,-0.0774961560964584,0.007991075515747,-0.1848871111869812,-0.103975161910057,0.0696463584899902,-0.2262458801269531,-0.1264537274837494,-0.0467262864112854,-0.3124619722366333,-0.0453917384147644,-0.0636298060417175,-0.4475528597831726,-0.0798351913690567,-0.073066771030426,-0.530359148979187,-0.0992029160261154,-0.0769657492637634,-0.6036966443061829,-0.1111885979771614,0.0167035460472106,-0.3125188946723938,-0.0471181645989418,0.0432199835777282,-0.4505993127822876,-0.083450473845005,0.061582863330841,-0.542631983757019,-0.1056477576494216,0.0818985700607299,-0.6242923140525818,-0.1159187480807304,0.0633845329284668,-0.269793152809143,-0.0545214600861072,0.0783693194389343,-0.2983859181404114,-0.1034246832132339,0.0476108789443969,-0.2211594581604004,-0.1098753362894058,0.0296167731285095,-0.1736121773719787,-0.0993059426546096,0.0977794528007507,-0.2066169381141662,-0.0662356913089752,0.1040772199630737,-0.2170636653900146,-0.1009297147393226,0.0723351836204528,-0.1727056503295898,-0.0985329002141952,0.050255537033081,-0.1423441767692566,-0.0874992907047271,0.3191805779933929,0.3164920210838318,0.2824509441852569,0.2379885464906692,0.3001021146774292,0.3258628249168396,0.1113404333591461,0.0827142745256424,0.1602636128664016,0.4540065824985504,0.0392815917730331,0.4052125513553619,0.3001021146774292,0.0634533539414405,0.4052125513553619,0.1803317815065384
v_sign,0.0,0.0,0.0,-0.0519329905509948,-0.0494271516799926,-0.0444150976836681,-0.0663185119628906,-0.1362010836601257,-0.0703092962503433,-0.0028550624847412,-0.1842607259750366,-0.0954388305544853,0.0564184784889221,-0.219193696975708,-0.1175426244735717,-0.0464551448822021,-0.3155449628829956,-0.044721346348524,-0.0646795034408569,-0.4492629766464233,-0.0778596997261047,-0.0753251314163208,-0.53260338306427,-0.0969102010130882,-0.0812761783599853,-0.6061818599700928,-0.1092520579695701,0.0177774429321289,-0.312200665473938,-0.0487376078963279,0.0417318940162658,-0.4507082104682922,-0.0829040259122848,0.0578961372375488,-0.5423521399497986,-0.1046647056937217,0.0763534903526306,-0.6249626874923706,-0.1158749312162399,0.0666005611419677,-0.2673377394676208,-0.0574852749705314,0.077154517173767,-0.3004965186119079,-0.1019470617175102,0.0470656156539917,-0.2253512144088745,-0.1070153713226318,0.03035169839859,-0.1769584417343139,-0.0975052714347839,0.1030831336975097,-0.2023630142211914,-0.0702682137489318,0.1019893884658813,-0.21387380361557,-0.1007628515362739,0.0711360573768615,-0.1697990894317627,-0.0966373234987258,0.0521723628044128,-0.1384584307670593,-0.0857793688774108,0.3220663070678711,0.3164816796779632,0.2814421057701111,0.2377278804779052,0.2997440993785858,0.3252055943012237,0.1052805632352829,0.0831642895936966,0.1588826477527618,0.4507343471050262,0.0457808822393417,0.4108386635780334,0.2997440993785858,0.064444862306118,0.4108386635780334,0.1892735958099365
v_sign,0.0,0.0,0.0,-0.0553100705146789,-0.0533099770545959,-0.0404693484306335,-0.0724098086357116,-0.1508034467697143,-0.062164269387722,-0.0053228139877319,-0.2050140500068664,-0.0843233615159988,0.058216392993927,-0.238305389881134,-0.1038940027356147,-0.0525318384170532,-0.3237510919570923,-0.0348859168589115,-0.0693318843841552,-0.4585328698158264,-0.0667757019400596,-0.0783697962760925,-0.5425249338150024,-0.0851635113358497,-0.0833539366722107,-0.6149618029594421,-0.096940778195858,0.0125172734260559,-0.321894884109497,-0.0404756888747215,0.0370129942893981,-0.4612269401550293,-0.0743202418088913,0.0508290529251098,-0.5544557571411133,-0.096245564520359,0.0671263933181762,-0.6347782611846924,-0.1065726354718208,0.0629448890686035,-0.2785993814468384,-0.0510630421340465,0.0685418844223022,-0.3139859437942505,-0.0959209650754928,0.0375372767448425,-0.2345771789550781,-0.1008268967270851,0.0222433805465698,-0.1825290918350219,-0.0901376605033874,0.1008281707763671,-0.2140742540359497,-0.0654593259096145,0.0948854088783264,-0.2294254302978515,-0.096972681581974,0.0635097622871398,-0.181365430355072,-0.0926365330815315,0.046500027179718,-0.1470584869384765,-0.080741174519062,0.3298353850841522,0.3246710300445556,0.2901501357555389,0.2455178797245025,0.2993400692939758,0.3244179189205169,0.11141337454319,0.0876139029860496,0.1520848274230957,0.4547680020332336,0.0439868457615375,0.4024432301521301,0.2993400692939758,0.0653152167797088,0.4024432301521301,0.1910053193569183
v_sign,0.0,0.0,0.0,-0.0547240376472473,-0.0549155473709106,-0.0439875312149524,-0.0686371922492981,-0.1503288149833679,-0.0696831718087196,0.0014692544937133,-0.2048695683479309,-0.0955125987529754,0.0647475719451904,-0.2425754070281982,-0.1185247749090194,-0.0439398884773254,-0.3298020362854004,-0.0404469557106494,-0.0615232586860656,-0.4630357027053833,-0.0756589174270629,-0.0710991621017456,-0.5468268394470215,-0.0968817472457885,-0.0770857334136962,-0.6196024417877197,-0.111392505466938,0.0208759307861328,-0.3276865482330322,-0.0464934892952442,0.0443396568298339,-0.466202437877655,-0.0857926830649375,0.0610791444778442,-0.557939350605011,-0.1110914647579193,0.0799341201782226,-0.6395319700241089,-0.1239663213491439,0.0693164467811584,-0.2822049856185913,-0.0576786212623119,0.0793828964233398,-0.3224425911903381,-0.1076678037643432,0.0483523607254028,-0.2412105798721313,-0.1132832467555999,0.0305849313735961,-0.1911948919296264,-0.1030621007084846,0.1057952046394348,-0.2140530347824096,-0.0729145631194114,0.104788601398468,-0.2317374348640442,-0.1100969761610031,0.0719690322875976,-0.1816425323486328,-0.1078830435872078,0.0503529906272888,-0.1477646827697754,-0.0971585884690284,0.3351657092571258,0.3316261768341064,0.296262115240097,0.2496554851531982,0.3001936078071594,0.3267070353031158,0.1088238358497619,0.0897538736462593,0.1587782055139541,0.4515290260314941,0.0480812899768352,0.402885764837265,0.3001936078071594,0.0651316046714782,0.402885764837265,0.1920223385095596
v_sign,0.0,0.0,0.0,-0.0518952012062072,-0.0555167198181152,-0.0388624966144561,-0.0700137019157409,-0.1548764705657959,-0.0604425966739654,-0.0036489963531494,-0.20699542760849,-0.0831347480416297,0.0605157017707824,-0.2428399324417114,-0.1035909578204155,-0.0405359268188476,-0.3336293697357178,-0.0335965566337108,-0.0596281290054321,-0.4701299667358398,-0.0653035044670105,-0.0688761472702026,-0.5541914105415344,-0.0830092132091522,-0.0729220509529113,-0.6271710991859436,-0.0941363349556922,0.0251216292381286,-0.3297120928764343,-0.0404046066105365,0.0502839088439941,-0.4740002155303955,-0.073818989098072,0.0645119547843933,-0.5655530691146851,-0.0960974991321563,0.0812136530876159,-0.6431879997253418,-0.1065279319882392,0.075579822063446,-0.2844812273979187,-0.0520978383719921,0.0781750679016113,-0.3181701898574829,-0.0981723740696907,0.045208990573883,-0.2386730313301086,-0.1064381897449493,0.0282603502273559,-0.1876032352447509,-0.0978658348321914,0.1133379936218261,-0.2184957861900329,-0.0671748220920562,0.1040566563606262,-0.2264059782028198,-0.1000163108110427,0.0680379867553711,-0.17569100856781,-0.0982034802436828,0.047015368938446,-0.1402578353881836,-0.0880879461765289,0.3377579748630523,0.3331271409988403,0.298924833536148,0.2551438212394714,0.3014642000198364,0.325247198343277,0.1171289384365081,0.1046767681837081,0.1554602980613708,0.4587336182594299,0.0518550351262092,0.4069465100765228,0.3014642000198364,0.0661257058382034,0.4069465100765228,0.1950908154249191
v_sign,0.0,0.0,0.0,-0.0553939342498779,-0.0601845979690551,-0.0378790572285652,-0.0753369331359863,-0.1593286991119384,-0.0594934187829494,-0.0101291537284851,-0.2140979170799255,-0.0826169922947883,0.054060935974121,-0.251903235912323,-0.1033871695399284,-0.0444746613502502,-0.3353776335716247,-0.0312628708779811,-0.0652693510055542,-0.4745395183563232,-0.0634338557720184,-0.0748212337493896,-0.5592342019081116,-0.0810115784406662,-0.0777124166488647,-0.6327083110809326,-0.0914800390601158,0.0213161706924438,-0.3328028321266174,-0.0381050743162632,0.0462567210197448,-0.4783627390861511,-0.0717734992504119,0.0607012510299682,-0.571054220199585,-0.0930326506495475,0.0777519941329956,-0.6464905142784119,-0.1022145971655845,0.0720324516296386,-0.2886379957199096,-0.0500665716826915,0.0743274688720703,-0.3269380331039428,-0.0964245125651359,0.0433774590492248,-0.2487745285034179,-0.1042287647724151,0.0277503728866577,-0.195972204208374,-0.0947558581829071,0.1104095578193664,-0.2224128246307373,-0.0652815699577331,0.1023262739181518,-0.2386065125465393,-0.0976728796958923,0.0669752955436706,-0.1918349266052246,-0.0951199457049369,0.0459048151969909,-0.1559141874313354,-0.0841413959860801,0.3397550880908966,0.3356547355651855,0.3016740381717682,0.2567477524280548,0.305182546377182,0.3251076638698578,0.1120043918490409,0.0945442914962768,0.1564428359270095,0.45334592461586,0.0452426262199878,0.4031358361244201,0.305182546377182,0.0661957636475563,0.4031358361244201,0.1946983337402343
v_sign,0.0,0.0,0.0,-0.0570100545883178,-0.0551048517227172,-0.0417553819715976,-0.0786572098731994,-0.1510483026504516,-0.0652452036738395,-0.0157611370086669,-0.2106870412826538,-0.0896576792001724,0.0488973259925842,-0.248669147491455,-0.1114158332347869,-0.0517386794090271,-0.3395131826400757,-0.035415131598711,-0.0712001919746398,-0.4792828559875488,-0.0677149668335914,-0.0802634358406066,-0.5638778805732727,-0.0849985778331756,-0.0830371379852294,-0.6371719837188721,-0.0953923165798187,0.0159080624580383,-0.3373206853866577,-0.0414662472903728,0.0425248742103576,-0.4802864789962768,-0.075701780617237,0.0572404265403747,-0.5725407600402832,-0.0974490791559219,0.074361503124237,-0.6500421166419983,-0.1069044172763824,0.0678117871284484,-0.2918975949287414,-0.0527436882257461,0.069179892539978,-0.3176903128623962,-0.1011706292629242,0.0381606221199035,-0.232231318950653,-0.1100737825036048,0.0246314406394958,-0.1760443449020385,-0.1008254215121269,0.1059535145759582,-0.2234812378883361,-0.0676332414150238,0.0940817594528198,-0.2231755852699279,-0.1032231599092483,0.0581883192062377,-0.1678430438041687,-0.1028695106506347,0.0395288467407226,-0.1272530555725097,-0.0928209647536277,0.3452540040016174,0.3402319252490997,0.304277092218399,0.2564064562320709,0.3052500784397125,0.3247978687286377,0.1326588541269302,0.1196098700165748,0.1583429872989654,0.4766381382942199,0.0516390725970268,0.4106067419052124,0.3052500784397125,0.0679522231221199,0.4106067419052124,0.1984143257141113
v_sign,0.0,0.0,0.0,-0.0572695136070251,-0.0512795448303222,-0.0375751107931137,-0.0876558721065521,-0.1481243371963501,-0.0600413866341114,-0.0289626121520996,-0.2033565044403076,-0.0847078934311866,0.0338121652603149,-0.2414497137069702,-0.1070633828639984,-0.0618646740913391,-0.3349900841712951,-0.0357675999402999,-0.0822167694568634,-0.4736263751983642,-0.067020833492279,-0.093509703874588,-0.5575318336486816,-0.0827246084809303,-0.0970978438854217,-0.6303524971008301,-0.092522881925106,0.0065736174583435,-0.32976895570755,-0.0451244823634624,0.0280855298042297,-0.4748639464378357,-0.080167256295681,0.0422038435935974,-0.5696998834609985,-0.1021543592214584,0.0610867738723754,-0.6498671770095825,-0.1120290085673332,0.0616554021835327,-0.2817335128784179,-0.0590916387736797,0.0550299882888793,-0.3091002702713012,-0.1088416054844856,0.0210912227630615,-0.2204488515853881,-0.1176779121160507,0.0073728561401367,-0.1639639139175415,-0.1083916425704956,0.1023938059806823,-0.211003839969635,-0.0761610269546508,0.0791412591934204,-0.2111752033233642,-0.1127131432294845,0.0380916595458984,-0.1608847379684448,-0.1130838543176651,0.0172045230865478,-0.126254916191101,-0.1039326936006546,0.3425272405147552,0.3329069018363952,0.2943925559520721,0.2465920001268386,0.3028225898742676,0.3315279483795166,0.1387327015399933,0.1233323141932487,0.1605729907751083,0.4888767004013061,0.039223875850439,0.4106023013591766,0.3028225898742676,0.0692720115184784,0.4106023013591766,0.2097261697053909
v_sign,0.0,0.0,0.0,-0.0654276907444,-0.0517631769180297,-0.0455533973872661,-0.0965668559074401,-0.1325889229774475,-0.0713952779769897,-0.0361198186874389,-0.1919342279434204,-0.0969560444355011,0.0288375616073608,-0.2292585372924804,-0.1185342669486999,-0.0678069591522216,-0.3231682181358337,-0.0420350432395935,-0.0895699858665466,-0.4699413776397705,-0.0710034668445587,-0.1002911925315857,-0.5529762506484985,-0.0864283591508865,-0.1082169711589813,-0.6277890205383301,-0.0968210399150848,-0.0029331445693969,-0.3244498372077942,-0.0458788499236106,0.0190236568450927,-0.4748686552047729,-0.0765915140509605,0.0327673554420471,-0.5705757737159729,-0.094461940228939,0.046632707118988,-0.6501394510269165,-0.1033342480659484,0.0492370128631591,-0.2782449126243591,-0.0552230365574359,0.0480385422706604,-0.3180241584777832,-0.0967895537614822,0.0264601707458496,-0.2322743535041809,-0.0997228920459747,0.0190529227256774,-0.1734154224395752,-0.0887049660086631,0.0862112641334533,-0.2060167789459228,-0.0692341700196266,0.085604190826416,-0.2378405332565307,-0.0972405597567558,0.0557815432548522,-0.1954590678215026,-0.0921434611082077,0.0394302010536193,-0.1559184789657592,-0.0811012536287307,0.3328699767589569,0.3276906609535217,0.2879133522510528,0.2338133156299591,0.312135100364685,0.3344123363494873,0.1141110882163047,0.0695638954639434,0.1565898656845092,0.4777451753616333,0.0279140267521142,0.421997606754303,0.312135100364685,0.0650002211332321,0.421997606754303,0.1954120397567749
v_sign,0.0,0.0,0.0,-0.0651822388172149,-0.0499799251556396,-0.0549040399491786,-0.0949608087539672,-0.1216171383857727,-0.0887869894504547,-0.0348320305347442,-0.1764029860496521,-0.1196662187576294,0.029395043849945,-0.2182912826538086,-0.1451204866170883,-0.0613718330860137,-0.3109099268913269,-0.0623618513345718,-0.0830081701278686,-0.4626628160476684,-0.0965326651930809,-0.093467116355896,-0.5453382730484009,-0.1134078204631805,-0.100336343050003,-0.6219145059585571,-0.124432124197483,0.0069003701210021,-0.3115884661674499,-0.0625086650252342,0.0258522033691406,-0.4620782136917114,-0.1011231839656829,0.0425647497177124,-0.5566315650939941,-0.1185519695281982,0.0622649788856506,-0.6366623044013977,-0.1258755922317505,0.0611050128936767,-0.2652115225791931,-0.0682245641946792,0.0583295822143554,-0.3038578629493713,-0.1144930273294448,0.0281447768211364,-0.2178475856781005,-0.1142053753137588,0.0160441398620605,-0.163120150566101,-0.0996975675225257,0.0999987721443176,-0.1932239532470703,-0.0793941766023635,0.1023662686347961,-0.2307755351066589,-0.1101668998599052,0.0684404969215393,-0.1971692442893982,-0.1051829159259796,0.0491281747817993,-0.1660132408142089,-0.0935151502490043,0.3229868113994598,0.3178715407848358,0.2805807590484619,0.2316002696752548,0.3195227384567261,0.3357880413532257,0.115946888923645,0.0593939609825611,0.1632751375436782,0.4765121340751648,0.0337808467447757,0.4244642853736877,0.3195227384567261,0.0682757347822189,0.4244642853736877,0.2004508972167968
v_sign,0.0,0.0,0.0,-0.0669757425785064,-0.0571907758712768,-0.0581979900598526,-0.1038439273834228,-0.1013362407684326,-0.0902971252799034,-0.0449272692203521,-0.1521533131599426,-0.1157860085368156,0.0250859260559082,-0.1795953512191772,-0.1316214799880981,-0.0626458525657653,-0.2894432544708252,-0.0634825900197029,-0.0867019891738891,-0.4477543234825134,-0.0973357260227203,-0.0984540283679962,-0.5297001004219055,-0.111419178545475,-0.1050947606563568,-0.6071765422821045,-0.1218113675713539,0.0024736523628234,-0.2946046590805053,-0.0612855851650238,0.0231529474258422,-0.4453023076057434,-0.1157033443450927,0.0377498865127563,-0.5432327389717102,-0.14052514731884,0.0569580197334289,-0.6183298826217651,-0.1520498842000961,0.0475183725357055,-0.2461957931518554,-0.064298503100872,0.0526227951049804,-0.2785264253616333,-0.1162309721112251,0.0325230360031127,-0.1934236288070678,-0.1127470582723617,0.0268381834030151,-0.1478217840194702,-0.0955059975385665,0.0833553671836853,-0.167930006980896,-0.0730909034609794,0.0945118069648742,-0.2082178592681884,-0.1050852611660957,0.0763490796089172,-0.1606485843658447,-0.0986100882291793,0.0606057047843933,-0.1210758090019226,-0.0860427394509315,0.3028728067874908,0.3009218275547027,0.2588526010513305,0.2012234628200531,0.3258198499679565,0.3405946791172027,0.10525693744421,0.0536713451147079,0.1652267277240753,0.4748497903347015,0.0441038087010383,0.447066992521286,0.3258198499679565,0.0653606727719307,0.447066992521286,0.1901950240135193
v_sign,0.0,0.0,0.0,-0.0662364661693573,-0.0451401472091674,-0.0569621101021766,-0.1128266751766204,-0.0963274240493774,-0.0952539443969726,-0.0714291036128997,-0.1439522504806518,-0.1295138299465179,-6.520748138427734e-05,-0.1709141135215759,-0.1576884239912033,-0.0909055173397064,-0.2745253443717956,-0.0758591517806053,-0.1162742972373962,-0.4290551543235779,-0.1220491975545883,-0.1259620189666748,-0.5168869495391846,-0.1420597732067108,-0.131583034992218,-0.5995544195175171,-0.153705433011055,-0.0163862407207489,-0.288942277431488,-0.0757038593292236,-0.0023872256278991,-0.4330689311027527,-0.1305910795927047,0.0123072862625122,-0.521018385887146,-0.1499044299125671,0.0278418660163879,-0.6019284725189209,-0.1546025574207306,0.0458253622055053,-0.2507054805755615,-0.0807365775108337,0.0552272200584411,-0.246187150478363,-0.1386594027280807,0.0268447399139404,-0.1659677028656005,-0.1355171054601669,0.010070115327835,-0.1306743621826172,-0.1157288774847984,0.0936289429664611,-0.1849854588508606,-0.091053806245327,0.1083198189735412,-0.1824895143508911,-0.1256553083658218,0.0799645781517028,-0.1325415968894958,-0.1175051629543304,0.0556433796882629,-0.1028499603271484,-0.1018439680337905,0.2989692091941833,0.2991441488265991,0.2673417329788208,0.2264437973499298,0.336687684059143,0.3257936239242553,0.1300398707389831,0.0911349058151245,0.1594451069831848,0.473188579082489,0.0551716461777687,0.4483807682991028,0.336687684059143,0.0759012177586555,0.4483807682991028,0.2056726515293121
v_sign,0.0,0.0,0.0,-0.0569680035114288,-0.0461978912353515,-0.037397414445877,-0.0933374464511871,-0.1241270303726196,-0.068787857890129,-0.0529790818691253,-0.1696894168853759,-0.1019739806652069,0.018915981054306,-0.1888978481292724,-0.1344086527824401,-0.060453712940216,-0.2950775623321533,-0.0605447217822074,-0.0858803689479827,-0.4397546052932739,-0.1005568504333496,-0.0984866321086883,-0.5275698304176331,-0.1201322451233863,-0.1088714301586151,-0.6058321595191956,-0.1314976066350937,0.0099683105945587,-0.3008390069007873,-0.0719062462449073,0.0308322012424469,-0.452733039855957,-0.1126964166760444,0.0432351529598236,-0.5432553887367249,-0.1314281523227691,0.0528101623058319,-0.6245888471603394,-0.1381141394376754,0.0695606768131256,-0.2610875368118286,-0.086354911327362,0.0562013685703277,-0.2820919156074524,-0.1365174949169159,0.0248710215091705,-0.1938873529434204,-0.1376987993717193,0.0098425447940826,-0.1397157907485962,-0.1231385171413421,0.1194805800914764,-0.1980365514755249,-0.1038910150527954,0.1055761873722076,-0.2074702382087707,-0.1346040219068527,0.0712901055812835,-0.1509275436401367,-0.1251225024461746,0.0516121089458465,-0.1092925071716308,-0.1096918061375618,0.3072313368320465,0.3094737231731415,0.2836592197418213,0.2535496354103088,0.3224081397056579,0.3332159519195556,0.140179842710495,0.1118717342615127,0.162900373339653,0.4870034456253052,0.0533955693244934,0.4360875189304352,0.3224081397056579,0.0715649351477623,0.4360875189304352,0.2089789658784866
v_sign,0.0,0.0,0.0,-0.0599955320358276,-0.0387061834335327,-0.0517982542514801,-0.1011714339256286,-0.1126923561096191,-0.0887710750102996,-0.0661744177341461,-0.1577083468437194,-0.1252845078706741,0.0052740573883056,-0.1777268648147583,-0.158444806933403,-0.0726717412471771,-0.2790543437004089,-0.0705588236451149,-0.1014969050884246,-0.4291589260101318,-0.1167628318071365,-0.1129384934902191,-0.5166224241256714,-0.1369891017675399,-0.1199738085269928,-0.5951823592185974,-0.1479179263114929,0.0022903680801391,-0.2881898283958435,-0.0754382535815239,0.0190576612949371,-0.4380210041999817,-0.1248741671442985,0.0300364196300506,-0.5308704376220703,-0.1465022712945938,0.0407091379165649,-0.6129816770553589,-0.1536125987768173,0.0615293681621551,-0.2506604790687561,-0.0856118574738502,0.0410962104797363,-0.2629283666610718,-0.1459336429834365,0.0161267817020416,-0.1727651357650756,-0.1491515934467315,0.0091432332992553,-0.1214324235916137,-0.1327766627073288,0.1086557805538177,-0.1919712424278259,-0.0996872931718826,0.083960622549057,-0.1973264217376709,-0.1362241357564926,0.0530898869037628,-0.1446464657783508,-0.1298660188913345,0.0376454293727874,-0.1070384979248046,-0.1151909977197647,0.2968687713146209,0.2979086339473724,0.2719300091266632,0.2420673370361328,0.3288751244544983,0.336269199848175,0.1472029685974121,0.1117873266339302,0.1617660522460937,0.4930022358894348,0.0364529266953468,0.4359666705131531,0.3288751244544983,0.0756741985678672,0.4359666705131531,0.2032525539398193
v_sign,0.0,0.0,0.0,-0.066278725862503,-0.0291131734848022,-0.0545467995107173,-0.1137984693050384,-0.0806851387023925,-0.098500370979309,-0.0934890210628509,-0.1164451837539672,-0.1407377421855926,-0.0284887850284576,-0.1368149518966674,-0.1803970634937286,-0.0932020545005798,-0.2559525966644287,-0.0861516371369361,-0.1285254061222076,-0.3993934988975525,-0.1391130685806274,-0.1455367505550384,-0.4822589159011841,-0.1650483459234237,-0.1523476541042328,-0.5590677261352539,-0.1800115257501602,-0.0266928970813751,-0.267585813999176,-0.0901289731264114,-0.0161624550819396,-0.4127134084701538,-0.1422276049852371,-0.0039283335208892,-0.5010294914245605,-0.1626856029033661,0.0104740560054779,-0.5908637046813965,-0.1700337678194046,0.0302643477916717,-0.2307464480400085,-0.0984210669994354,0.0097477138042449,-0.2554638385772705,-0.1569084078073501,-0.0134406089782714,-0.174220323562622,-0.1567823141813278,-0.0149636566638946,-0.1325987577438354,-0.1409681588411331,0.0715924203395843,-0.1670308113098144,-0.1111694201827049,0.037087857723236,-0.163008451461792,-0.1484631150960922,0.0058079063892364,-0.1096577644348144,-0.1409646868705749,-4.32133674621582e-06,-0.0740492343902587,-0.1263494938611984,0.28569296002388,0.28361576795578,0.2526787519454956,0.2130338102579116,0.3227795958518982,0.3350742757320404,0.1161412820219993,0.1183304786682128,0.1661970317363739,0.4598898589611053,0.0621734149754047,0.4400438070297241,0.3227795958518982,0.0676359310746193,0.4400438070297241,0.1889184862375259
v_sign,0.0,0.0,0.0,-0.051618218421936,-0.0396968126296997,-0.0422141999006271,-0.0931859016418457,-0.100077748298645,-0.0732040256261825,-0.066356748342514,-0.1360096931457519,-0.0998936370015144,-0.0079672634601593,-0.1565463542938232,-0.128556340932846,-0.0806179642677307,-0.2727129459381103,-0.0735169798135757,-0.1093773245811462,-0.4058537483215332,-0.1082876995205879,-0.1260843276977539,-0.4910479784011841,-0.129128560423851,-0.1359023749828338,-0.569022536277771,-0.1453176438808441,-0.0147826969623565,-0.2818762063980102,-0.081873245537281,-0.0015861690044403,-0.4301290512084961,-0.1138248890638351,0.0100704133510589,-0.5285298228263855,-0.1357554197311401,0.0211546719074249,-0.6153766512870789,-0.1503749191761016,0.0416507124900817,-0.244427740573883,-0.0928218066692352,0.0678856968879699,-0.3483990430831909,-0.1307432502508163,0.0815623998641967,-0.4263812303543091,-0.1570205241441726,0.0958853363990783,-0.4969505667686462,-0.1740661859512329,0.0847582519054412,-0.1808766722679138,-0.1059745773673057,0.0766416192054748,-0.1916038393974304,-0.1426822394132614,0.0566834509372711,-0.1684827804565429,-0.1537790596485138,0.0484117269515991,-0.1484583020210266,-0.159767672419548,0.2937283515930176,0.2938978672027588,0.2647557258605957,0.2261215299367904,0.3098565340042114,0.3423543870449066,0.2707578539848327,0.0725652575492858,0.1638328284025192,0.1420235335826873,0.3520014882087707,0.4321862161159515,0.3098565340042114,0.0669930949807167,0.4321862161159515,0.1919288635253906
v_sign,0.0,0.0,0.0,-0.0560792088508605,-0.0391634702682495,-0.0342589244246482,-0.1022499203681945,-0.1159318685531616,-0.0636342987418174,-0.0771219432353973,-0.1639912128448486,-0.0952448695898056,-0.0211651623249053,-0.1850765943527221,-0.1263003647327423,-0.0780637562274932,-0.2879083156585693,-0.0543797649443149,-0.1075476109981536,-0.4245491623878479,-0.0925135314464569,-0.1228397190570831,-0.5093446969985962,-0.1117322593927383,-0.1313702464103698,-0.5813544988632202,-0.1229444593191146,-0.0110646784305572,-0.2892146110534668,-0.0675512254238128,-0.0004161298274993,-0.4384222030639648,-0.1100464314222335,0.0064598619937896,-0.5388288497924805,-0.1340436041355133,0.0146420300006866,-0.6282963156700134,-0.1433101594448089,0.0488394498825073,-0.2503101825714111,-0.0830014869570732,0.0138439536094665,-0.2841302156448364,-0.1364509165287017,-0.0186630487442016,-0.2074429988861084,-0.1440968960523605,-0.0284502506256103,-0.1571164727210998,-0.1328486800193786,0.0977748930454254,-0.1913527846336364,-0.1006349325180053,0.0505950450897216,-0.1983993649482727,-0.1374848037958145,0.0148677825927734,-0.1443694233894348,-0.1327575296163559,0.0046983063220977,-0.10319584608078,-0.1190671622753143,0.3032198846340179,0.2972047924995422,0.2681971788406372,0.2372829765081405,0.3060283958911896,0.3483915328979492,0.1309332102537155,0.1295169591903686,0.1547186970710754,0.4732619225978851,0.0647780150175094,0.4113303124904632,0.3060283958911896,0.0682940036058425,0.4113303124904632,0.2058682590723037
v_sign,0.0,0.0,0.0,-0.048415333032608,-0.0487525463104248,-0.0320571362972259,-0.0803088992834091,-0.1366903781890869,-0.0598208047449588,-0.0446068346500396,-0.1875659227371215,-0.0910707935690879,0.0111019313335418,-0.2149648666381836,-0.121741883456707,-0.033668428659439,-0.3134241700172424,-0.043349128216505,-0.0627116560935974,-0.4452942609786987,-0.0800248309969902,-0.0783138126134872,-0.5301156044006348,-0.1005007177591323,-0.0852780938148498,-0.6038327217102051,-0.1131423041224479,0.0331343710422515,-0.3090422749519348,-0.0578178130090236,0.0408503115177154,-0.4612343311309814,-0.0997267141938209,0.0451045036315918,-0.5633523464202881,-0.1254857778549194,0.0535387694835662,-0.6505088210105896,-0.1360634416341781,0.0919751226902008,-0.2657716274261474,-0.0750729814171791,0.0549422204494476,-0.3061283826828003,-0.1309588551521301,0.0118525326251983,-0.2130370736122131,-0.1369214355945587,-0.0059574842453002,-0.1474725604057312,-0.1227057427167892,0.1405580639839172,-0.2022326588630676,-0.0944463536143302,0.089445948600769,-0.2234014868736267,-0.1342174261808395,0.0433904528617858,-0.1609235405921936,-0.1288586258888244,0.0230093002319335,-0.1098013520240783,-0.1133642047643661,0.3181940019130707,0.3161453902721405,0.2910840511322021,0.2637702226638794,0.3031035959720611,0.3509104251861572,0.1607928723096847,0.150728702545166,0.1482368260622024,0.5067185759544373,0.048429936170578,0.4007259607315063,0.3031035959720611,0.0684920251369476,0.4007259607315063,0.2129068970680236
v_sign,0.0,0.0,0.0,-0.053171157836914,-0.0520128011703491,-0.0321653559803962,-0.0900467634201049,-0.1454771161079406,-0.0542024485766887,-0.0500460863113403,-0.2087932825088501,-0.0792830437421798,0.0077926814556121,-0.2518292665481567,-0.1013660654425621,-0.0390119850635528,-0.3352994918823242,-0.0254372488707304,-0.0673435032367706,-0.4685216546058655,-0.0581476166844368,-0.0821105986833572,-0.5527673959732056,-0.0768057480454444,-0.0877774953842163,-0.6271442770957947,-0.0894003063440322,0.0277099311351776,-0.336377739906311,-0.0380682982504367,0.0333976745605468,-0.4841039180755615,-0.0783664062619209,0.0343879461288452,-0.5849372148513794,-0.1046758815646171,0.0406806766986846,-0.6728600263595581,-0.1165877059102058,0.085789531469345,-0.2946956157684326,-0.0550117194652557,0.0592599511146545,-0.3320568799972534,-0.1115085557103157,0.0160442292690277,-0.2381221652030944,-0.1195564791560173,-0.0041746795177459,-0.1718027591705322,-0.1078062504529953,0.1328705847263336,-0.2275126576423645,-0.0745195150375366,0.084309697151184,-0.239940345287323,-0.1171229556202888,0.0313525795936584,-0.1798234581947326,-0.1167615726590156,0.0020480751991271,-0.1310967206954956,-0.1053598895668983,0.3385184407234192,0.3396572172641754,0.3118198812007904,0.2738060653209686,0.3027254939079284,0.345765620470047,0.1611939072608947,0.1654136925935745,0.1390344798564911,0.5031376481056213,0.0412515327334404,0.3874767124652862,0.3027254939079284,0.0679155364632606,0.3874767124652862,0.2087359279394149
v_sign,0.0,0.0,0.0,-0.0561344176530838,-0.0564960241317749,-0.029608741402626,-0.0945309996604919,-0.1500892639160156,-0.0518157817423343,-0.0596097111701965,-0.2129733562469482,-0.0784387961030006,-0.0026822984218597,-0.2528145313262939,-0.1027362272143364,-0.0391227304935455,-0.3465691208839416,-0.0220435988157987,-0.069157600402832,-0.4789671897888183,-0.0544287748634815,-0.0842838883399963,-0.5624775886535645,-0.073545828461647,-0.0895402729511261,-0.6360211968421936,-0.0861434787511825,0.0250055193901062,-0.3452305197715759,-0.0364746525883674,0.0291539132595062,-0.4919405579566955,-0.0762035176157951,0.0291064977645874,-0.5925524234771729,-0.1027129292488098,0.0358273983001709,-0.6803303956985474,-0.1152391135692596,0.081017255783081,-0.3039779663085937,-0.0552778989076614,0.0569154620170593,-0.3410466313362121,-0.1089910790324211,0.0167091488838195,-0.2463611960411071,-0.1162469685077667,-0.0012720525264739,-0.1773872375488281,-0.1048013493418693,0.1274486780166626,-0.2401572465896606,-0.076900690793991,0.0874711573123931,-0.258414626121521,-0.1141357570886612,0.0383269488811492,-0.1967353224754333,-0.1112057492136955,0.0108808279037475,-0.1444195508956909,-0.0992258414626121,0.3494662642478943,0.3480514287948608,0.3194089233875274,0.2825462520122528,0.3007211685180664,0.3444021940231323,0.1589003354310989,0.1524866670370102,0.1361135989427566,0.5044176578521729,0.0355759337544441,0.3932772278785705,0.3007211685180664,0.0657455697655677,0.3932772278785705,0.2051312327384948
v_sign,0.0,0.0,0.0,-0.0543520450592041,-0.0592216253280639,-0.028122054412961,-0.0911386609077453,-0.155019998550415,-0.0494167655706405,-0.0543822050094604,-0.2203772068023681,-0.0749173238873481,0.0038402080535888,-0.2630985379219055,-0.0982748791575431,-0.0325287580490112,-0.3470284938812256,-0.0238377880305051,-0.0624179989099502,-0.4800161123275757,-0.0567984543740749,-0.0777966082096099,-0.5632551908493042,-0.0758254379034042,-0.0842916369438171,-0.6372688412666321,-0.0881009995937347,0.0310046970844268,-0.3456965088844299,-0.037860844284296,0.0360188782215118,-0.4964127540588379,-0.0770765393972396,0.0356347262859344,-0.5980899333953857,-0.1017549261450767,0.0411190092563629,-0.6841174364089966,-0.1127967163920402,0.0872578918933868,-0.3056789040565491,-0.0560829080641269,0.0550803244113922,-0.3415452241897583,-0.1082808673381805,0.0123562514781951,-0.2532631754875183,-0.1166797801852226,-0.0051667392253875,-0.1857869029045105,-0.1066053062677383,0.1340025961399078,-0.2445114254951477,-0.0769576057791709,0.0839819014072418,-0.2521544098854065,-0.112857662141323,0.0309278070926666,-0.1926142573356628,-0.1116852536797523,0.0045409798622131,-0.1425220966339111,-0.1015268117189407,0.3493638932704925,0.3491429686546325,0.3227984309196472,0.2892490327358246,0.3017426133155823,0.3467656373977661,0.1595898419618606,0.166630670428276,0.1361341178417205,0.5005137920379639,0.0446304194629192,0.3845440745353699,0.3017426133155823,0.0650762617588043,0.3845440745353699,0.2026429325342178
v_sign,0.0,0.0,0.0,-0.0503837019205093,-0.0668097734451294,-0.0269272271543741,-0.0825562626123428,-0.1600401401519775,-0.0496369861066341,-0.0497550219297409,-0.2215167880058288,-0.0771707445383071,0.0056402683258056,-0.2596817016601562,-0.1028245240449905,-0.0309337824583053,-0.3448327779769897,-0.0245099905878305,-0.0600045621395111,-0.482966661453247,-0.0586458817124366,-0.0772496908903122,-0.5663331747055054,-0.0789606422185897,-0.0869515687227249,-0.6396900415420532,-0.0910793021321296,0.0331244021654129,-0.3432842493057251,-0.0391052030026912,0.0318732410669326,-0.4954996109008789,-0.0781123712658882,0.0314957052469253,-0.5949108600616455,-0.1022044345736503,0.035945788025856,-0.6793539524078369,-0.1125478520989418,0.0915855020284652,-0.3054754137992859,-0.0577353164553642,0.0549216717481613,-0.3395572900772095,-0.1095389947295188,0.0124655812978744,-0.2511982917785644,-0.1169445738196373,-0.0073975026607513,-0.182551622390747,-0.1059582754969596,0.1413529068231582,-0.247149109840393,-0.0788581743836402,0.0911779254674911,-0.2608287930488586,-0.1113782599568367,0.037838414311409,-0.2033140063285827,-0.1062356904149055,0.0087834894657135,-0.1520866155624389,-0.093558944761753,0.3470839560031891,0.3470886349678039,0.3240933418273926,0.2954351603984833,0.3074252009391784,0.3440125584602356,0.1650252938270568,0.1637914627790451,0.1309117525815963,0.4987330436706543,0.0366563014686107,0.3913023471832275,0.3074252009391784,0.0657181069254875,0.3913023471832275,0.2053741067647934
v_sign,0.0,0.0,0.0,-0.0503853559494018,-0.0737749338150024,-0.0188245680183172,-0.0839373171329498,-0.1708284616470337,-0.0362669453024864,-0.0570695400238037,-0.2286480665206909,-0.0609832629561424,-0.0003264248371124,-0.2550392150878906,-0.0835707411170005,-0.0334040820598602,-0.3534398078918457,-0.01097540743649,-0.0651903450489044,-0.4864885807037353,-0.041770190000534,-0.0809473097324371,-0.5712497234344482,-0.0596980303525924,-0.0878193378448486,-0.6471750736236572,-0.0712151229381561,0.0317943543195724,-0.3550133109092712,-0.0298594832420349,0.0283644050359725,-0.4995175004005432,-0.0705709904432296,0.0266930609941482,-0.6025807857513428,-0.096857450902462,0.0303086936473846,-0.6904921531677246,-0.1078737750649452,0.0929080843925476,-0.3181482553482055,-0.0523243099451065,0.0505250990390777,-0.340057373046875,-0.1043590828776359,0.0067472904920578,-0.2451404929161071,-0.1105744689702987,-0.0143462419509887,-0.1736625432968139,-0.0975115224719047,0.1452168226242065,-0.2579637169837951,-0.0769760310649871,0.0878824889659881,-0.2618616819381714,-0.1073104292154312,0.0335779190063476,-0.2023249864578247,-0.1010159328579902,0.0046563148498535,-0.1500847339630127,-0.0871640443801879,0.3551844358444214,0.3576827347278595,0.3355414271354675,0.3058733642101288,0.3047462403774261,0.3444335758686065,0.1855303049087524,0.1774793714284896,0.1310513466596603,0.5188586711883545,0.032001256942749,0.4019679427146911,0.3047462403774261,0.0678963959217071,0.4019679427146911,0.2130192369222641
v_sign,0.0,0.0,0.0,-0.0519123971462249,-0.0680863857269287,-0.0234160721302032,-0.0877700299024581,-0.1632114052772522,-0.0443086437880992,-0.0640350580215454,-0.2264646291732788,-0.0720379948616027,-0.0089083015918731,-0.2614230513572693,-0.0974922403693199,-0.0345816016197204,-0.3550238609313965,-0.0130302552133798,-0.0640342831611633,-0.4932923316955566,-0.0455429889261722,-0.0802323222160339,-0.5772501230239868,-0.0646738111972808,-0.0879914760589599,-0.652138352394104,-0.0768853053450584,0.0301720798015594,-0.3560153245925903,-0.0312847532331943,0.0296184420585632,-0.5064820051193237,-0.0710022896528244,0.0263627171516418,-0.6100970506668091,-0.0973903313279151,0.0275461226701736,-0.6976556777954102,-0.109182208776474,0.0904656946659088,-0.3194758296012878,-0.0540809594094753,0.0487928241491317,-0.350675880908966,-0.1074560582637786,0.0068900883197784,-0.2622873187065124,-0.1166872009634971,-0.012097880244255,-0.1925841569900512,-0.1065376624464988,0.1409862339496612,-0.2608054876327514,-0.0794792398810386,0.080704778432846,-0.260873794555664,-0.1138404160737991,0.0251835733652114,-0.2033930420875549,-0.1119812130928039,-0.0049211382865905,-0.1536879539489746,-0.1015140190720558,0.3569420576095581,0.3586586117744446,0.3364128470420837,0.3069422841072082,0.3085565268993377,0.350418359041214,0.1713840365409851,0.1823421418666839,0.1283115297555923,0.5066319108009338,0.0398705080151557,0.3991706967353821,0.3085565268993377,0.0672848373651504,0.3991706967353821,0.2100396007299423
v_sign,0.0,0.0,0.0,-0.0549541562795639,-0.0767791271209716,-0.0175130814313888,-0.086939737200737,-0.1749831438064575,-0.0346416942775249,-0.0633788853883743,-0.2325746417045593,-0.0591185949742794,-0.0148404091596603,-0.2628246545791626,-0.0821786895394325,-0.028842806816101,-0.3590396642684936,-0.008325770497322,-0.0604583770036697,-0.4921870231628418,-0.0393496342003345,-0.077084332704544,-0.5747567415237427,-0.0582500807940959,-0.085765317082405,-0.6494109034538269,-0.0699674263596534,0.0338295847177505,-0.3617590665817261,-0.0267882347106933,0.0280456990003585,-0.506163477897644,-0.0657342299818992,0.0245985239744186,-0.6079373359680176,-0.0922080874443054,0.0245389342308044,-0.6967653632164001,-0.1036508157849311,0.0921727865934372,-0.329813539981842,-0.0487949959933757,0.0427266061305999,-0.3533744215965271,-0.0990829542279243,0.0017179250717163,-0.2626288533210754,-0.1081198751926422,-0.0190439075231552,-0.1916322708129882,-0.0979622229933738,0.1419961601495742,-0.2748399972915649,-0.0729178786277771,0.0779923647642135,-0.2676212191581726,-0.1034933626651763,0.0249395072460174,-0.2044565081596374,-0.099907748401165,-0.0053040832281112,-0.1497659683227539,-0.088181734085083,0.36029252409935,0.3643235862255096,0.3459100127220154,0.3178316354751587,0.3022504448890686,0.3438362777233124,0.1840669214725494,0.1938397735357284,0.1246757581830024,0.5070416927337646,0.0451356619596481,0.393228143453598,0.3022504448890686,0.065391793847084,0.393228143453598,0.2011160850524902
v_sign,0.0,0.0,0.0,-0.0571854412555694,-0.0728459358215332,-0.017725383862853,-0.0940863639116287,-0.1751187443733215,-0.0326199121773242,-0.0726509690284729,-0.2322080135345459,-0.054082378745079,-0.0219324678182601,-0.2556223273277282,-0.074158988893032,-0.0324707180261611,-0.3570024967193603,-0.0085986014455556,-0.0650150626897811,-0.4868456125259399,-0.0383225455880165,-0.0809729099273681,-0.5670908689498901,-0.056931834667921,-0.08976911008358,-0.6402942538261414,-0.069410040974617,0.0290067940950393,-0.3600659966468811,-0.0254675410687923,0.0201154649257659,-0.5057076811790466,-0.0622355639934539,0.0130192190408706,-0.6059629917144775,-0.0887519940733909,0.0109752714633941,-0.6938599348068237,-0.1013195514678955,0.0863877683877945,-0.3277561664581299,-0.0456992834806442,0.0355449020862579,-0.3580213785171509,-0.0933180153369903,-0.0082620680332183,-0.2760777473449707,-0.1043660193681716,-0.0303721874952316,-0.2113031148910522,-0.0971160531044006,0.1344254165887832,-0.2733032703399658,-0.068078875541687,0.0658187419176101,-0.2618859410285949,-0.0988514646887779,0.0143332034349441,-0.1991419792175293,-0.0987913683056831,-0.0123408436775207,-0.1455957889556884,-0.0902610123157501,0.3585792183876037,0.3621291518211365,0.3420166373252868,0.3120891153812408,0.2953563034534454,0.3427784442901611,0.1727364510297775,0.1958100646734237,0.1184775605797767,0.4843432605266571,0.0684804618358612,0.3906364738941192,0.2953563034534454,0.0638234317302703,0.3906364738941192,0.1959535330533981
